"","var","importance","mean","sd","min","q25","med","q75","max"
"1","log_depth",10.08,0.950993561705364,0.00298606854290945,0.946075349042558,0.95024088239677,0.95257073389891,0.952891531541308,0.953189311647273
"2","brick_tbtm",15.08,0.926723461999362,0.00354709869032288,0.920648145352757,0.926497058254068,0.928536338366107,0.92891532737118,0.9290204406527
"3","brick_mld",24.8,0.87945503506792,0.00291091005492244,0.877024184733498,0.877143924904798,0.87790027911195,0.882155207659956,0.883051578929399
"4","brick_sss",16.91,0.917816354924021,0.00565186473392747,0.912085784955738,0.914100225119118,0.915997363240394,0.920769777743574,0.926128623561283
"5","brick_sbtm",9.27,0.954943362723499,0.00284249218113615,0.951359173473278,0.952603945771779,0.956214020146875,0.956386596916598,0.958153077308968
"6","gseal",17.12,0.916798800101079,0.00295861299704112,0.91314974335571,0.914494656619892,0.917231687881706,0.918864494456378,0.920253418191707
"7","hseal",6.73,0.967296532090127,0.00198134113661393,0.96559427382827,0.965914072881729,0.966309714580994,0.968429119972797,0.970235479186845
