"","var","importance","mean","sd","min","q25","med","q75","max"
"1","brick_sst",16.98,0.850347136225446,0.0659186284600304,0.752385086931426,0.83027393685674,0.856862992903104,0.882433829717001,0.92977983471896
"2","dfs",67.49,0.405377181174182,0.119579623140698,0.258954352566381,0.309498921244361,0.420860506576017,0.501437036620323,0.536135088863826
"3","vel_mag",5.42,0.952236805664035,0.0058577017204817,0.945992318471434,0.948924247005448,0.949277497709939,0.958181173100074,0.958808792033283
"4","brick_xbtm",10.11,0.910940055772182,0.0106118710979523,0.897094906688929,0.902902666891802,0.913644786257927,0.919314516672566,0.921743402349687
