"","var","importance","mean","sd","min","q25","med","q75","max"
"1","brick_sst",57.34,0.160518687861546,0.0373791743422468,0.126043662185869,0.13341849007031,0.147143799653197,0.179578867542702,0.216408619855653
"2","dfs",30.01,0.560657431292755,0.0231373008888335,0.538779988564785,0.541018206408613,0.553122081831429,0.582252106146194,0.588114773512753
"3","vel_mag",5.93,0.913148845399859,0.00553707584034074,0.90553815581298,0.909224448522849,0.915178532811287,0.917808238845725,0.917994851006452
"4","brick_xbtm",6.72,0.90156577043886,0.0113525704391281,0.884784525137787,0.899650057118043,0.900863999702243,0.906704683474358,0.915825586761868
