"","var","importance","mean","sd","min","q25","med","q75","max"
"1","brick_sst",71.79,0.0194913777307781,0.0450277287658433,-0.0290158568092056,-0.00974516545765178,0.00750600815837797,0.0452124257202347,0.0834994770421352
"2","dfs",7.09,0.903207243975635,0.00393426558585586,0.897215961099504,0.902010716428468,0.903445965193922,0.906243196559538,0.907120380596746
"3","vel_mag",21.13,0.711445639710801,0.0187911065395253,0.690592261486031,0.691379564161475,0.721792458872055,0.726225840310424,0.727238073724018
"4","brick_xbtm",0,1,0,1,1,1,1,1
