"","var","importance","mean","sd","min","q25","med","q75","max"
"1","log_depth",10.5,0.964050834139564,0.00402453226678444,0.958981005434311,0.960659011393657,0.965900707273766,0.966284347814285,0.968429098781803
"2","brick_tbtm",11.64,0.960162755588686,0.00289283189090546,0.957986552229762,0.958229264683356,0.958676045371348,0.961072906132009,0.964849009526953
"3","brick_mld",14.84,0.949202271676298,0.00692860130922173,0.940791972652251,0.94571602905155,0.946740861099171,0.956357699902492,0.956404795676028
"4","brick_sss",13.46,0.953938733407593,0.00710818903287265,0.94134386461484,0.955834397630529,0.956477362363485,0.957755384718207,0.958282657710906
"5","brick_sbtm",11.24,0.9615375761426,0.00477636860187376,0.956474337615307,0.958778128068839,0.960854791000959,0.96252181620584,0.969058807822058
"6","gseal",7.52,0.974242807434521,0.00580368443445308,0.966272451470204,0.970380099412807,0.975658611429337,0.979352012116643,0.979550862743611
"7","hseal",30.81,0.894537563288621,0.0137718160004231,0.876823235245281,0.885557821633547,0.898074230505155,0.899651830071515,0.912580698987606
