"","var","importance","mean","sd","min","q25","med","q75","max"
"1","log_depth",6.42,0.979461670269775,0.003625326142563,0.976283499968964,0.97718651216214,0.977653384899773,0.981135510836978,0.985049443481022
"2","brick_tbtm",7.93,0.97463006045928,0.00532340083442169,0.967986786603303,0.972716041034129,0.973773987364971,0.976133679997273,0.982539807296726
"3","brick_mld",33.51,0.892773994061987,0.0154015705009333,0.877509528743619,0.88240633033293,0.888020709027254,0.900089178337852,0.915844223868279
"4","brick_sss",11.13,0.964396107300495,0.0113709678639239,0.947258908402908,0.959038752634907,0.967858712457955,0.972986435500316,0.974837727506388
"5","brick_sbtm",4.6,0.985281353810447,0.00158629262883406,0.98344950337039,0.983662573633425,0.986207193541211,0.986394236371146,0.986693262136065
"6","gseal",3.44,0.98898220813928,0.00226458169051718,0.986663760901287,0.987424996705078,0.988059747610525,0.990962156462423,0.991800379017085
"7","hseal",32.97,0.894505654277315,0.0116728806450131,0.877886621085164,0.89028668640532,0.8944064516223,0.900984298423554,0.908964213850239
