"","var","importance","mean","sd","min","q25","med","q75","max"
"1","log_depth",0.23,0.996406439104058,0.000749712866872629,0.995462296208388,0.996096198271341,0.996129967685465,0.997093040401864,0.99725069295323
"2","brick_tbtm",1.68,0.973607071938029,0.00457559947447064,0.966070609381888,0.97285084712876,0.975356186803644,0.975902711416765,0.977855004959086
"3","brick_mld",32.56,0.488742121784978,0.0600532030398918,0.396640068511724,0.478218636019643,0.486571524203032,0.528175040801045,0.554105339389445
"4","brick_sss",2.21,0.965238561125098,0.00497926500387125,0.959906392179132,0.961684010180356,0.963600965452088,0.970353863199896,0.970647574614018
"5","brick_sbtm",0,0.99999638424814,5.1235612751253e-07,0.999995948544007,0.999996078574903,0.999996206902733,0.999996447829399,0.999997239389658
"6","gseal",11.92,0.812907476667106,0.0306836014784451,0.774449530394358,0.79283472062143,0.81345924371594,0.831824171158631,0.851969717445171
"7","hseal",51.4,0.192999213980281,0.0388954572454054,0.144205618865129,0.158730494413646,0.214044295093519,0.215936206284068,0.232079455245041
