"","var","importance","mean","sd","min","q25","med","q75","max"
"1","brick_sst",20.89,0.83308291181862,0.0138366795715028,0.81546005779064,0.82233876105496,0.835802752097926,0.844578527277824,0.847234460871751
"2","dfs",77.75,0.378833349271967,0.0620992565752303,0.27440910991825,0.368471027986726,0.414344274570585,0.416220366318695,0.420721967565578
"3","vel_mag",1.36,0.989172380624735,0.000721346833884012,0.987960024620564,0.989263647511577,0.989335891502866,0.989408255722328,0.98989408376634
"4","brick_xbtm",0,1,0,1,1,1,1,1
