"","var","importance","mean","sd","min","q25","med","q75","max"
"1","log_depth",8.02,0.956069184519571,0.00162328384399721,0.954626254646265,0.955070076551743,0.955235304162073,0.956870853618531,0.958543433619243
"2","brick_tbtm",20.67,0.886745021197128,0.0035583900641049,0.883331575609298,0.883373215427365,0.886389418565048,0.889314068298927,0.891316828085
"3","brick_mld",10.47,0.942645438271403,0.00240299830376252,0.940802621121885,0.94095907998582,0.941475141935026,0.943504249427784,0.946486098886501
"4","brick_sss",36.02,0.802667766386751,0.00482386060572517,0.799097601001938,0.800077015269218,0.800182872539649,0.80311312487476,0.810868218248188
"5","brick_sbtm",4.92,0.973067179418153,0.00136131603119385,0.971564296610351,0.972001918631797,0.972821749806809,0.97445211099039,0.97449582105142
"6","gseal",13.82,0.924315725691754,0.00268370214194036,0.920761398123932,0.923417547716861,0.923814778510777,0.925598767507417,0.927986136599785
"7","hseal",6.08,0.966676644793804,0.000451872682163657,0.966155460051822,0.966409346284069,0.966591388620139,0.966907729730482,0.96731929928251
