"","var","importance","mean","sd","min","q25","med","q75","max"
"1","log_depth",34.86,0.773639746569768,0.00297182189815246,0.771043719809502,0.771950936531278,0.77219955402173,0.774595256759033,0.778409265727295
"2","brick_tbtm",20.85,0.864652958480619,0.00348591643523076,0.861222453574359,0.861533643812963,0.865012084676445,0.865771356537222,0.869725253802106
"3","brick_mld",20.44,0.867272807620695,0.00165060814483793,0.866186538071223,0.866294492028164,0.86644743044927,0.86732069223513,0.870114885319688
"4","brick_sss",18.58,0.879365466135121,0.00644679265033808,0.870787937744786,0.878407876616384,0.879006327138832,0.879693263994574,0.888931925181032
"5","brick_sbtm",0.11,0.999297420313072,3.63737608656512e-05,0.999256207577389,0.999277127953116,0.999285844964361,0.999320220664577,0.999347700405917
"6","gseal",0.56,0.996358798422969,9.16965227960008e-05,0.996261384911257,0.99628190942545,0.996354110734382,0.996415195341521,0.996481391702236
"7","hseal",4.6,0.970147077720758,0.000689884842920827,0.969459796147408,0.969691451388736,0.969861747369061,0.97061374240763,0.971108651290953
