"","var","importance","mean","sd","min","q25","med","q75","max"
"1","brick_sst",6.84,0.922775050083333,0.0110628759373764,0.911831357486921,0.91270335845598,0.920805157108295,0.933878103097867,0.934657274267601
"2","dfs",92.17,-0.0412315628021755,0.0589037236853064,-0.0938222425583795,-0.0719853584985263,-0.0680292517858301,-0.0272898787125141,0.0549689175443727
"3","vel_mag",1,0.988734982511979,0.00331918018732547,0.985530993722711,0.985909465718578,0.987748840686825,0.991898851874855,0.992586760556925
"4","brick_xbtm",0,1,0,1,1,1,1,1
