"","var","importance","mean","sd","min","q25","med","q75","max"
"1","log_depth",9.59,0.939495550230134,0.000625685566326989,0.93856514917287,0.939310400602995,0.939632373291458,0.939694803054593,0.940275025028756
"2","brick_tbtm",6.59,0.958430881510847,0.00115650516563808,0.956913393473514,0.957536940441746,0.95888490570035,0.959158325889789,0.959660842048835
"3","brick_mld",17.81,0.887670692685185,0.00272013735783466,0.884155393345698,0.886880571071371,0.886897585677195,0.888960646896698,0.891459266434966
"4","brick_sss",49.84,0.685593409202322,0.00580162406888385,0.677473812003257,0.684181219431017,0.684568892769714,0.688641558209549,0.693101563598073
"5","brick_sbtm",4.84,0.969466135642014,0.000931687377427369,0.968068255087778,0.969145390478256,0.96951158401982,0.970220897628987,0.970384550995229
"6","gseal",2.19,0.986158295764563,0.000211770257983875,0.985870122884486,0.986018125257172,0.986213674431917,0.986299628093113,0.986389928156125
"7","hseal",9.14,0.942353630107114,0.00250147008457752,0.939503845714678,0.941184646582399,0.942180276466811,0.942616030106023,0.946283351665658
