"","var","importance","mean","sd","min","q25","med","q75","max"
"1","log_depth",71.95,-0.217987048606275,0.0144641147721975,-0.235775656531766,-0.229590408664564,-0.214239114550961,-0.209797238473505,-0.200532824810578
"2","brick_tbtm",12.31,0.791652717867573,0.0021882243304987,0.789302051223433,0.789959779133933,0.79116539433392,0.793557984441614,0.794278380204967
"3","brick_mld",2.79,0.952826466027414,0.00170551693773369,0.950001914720846,0.953044437303262,0.953156481906388,0.953290482617677,0.954639013588899
"4","brick_sss",1.14,0.980636985762004,0.000532536224183557,0.979895657926332,0.9803740216362,0.980741778280827,0.980862982122237,0.981310488844424
"5","brick_sbtm",2.29,0.961186395174888,0.000549051999524512,0.960334447337484,0.961040853284206,0.961229192919542,0.96163839560915,0.961689086724056
"6","gseal",1.43,0.975732833900633,0.000322404537495104,0.975231371489544,0.975724684492377,0.975726161754785,0.975866620150127,0.976115331616333
"7","hseal",8.08,0.863206767357928,0.0026404975609716,0.859803012555525,0.861309024361107,0.864209077122106,0.864248254770154,0.866464467980749
