"","var","importance","mean","sd","min","q25","med","q75","max"
"1","log_depth",9.81,0.879699255257648,0.00396934557779372,0.874813534897782,0.878013187430138,0.878083232262035,0.883494771168076,0.88409155053021
"2","brick_tbtm",9.71,0.880938204138469,0.00117511792316109,0.880044164052452,0.880301959139547,0.880419047097022,0.880975539104209,0.882950311299116
"3","brick_mld",22.86,0.719685369080445,0.00795741210544076,0.711295881948061,0.711474104205968,0.721573677677607,0.725685205961563,0.728397975609025
"4","brick_sss",16.81,0.793898546734406,0.00637196063421827,0.786858133001959,0.787461727915032,0.796211999616272,0.798112881312296,0.80084799182647
"5","brick_sbtm",10,0.877459507027284,0.00310512754617981,0.873530923488644,0.875849594507,0.877238254281002,0.878941995398425,0.88173676746135
"6","gseal",15.26,0.812872704795664,0.00291826229493189,0.81038950174965,0.810792107838482,0.811072831054962,0.815851907785646,0.816257175549582
"7","hseal",15.54,0.809479705428372,0.00446258931606562,0.803630933270601,0.806077895666984,0.810701033150777,0.813218411047229,0.813770254006267
