"","var","importance","mean","sd","min","q25","med","q75","max"
"1","log_depth",12.45,0.850946331240127,0.00400006742790476,0.844962353214879,0.849139144400314,0.851854226213462,0.85393284809872,0.854843084273259
"2","brick_tbtm",10.17,0.878167962085015,0.00609023177606978,0.874261027467184,0.874651856042481,0.875287328206047,0.877872063747859,0.888767534961507
"3","brick_mld",2.91,0.965138827972888,0.00210417711416826,0.961664627024518,0.964699003704091,0.966081171879679,0.966357020771568,0.966892316484585
"4","brick_sss",4.34,0.948000485947417,0.00230302347372926,0.945061950812386,0.946860628466251,0.947614300084435,0.949469219476576,0.950996330897438
"5","brick_sbtm",0.21,0.997537570947434,9.40064469328847e-05,0.997409040554048,0.997470179103533,0.997574173529199,0.997605917060024,0.997628544490365
"6","gseal",42.92,0.485996237141652,0.0145548046246506,0.465166665394219,0.48309410518275,0.487350290529785,0.48844255567797,0.505927568923538
"7","hseal",27,0.676667823844371,0.0138652600540299,0.657025346754084,0.66776266237224,0.681564046407483,0.688189226403141,0.688797837284907
