"","var","importance","mean","sd","min","q25","med","q75","max"
"1","log_depth",9.29,0.964944941120417,0.00185055097354956,0.962620132626686,0.963992841238468,0.964792715971174,0.965798033552688,0.967520982213068
"2","brick_tbtm",3.91,0.98526173011398,0.00122960090982407,0.983700629973403,0.984160621543322,0.986004302071602,0.986175266143606,0.986267830837966
"3","brick_mld",17.49,0.934003528871144,0.0059320493319671,0.927512482568043,0.92948371073717,0.93495086337498,0.935384291303279,0.942686296372247
"4","brick_sss",0.05,0.999817017350891,1.20788124187948e-05,0.999807210542273,0.999807461349643,0.999815712520424,0.999817842703207,0.999836859638906
"5","brick_sbtm",64.97,0.754803189113627,0.0101326677453198,0.740619897147562,0.752124538148492,0.752469943809677,0.761883719344383,0.766917847118022
"6","gseal",0.49,0.998136850988462,4.46576374544095e-05,0.998089039258764,0.998111864110322,0.998126043552041,0.998151680627823,0.998205627393359
"7","hseal",3.8,0.985643208871344,0.00147752500447141,0.983937966398141,0.985176648216309,0.985472612946148,0.985623973564554,0.988004843231568
