"","var","importance","mean","sd","min","q25","med","q75","max"
"1","log_depth",0.92,0.992496855359928,0.000881131882534606,0.991616398063586,0.991682797323746,0.992455544154734,0.993082435013607,0.993647102243968
"2","brick_tbtm",57.4,0.530452104981942,0.00973985011012885,0.516829204971296,0.525897902942119,0.531264102620726,0.535840587214958,0.542428727160611
"3","brick_mld",28.48,0.767044323689911,0.0114307058161715,0.751639319022985,0.763517439478673,0.763678973491986,0.775645194846239,0.780740691609674
"4","brick_sss",7.71,0.93693294535005,0.00490973068607685,0.929137323427621,0.936358694527358,0.937748903992123,0.938960082577892,0.942459722225258
"5","brick_sbtm",0,1,0,1,1,1,1,1
"6","gseal",4.67,0.961831055066477,0.0036925086397564,0.958661715052211,0.959605478824945,0.959922751723627,0.963334358022679,0.967630971708925
"7","hseal",0.83,0.993205649697709,0.000666445432278266,0.992488738209253,0.992783134172516,0.992983101907599,0.993655226853936,0.994118047345242
