"","var","importance","mean","sd","min","q25","med","q75","max"
"1","log_depth",47.3,0.507279844683099,0.0212068179086747,0.478174853909811,0.495071769743397,0.512878967554169,0.5169610626826,0.533312569525515
"2","hseal",19.33,0.798580706433269,0.0154752855386394,0.774420219102776,0.792976624005112,0.804548664142883,0.807011515495189,0.813946509420386
"3","tbtm",11.4,0.881186837106098,0.00762277500319787,0.873184291720103,0.876645957462028,0.878580671300655,0.885140905873468,0.892382359174234
"4","gseal",10.56,0.889996718012414,0.00937122590076989,0.878743155407881,0.881952715170363,0.891584861969561,0.898305150191702,0.899397707322563
"5","mld",4.32,0.954991598334613,0.00240943992885063,0.952311945619182,0.952758232409247,0.95532820844424,0.956796027258185,0.95776357794221
"6","sbtm",3.94,0.958940064063244,0.00145408788751093,0.957196745784666,0.957650358884504,0.95945486520119,0.959799646604798,0.96059870384106
"7","sss",3.14,0.967255385546684,0.00181150260950974,0.964750603225169,0.966270577970461,0.967608313594849,0.968176219602665,0.969471213340275
