"","var","importance","mean","sd","min","q25","med","q75","max"
"1","log_depth",46.12,0.355467842577479,0.0435954719641406,0.304455335532209,0.334833789800255,0.336850876793674,0.391828138809621,0.409371071951639
"2","tbtm",13.51,0.811122041541665,0.00877186402294681,0.803027450506866,0.804338006802739,0.808233935634809,0.816128080380357,0.823882734383551
"3","hseal",12.12,0.830604678035043,0.0165678201853669,0.809738265626152,0.816337540796411,0.838723061659245,0.840357627864137,0.847866894229269
"4","mld",11.72,0.836174615964256,0.00559496352046497,0.827240435343966,0.83491394291287,0.837101904188192,0.840778074040143,0.840838723336109
"5","sss",7.83,0.890508996606514,0.00843710143103998,0.881712768471804,0.885486932802739,0.890623566931361,0.890718762540771,0.904002952285894
"6","gseal",5.23,0.926917728809845,0.00866376168980823,0.913229933488008,0.926597919446424,0.928596072640161,0.928961505379052,0.937203213095581
"7","sbtm",3.46,0.951621500179729,0.00519716789660323,0.942680210151508,0.951700541243013,0.953455134606605,0.95502096984658,0.955250645050937
