"","var","importance","mean","sd","min","q25","med","q75","max"
"1","log_depth",5.68,0.923272467929975,0.00164686271784176,0.921409632075366,0.92241145478055,0.922555709037703,0.924673012966398,0.925312530789856
"2","brick_tbtm",15.25,0.793846908062017,0.00750892075082083,0.783089044152323,0.789737660411736,0.795302302911852,0.799895969457546,0.801209563376628
"3","brick_mld",5.57,0.924649763585613,0.00105389663153077,0.923403496339535,0.924145680294481,0.924275800430473,0.925366010289121,0.926057830574458
"4","brick_sss",0.04,0.999494992918317,9.35841502274346e-06,0.999486826713107,0.999488659193254,0.999493035904402,0.999496000887077,0.999510441893744
"5","brick_sbtm",2.34,0.968307859716771,0.000484643550725353,0.967808456016957,0.967830576495161,0.968336486048239,0.968704155694827,0.96885962432867
"6","gseal",34.89,0.528280541929647,0.00755593249343594,0.520833849770088,0.522881481001081,0.525592918071945,0.533227730563871,0.538866730241251
"7","hseal",36.23,0.510265651159896,0.00756691982603632,0.502820950102906,0.505684736079584,0.510038349482605,0.510166916002923,0.52261730413146
