"","var","importance","mean","sd","min","q25","med","q75","max"
"1","log_depth",9.04,0.933578814304567,0.00183894495319881,0.930754236763672,0.932803409530778,0.934429103790202,0.934482499504968,0.935424821933217
"2","brick_tbtm",9.37,0.931171606409009,0.00209332809910494,0.927963356003195,0.930526653682534,0.931340065399613,0.932980757177519,0.933047199782184
"3","brick_mld",12.05,0.911495050670198,0.00155242147907206,0.909676723784918,0.910562483342456,0.911011997264686,0.913084582541199,0.913139466417729
"4","brick_sss",34.98,0.74310130148373,0.00560254987076935,0.736575816335074,0.740283630079973,0.740686172502749,0.748791308960532,0.749169579540321
"5","brick_sbtm",1.88,0.986222129801931,0.000369593884661694,0.985697558797997,0.986027095401348,0.986310673372752,0.986423148885694,0.986652172551861
"6","gseal",2.27,0.983323264196487,0.000554247817379044,0.982703385822217,0.982791707545451,0.983461853122296,0.983707569681693,0.983951804810778
"7","hseal",30.4,0.77674190125956,0.00501822113402022,0.772104842626046,0.773014254725757,0.774481066199655,0.780681703015956,0.783427639730387
