"","var","importance","mean","sd","min","q25","med","q75","max"
"1","log_depth",4.74,0.962442014097362,0.00143016959941442,0.961292587772253,0.961713554812782,0.962047489832688,0.962238044827165,0.964918393241922
"2","brick_tbtm",8.8,0.930309968129154,0.0030485618459923,0.925418861958287,0.929944280476468,0.930458913226176,0.93270416407784,0.933023620907
"3","brick_mld",12.44,0.901478239269843,0.00224781336305005,0.898723292488532,0.899472837438208,0.90236128078435,0.903027808058315,0.903805977579811
"4","brick_sss",43.24,0.657534735118343,0.00627387115060436,0.648222908538772,0.65489032779144,0.659451535107477,0.660355180196331,0.664753723957694
"5","brick_sbtm",12.59,0.900320056477328,0.00169892799276221,0.898172737493135,0.899623152828292,0.899688338426449,0.901992367597152,0.902123686041611
"6","gseal",5.47,0.956699653307916,0.000526139857707435,0.956150078128672,0.956448532980587,0.95648661317748,0.956904046139865,0.957508996112979
"7","hseal",12.72,0.899296005605947,0.00528714013506495,0.89319168822224,0.893995628760532,0.901757337457197,0.903315637011194,0.904219736578573
