"","var","importance","mean","sd","min","q25","med","q75","max"
"1","log_depth",23.97,0.827386390904674,0.00898849772876355,0.820478681914608,0.822257884897101,0.823731683389354,0.827725357085476,0.842738347236833
"2","brick_tbtm",24.35,0.824671664693627,0.00424628541558201,0.817621485791639,0.825344627756536,0.825500690675612,0.82573004285297,0.829161476391379
"3","brick_mld",8.22,0.940784867758038,0.0012595072545105,0.939128631362795,0.940059505602161,0.940691268292406,0.941977182268416,0.942067751264412
"4","brick_sss",11.64,0.916140358666907,0.00296167048058526,0.912139375183258,0.914247803272155,0.916737514290022,0.91804225921461,0.91953484137449
"5","brick_sbtm",24.19,0.825829182563543,0.00433672559703727,0.819578138712397,0.824863806417428,0.824956621906049,0.828939839617239,0.8308075061646
"6","gseal",0.27,0.998031886362481,0.000153609525347651,0.997819065436851,0.997940825968578,0.998058689816448,0.99814131939854,0.998199531191988
"7","hseal",7.36,0.947004879375339,0.000919839918607595,0.945816439569788,0.946237721073802,0.947431074407834,0.947642455414774,0.947896706410496
