"","var","importance","mean","sd","min","q25","med","q75","max"
"1","log_depth",11.11,0.856619318564548,0.00245223132793002,0.854181216377684,0.855202563384245,0.855758709916984,0.857520384259873,0.860433718883952
"2","brick_tbtm",11.66,0.84947798989097,0.0026635346148087,0.847063018085036,0.847432946339001,0.848552259507952,0.850945450730875,0.853396274791986
"3","brick_mld",9.5,0.877335982700535,0.00312382861166056,0.87340227217577,0.875846361778956,0.876878987609096,0.878890107155327,0.881662184783527
"4","brick_sss",24.39,0.685106290190957,0.00759114171573588,0.67508259309274,0.680739660788679,0.685225697028432,0.690106809469098,0.694376690575838
"5","brick_sbtm",13.28,0.828556614506794,0.00275865774392776,0.824177070022381,0.828298610728981,0.828953190150717,0.829666260141983,0.831687941489905
"6","gseal",12.53,0.838301739892499,0.001465047058346,0.836536323150888,0.837597451513533,0.838005484976013,0.838956812395781,0.840412627426279
"7","hseal",17.53,0.773659080197685,0.0044514968212877,0.768085358592535,0.770194714592575,0.774618174294446,0.776549627697315,0.778847525811556
