"","var","importance","mean","sd","min","q25","med","q75","max"
"1","log_depth",11.08,0.760066759713591,0.0141140279697011,0.742356429992273,0.749203991051413,0.764655063275751,0.766745029755495,0.777373284493023
"2","brick_tbtm",17.54,0.620322414039351,0.0277336205485614,0.571237316122708,0.628863357019619,0.631029707112839,0.631084223591974,0.639397466349612
"3","brick_mld",9.41,0.796279691753056,0.0140723262901232,0.776781091445288,0.793268442860194,0.79698912675699,0.798104489565666,0.816255308137143
"4","brick_sss",7.26,0.842856875291165,0.0177551499152912,0.818406203907623,0.832265685229891,0.845677101849232,0.855510656372885,0.862424729096192
"5","brick_sbtm",25.76,0.442363125917258,0.0313853486969063,0.417341073321936,0.42000050970256,0.423103465777837,0.465142450831169,0.486228129952788
"6","gseal",5.96,0.870956875850958,0.0187202131437397,0.847230424246593,0.854986732371756,0.877952974497094,0.886999795081617,0.887614453057733
"7","hseal",22.98,0.502550384585362,0.0189113983596549,0.479392903952897,0.490913582194135,0.49936525073797,0.517830865205362,0.525249320836446
