"","var","importance","mean","sd","min","q25","med","q75","max"
"1","log_depth",8.58,0.91728321370317,0.00369386307954869,0.913874508890468,0.91535436657565,0.915918554419199,0.917903324491748,0.923365314138784
"2","brick_tbtm",1.02,0.990169930396071,0.000692373358700412,0.989060925116117,0.990104771009954,0.990323572179118,0.990416519939284,0.99094386373588
"3","brick_mld",2.77,0.973343977200672,0.00263429941617746,0.969487920827282,0.971710112209004,0.974954147133613,0.975059614996119,0.975508090837341
"4","brick_sss",49.27,0.525185051803201,0.0155468628413589,0.502520421941866,0.519640418560514,0.524741289351696,0.537093247973422,0.541929881188508
"5","brick_sbtm",4.62,0.955454590163359,0.00217171811617361,0.952397214468909,0.954255451909518,0.955728827448251,0.957251448008039,0.957640008982079
"6","gseal",3.67,0.964662709871876,0.00521330790915971,0.95630637379111,0.963986653993682,0.965722426554865,0.96698710012781,0.970310994891914
"7","hseal",30.07,0.710207192602293,0.0163948684334639,0.683852032448687,0.709782757437692,0.710467851241015,0.719678700564738,0.727254621319334
