"","var","importance","mean","sd","min","q25","med","q75","max"
"1","log_depth",15.83,0.938669888892405,0.00343740866292998,0.934498133978765,0.938010700152008,0.938201976857892,0.938565486047176,0.944073147426185
"2","brick_tbtm",13.24,0.948704495154888,0.00276665646636927,0.946448481743959,0.946548489890715,0.947801699510741,0.949638398441145,0.953085406187881
"3","brick_mld",6.5,0.974822918651269,0.00206468045925487,0.971968930920852,0.973853780610289,0.97470074842931,0.976504412662284,0.977086720633611
"4","brick_sss",31.5,0.877999308002956,0.0153301940062427,0.858347915444649,0.870544421122234,0.874201147241311,0.891671277002847,0.89523177920374
"5","brick_sbtm",8.14,0.968477447631338,0.000832576175858963,0.967176231941096,0.968187271398862,0.968727402390675,0.969019395830861,0.969276936595193
"6","gseal",6.53,0.974697536773838,0.00175834272845546,0.971770487095011,0.974771048963778,0.974918968615916,0.97563873588591,0.976388443308573
"7","hseal",18.26,0.929282636035582,0.00365693585021013,0.925002047201519,0.927375221100525,0.928188919196713,0.931540907695152,0.934306084984002
