"","var","importance","mean","sd","min","q25","med","q75","max"
"1","log_depth",19.19,0.914877003804133,0.00569107458359453,0.908107707056767,0.912151425646058,0.914319741029364,0.916334607487945,0.923471537800532
"2","brick_tbtm",12.05,0.946575666195968,0.00591084475889692,0.93762177752066,0.944731755424943,0.948410136513822,0.948542942381896,0.953571719138521
"3","brick_mld",8.36,0.962925962933783,0.00230866538074067,0.959164746134088,0.962422343618998,0.963649867276001,0.964445209067697,0.964947648572129
"4","brick_sss",17.58,0.922053343380842,0.00308911766014682,0.918677294506328,0.919504205274485,0.922140550634299,0.923702260051655,0.926242406437445
"5","brick_sbtm",22.8,0.898891025848979,0.00516725296913386,0.893900416162625,0.895240519710727,0.896873074830519,0.902259736281842,0.90618138225918
"6","gseal",7.31,0.967567140035892,0.00272055422483698,0.964044019430891,0.966561372451873,0.9666059997426,0.970005791013098,0.970618517540995
"7","hseal",12.71,0.943623631974783,0.00271947796472073,0.939734204804191,0.94278986270389,0.943724105990717,0.944697142156484,0.947172844218632
