"","var","importance","mean","sd","min","q25","med","q75","max"
"1","log_depth",8.69,0.837238056669883,0.00408553754781065,0.832899130307172,0.835700170948797,0.836089821730474,0.837621602119009,0.843879558243963
"2","brick_tbtm",4.06,0.923936991080147,0.0074447087640333,0.912034737401114,0.921749815906785,0.926182157816562,0.929681175185776,0.9300370690905
"3","brick_mld",4.9,0.908185291331087,0.00789979246662783,0.897935875209717,0.902579214878705,0.909450589900859,0.913881889187528,0.917078887478626
"4","brick_sss",16.35,0.693660408180878,0.0183651776951197,0.674780506425165,0.676063133391664,0.693555410138272,0.709318487364555,0.714584503584732
"5","brick_sbtm",41.46,0.223040132502929,0.017775417057244,0.204136314594342,0.207392481453894,0.221831874789821,0.237693575307846,0.244146416368741
"6","gseal",7.55,0.858500861041772,0.00367401438494756,0.8545240630812,0.856592718719311,0.857124460922044,0.860359584834646,0.863903477651661
"7","hseal",17,0.681404137767041,0.0231619928535269,0.642001778662796,0.679930763653087,0.690968273820978,0.694878863152213,0.699241009546134
