"","var","importance","mean","sd","min","q25","med","q75","max"
"1","log_depth",74.24,0.421150154437985,0.0336030074707298,0.383130260465275,0.397327114036349,0.42162539348691,0.434221847409868,0.469446156791521
"2","brick_tbtm",14.24,0.888996327268629,0.00479095031085874,0.883739036711273,0.884774180036198,0.888863746824595,0.893543335005314,0.894061337765762
"3","brick_mld",0.15,0.998821017511338,4.10857027316103e-05,0.998769177209774,0.998797788320032,0.99882242617719,0.998837721019683,0.99887797483001
"4","brick_sss",11.12,0.913255890588586,0.00789180246090466,0.905846508981719,0.908346980068105,0.912331454567714,0.913490301567791,0.926264207757599
"5","brick_sbtm",0.19,0.998545189611651,7.09229165523769e-05,0.998437897948217,0.998525400648875,0.998554371965611,0.998579819831735,0.998628457663817
"6","gseal",0.02,0.999836059608192,1.27932084813642e-05,0.999815918175263,0.99983354378839,0.999837389403117,0.999844129162806,0.999849317511385
"7","hseal",0.04,0.999657815968879,1.69371937294281e-05,0.999637377571075,0.999649360042316,0.99965197388471,0.999671958933592,0.999678409412704
