"","var","importance","mean","sd","min","q25","med","q75","max"
"1","log_depth",8.95,0.954975255549847,0.000905380031375685,0.95389748398383,0.95438690047422,0.955039225143081,0.955284626310955,0.95626804183715
"2","brick_tbtm",12.03,0.939456702877919,0.00192095656834436,0.936835863215091,0.938446501779464,0.939382599838581,0.941282319257395,0.941336230299065
"3","brick_mld",2.51,0.98738801149116,0.000528292986668528,0.986597442454948,0.987214033225878,0.987392299221341,0.987863755249812,0.987872527303821
"4","brick_sss",8.5,0.957218058896201,0.00158896244150758,0.954620485725564,0.957206510693338,0.957454797965317,0.957913565557929,0.958894934538856
"5","brick_sbtm",7.85,0.960500900085941,0.00113132397035365,0.959529863466378,0.959909237460698,0.959998018594187,0.960685045286739,0.962382335621701
"6","gseal",48.61,0.755442694352765,0.00412818761795337,0.750365784687503,0.752784771954899,0.755070938634125,0.75841626981561,0.760575706671687
"7","hseal",11.55,0.941890796166862,0.00134202880097892,0.939531127261059,0.942128082091824,0.942448350231721,0.942523858771764,0.942822562477941
