"","var","importance","mean","sd","min","q25","med","q75","max"
"1","log_depth",15.87,0.856438826210952,0.002154862734901,0.853612717496085,0.855706761282821,0.856285499909437,0.857041619834407,0.859547532532012
"2","brick_tbtm",14.42,0.869557713504838,0.00276319069322147,0.867139401018477,0.868625584521321,0.868667606732733,0.86902842381807,0.87432755143359
"3","brick_mld",16.17,0.853795665553107,0.0020326493431551,0.850215006101448,0.854167596952182,0.854565364958407,0.855002319299813,0.855028040453688
"4","brick_sss",11.25,0.898245241968355,0.00088259208793438,0.897386943761198,0.897656002158803,0.897792228277412,0.899093718980684,0.899297316663676
"5","brick_sbtm",12.95,0.882887312856567,0.00191870700624095,0.879659974224907,0.88281084733884,0.883387366778561,0.884040568692365,0.884537807248161
"6","gseal",13.42,0.878669478490513,0.00277489370245274,0.875724763355392,0.877678436783416,0.878344904844662,0.878353619065615,0.883245668403482
"7","hseal",15.92,0.856000992326133,0.00302403442594733,0.852142443348983,0.853714496872482,0.856640129268822,0.858084367656816,0.85942352448356
