"","var","importance","mean","sd","min","q25","med","q75","max"
"1","log_depth",5.76,0.943316035731959,0.00470823675397523,0.93707620987692,0.941046111592729,0.942844840993767,0.946386775306108,0.949226240890269
"2","brick_tbtm",4.56,0.955155173796286,0.00329935069406172,0.951643682152579,0.951673863938798,0.956183541060771,0.957785260960454,0.958489520868829
"3","brick_mld",6.19,0.939057026528238,0.00365707340246956,0.934408206978304,0.936537714618296,0.940261784035454,0.940263054095226,0.943814372913908
"4","brick_sss",26.55,0.738751176918705,0.00340794329659778,0.735533160609155,0.737120368722855,0.737859563564109,0.738777994898712,0.744464796798691
"5","brick_sbtm",20.49,0.798377022221733,0.00578476089567028,0.791704679933033,0.794451641784697,0.799369342361193,0.799518542516486,0.806840904513256
"6","gseal",13.17,0.870467845588494,0.00267718030977973,0.867555679952419,0.867657087345639,0.87163835056225,0.872216908849357,0.873271201232805
"7","hseal",23.27,0.771037882047194,0.00622842131597282,0.760726726559545,0.771244529986394,0.771519098021756,0.77478302459372,0.776916031074553
