"","var","importance","mean","sd","min","q25","med","q75","max"
"1","log_depth",13.4,0.805408069238474,0.00456963513602497,0.797924066331962,0.804567915987758,0.806800194153053,0.80822386806368,0.809524301655915
"2","brick_tbtm",19.23,0.720709603651452,0.00987810070625126,0.703616561441703,0.721756455264597,0.723895572349938,0.725691188835287,0.728588240365733
"3","brick_mld",4.24,0.938417492696532,0.00149902110554391,0.936144629214917,0.938171464245054,0.938730950215748,0.938735483007932,0.940304936799008
"4","brick_sss",4.14,0.939849618313606,0.00220280044988416,0.938291164705247,0.938591733336846,0.938953483466623,0.939743206326008,0.943668503733305
"5","brick_sbtm",2.54,0.9631617841671,0.000415955269622565,0.962875420628958,0.962940368087943,0.963042616471883,0.963056740450182,0.963893775196535
"6","gseal",50.74,0.262947856560116,0.0140426529646598,0.250276864409116,0.255804575338604,0.258781851758356,0.263269203212361,0.286606788082143
"7","hseal",5.71,0.917030904907781,0.00304492990452819,0.913396266928654,0.914087922394231,0.918776974878738,0.918949713060007,0.919943647277277
