"","var","importance","mean","sd","min","q25","med","q75","max"
"1","log_depth",13.32,0.887545828230737,0.00440977004699868,0.88301084628235,0.883147639180947,0.888392551306724,0.890095415804828,0.893082688578838
"2","brick_tbtm",18.13,0.846992199655604,0.00272904830336146,0.844118917254213,0.844284661322798,0.847699334385317,0.848473046887601,0.85038503842809
"3","brick_mld",12.36,0.895667683608907,0.00187583989432779,0.892836476094689,0.895153718629723,0.896080200107635,0.896320132071259,0.897947891141231
"4","brick_sss",13.54,0.885731905964988,0.00253734231776989,0.884315075665136,0.884634886666243,0.884675674864305,0.884773481126944,0.89026041150231
"5","brick_sbtm",12.9,0.891105836754101,0.00228647865545662,0.888232874369559,0.889552044734902,0.891020577045967,0.893192505133431,0.893531182486649
"6","gseal",13.11,0.8893214729335,0.00281963216332917,0.885384681173494,0.888409509341539,0.888899104570628,0.891120217143908,0.892793852437929
"7","hseal",16.64,0.859560715306052,0.00300612582472955,0.855973596342613,0.856675343970552,0.860942833806084,0.861895918323885,0.862315884087126
