"","var","importance","mean","sd","min","q25","med","q75","max"
"1","log_depth",0.78,0.997622997800882,7.49659916040718e-05,0.997550622219289,0.997572694612409,0.997585708696292,0.997686770226479,0.997719193249941
"2","brick_tbtm",0.2,0.999396842762262,1.28906813151786e-05,0.999378195943802,0.999393072103479,0.999396125430306,0.999404248875642,0.999412571458083
"3","brick_mld",9.1,0.972345588751821,0.000526728991354659,0.971807952524099,0.972076675343956,0.972120613558005,0.972573452736188,0.973149249596855
"4","brick_sss",26.31,0.920057025050513,0.00211826058135159,0.917216549931977,0.918888971207871,0.92044338764531,0.920917807692774,0.922818408774631
"5","brick_sbtm",24.61,0.925220564827052,0.00214246454274761,0.921826240653503,0.924530878614087,0.926129793942884,0.926309358452363,0.927306552472422
"6","gseal",12.95,0.960637921515285,0.000505467733239208,0.959951977101719,0.960262638557561,0.96083997625743,0.961048553168623,0.961086462491091
"7","hseal",26.04,0.920879060571263,0.00459707647744713,0.915187866847959,0.917839891367722,0.920396505563137,0.925143156179184,0.925827882898312
