"","var","importance","mean","sd","min","q25","med","q75","max"
"1","log_depth",5.58,0.968088018321083,0.00077687497601366,0.967084653464411,0.967450555071598,0.96837260521683,0.968752840961364,0.96877943689121
"2","brick_tbtm",16.63,0.904820749446797,0.00166883302178399,0.902559171432618,0.904002441120374,0.90501549157372,0.905503157780425,0.90702348532685
"3","brick_mld",8.28,0.952585297573451,0.00141311422609001,0.950552637896734,0.951683964161944,0.953367755627324,0.95341954089332,0.953902589287933
"4","brick_sss",20.66,0.88175098252976,0.00320665628756329,0.878117731478657,0.878651866867805,0.882920851600117,0.883670180469365,0.885394282232859
"5","brick_sbtm",10.69,0.938821667741857,0.00168454415254163,0.937135373829266,0.937694238772802,0.938102477953334,0.94009919522317,0.941077052930714
"6","gseal",15.95,0.90869711944791,0.00268590603359213,0.904401176791804,0.908009241975582,0.909612140061361,0.910093852092382,0.911369186318421
"7","hseal",22.2,0.872937287478656,0.00402053597941404,0.86593632370566,0.873631927417006,0.874271494172984,0.874708595070995,0.876138097026633
