"","var","importance","mean","sd","min","q25","med","q75","max"
"1","log_depth",44.02,0.397125353663578,0.00600481763977915,0.391560906034484,0.391968790789,0.397038537881524,0.398769876565963,0.406288657046918
"2","brick_tbtm",11.94,0.836529598491395,0.00135516887060185,0.835162059410088,0.836113085353727,0.836243717108131,0.836323951812314,0.838805178772714
"3","brick_mld",3.36,0.953946893359558,0.00108366354007089,0.952620901371544,0.953447170498198,0.953761177423447,0.954390509263533,0.955514708241069
"4","brick_sss",0,1,0,1,1,1,1,1
"5","brick_sbtm",10.16,0.860903358604485,0.00230766708209966,0.857600059362659,0.859492936026313,0.862052736461763,0.86208266728622,0.86328839388547
"6","gseal",18.23,0.75037946651554,0.00348116863903921,0.747887232394676,0.748141689074934,0.748733660768353,0.750900817290064,0.756233933049671
"7","hseal",12.3,0.831472561522627,0.00417921620182356,0.825511705929911,0.829603038837201,0.83148427391628,0.83501408167895,0.835749707250795
