"","var","importance","mean","sd","min","q25","med","q75","max"
"1","log_depth",28.97,0.839282085119709,0.0110097620630837,0.829525774784135,0.830909768244796,0.837407263621747,0.841668225919147,0.856899393028721
"2","brick_tbtm",0.04,0.999785817844242,2.37212205642989e-05,0.999754398730163,0.999776326673413,0.999779272287479,0.999808017792675,0.99981107373748
"3","brick_mld",23.49,0.869643226552363,0.0165806443851108,0.854512007469689,0.855442978173632,0.863458371996514,0.887163440862391,0.887639334259591
"4","brick_sss",24.9,0.861870664308585,0.0121456522528124,0.848470187032433,0.850139836272153,0.866216180550161,0.867906132317002,0.876620985371178
"5","brick_sbtm",22.39,0.875749153832252,0.00973115500358085,0.865668724586174,0.870548592877663,0.87092818535815,0.882276320285987,0.889323946053286
"6","gseal",0.18,0.999019169895672,7.14947846494706e-05,0.998909319206961,0.998998465815288,0.999023826221962,0.999080835791624,0.999083402442527
"7","hseal",0.03,0.99980850537737,2.43050495208822e-05,0.999776732227664,0.999793832580215,0.999809090299366,0.999824872400799,0.999837999378805
