"","var","importance","mean","sd","min","q25","med","q75","max"
"1","log_depth",18.75,0.939606891839007,0.00245292681657678,0.935864401472746,0.938507467572668,0.940511778603569,0.941198896983345,0.941951914562709
"2","brick_tbtm",2.65,0.991465764966946,0.000679334494662842,0.991033203007441,0.991063770228697,0.991140894987854,0.991445646582569,0.992645310028171
"3","brick_mld",46.44,0.850420571834328,0.00836042624619266,0.837732281121023,0.847849242966169,0.851318465166994,0.855595611955696,0.859607257961759
"4","brick_sss",1.31,0.995768468719038,0.000339973488681249,0.99531881791006,0.99554604241675,0.995873944662567,0.995912082213743,0.996191456392068
"5","brick_sbtm",26.76,0.913799772433277,0.00563097864987315,0.906665411123132,0.909599658270005,0.914822155421475,0.917528107352354,0.920383529999418
"6","gseal",1.75,0.99436122305756,0.000361111246730215,0.993801363477157,0.994323150798023,0.994412266692633,0.994469494104757,0.994799840215229
"7","hseal",2.34,0.99247002286508,0.000772020201610206,0.99175706805434,0.991797695780371,0.992472605519265,0.992677741826123,0.993645003145301
