"","var","importance","mean","sd","min","q25","med","q75","max"
"1","log_depth",18.61,0.935841203605595,0.00313198070404423,0.930850503002176,0.935771714641569,0.93622187446024,0.93690985452806,0.939452071395928
"2","brick_tbtm",12.7,0.956212989044521,0.00154653442043479,0.955013251285444,0.955517246951281,0.955754304133622,0.955863275861912,0.958916866990347
"3","brick_mld",22.58,0.922123051654273,0.00336243188731681,0.91846580819424,0.919691790514116,0.921322842869726,0.9246814590867,0.926453357606584
"4","brick_sss",15.63,0.946091150455736,0.00297925943660248,0.941422042451238,0.944953510349809,0.94726564916021,0.948019436205153,0.948795114112269
"5","brick_sbtm",11.09,0.961752899409265,0.00158347980857469,0.959835565161076,0.961061281421227,0.961072042994142,0.96338940085648,0.963406206613401
"6","gseal",9.28,0.968007529959458,0.00232979242673177,0.964529230239118,0.967478337380731,0.967732019209427,0.969942690087218,0.970355372880795
"7","hseal",10.11,0.965147443890409,0.00243868062482285,0.962085863793457,0.963285052673304,0.965876354390204,0.966346002415453,0.968143946179625
