"","var","importance","mean","sd","min","q25","med","q75","max"
"1","brick_sst",33.01,0.795684448120613,0.0218880499564269,0.757491377189835,0.797947585463197,0.804326226473961,0.807668341312068,0.810988710164002
"2","dfs",37.18,0.769888874214447,0.0173950117592337,0.754646000254419,0.75564292041502,0.76184547653873,0.786919603549206,0.79039037031486
"3","brick_u",10.3,0.936229069042195,0.00528685546948364,0.927206653391052,0.935776886537164,0.938961359615467,0.939591788588428,0.939608657078862
"4","brick_v",10.93,0.932338635339825,0.00560774645679378,0.926823437511875,0.928157869551053,0.932521135536942,0.933057745708249,0.941132988391007
"5","brick_xbtm",8.58,0.946918005237342,0.00358176870992163,0.941655157037454,0.946274355440573,0.947290090152877,0.947716570003869,0.951653853551936
