"","var","importance","mean","sd","min","q25","med","q75","max"
"1","brick_sst",30.95,0.693046171458756,0.0257511187479923,0.664315663364122,0.673816959734721,0.688342507548504,0.714456718074457,0.724299008571977
"2","dfs",59.57,0.409141331974547,0.0576595133479669,0.319961174829987,0.396984617818887,0.417802123040689,0.435130483116519,0.475828261066649
"3","brick_u",5.09,0.949489462303502,0.010175875535965,0.937540301598316,0.942497511985524,0.948315598222529,0.956477756778736,0.962616142932403
"4","brick_v",1.75,0.982617754929185,0.00168434346776324,0.980496801357594,0.98138674966207,0.982710605121725,0.984161524909116,0.984333093595421
"5","brick_xbtm",2.63,0.973878123724326,0.00339989093710765,0.970105733300232,0.971026969928923,0.974333082882155,0.975438553171864,0.978486279338456
