"","var","importance","mean","sd","min","q25","med","q75","max"
"1","hseal",57.9,0.312552563977318,0.062107266207539,0.216435592298399,0.301429943325992,0.327725667924169,0.330312827222443,0.386858789115586
"2","mld",21.73,0.742046180316584,0.00804214209003492,0.729639848907784,0.739761975847872,0.744323397785454,0.745308472683392,0.751197206358418
"3","tbtm",7.87,0.90658079149963,0.00808972418919053,0.896376748927131,0.899464686637753,0.910926863328833,0.911660445674148,0.914475212930287
"4","sss",7.86,0.906699978485185,0.00834010310366843,0.899219034001119,0.899772043816082,0.903731790935756,0.912698055644276,0.918078968028692
"5","log_depth",2.75,0.96737035669414,0.00382618157831754,0.96236499749132,0.96602812775695,0.966682407741035,0.969088014444722,0.972688236036672
"6","gseal",0.98,0.988334446876347,0.00126712349968945,0.986277445509074,0.988038008829502,0.988768483380605,0.989103312982007,0.989484983680548
"7","sbtm",0.91,0.989190210001384,0.00096348262969845,0.988046646745285,0.988638339382276,0.988896952847272,0.990047713916927,0.990321397115162
