"","var","importance","mean","sd","min","q25","med","q75","max"
"1","sss",33.66,0.0808941646193968,0.0190847100846213,0.0573880539485693,0.0677223450516436,0.0853763651340728,0.087181373571054,0.106802685391644
"2","log_depth",16.68,0.544631969772577,0.0151012509782689,0.523749334152631,0.53963372094179,0.542627149896073,0.553175812444883,0.563973831427506
"3","sbtm",16.59,0.547130480217983,0.0119618785757052,0.537923677783554,0.538952294721299,0.543723779411872,0.547704271428021,0.567348377745169
"4","mld",15.13,0.586765659054934,0.0294812181571616,0.55520118205344,0.569160828772389,0.573018456679908,0.617200812842086,0.61924701492685
"5","hseal",11.31,0.691159997828954,0.0217542352963956,0.65580618115282,0.688548222912042,0.696332842752914,0.70156333979871,0.713549402528285
"6","tbtm",6.13,0.832509962516287,0.00846845094918435,0.820031268335661,0.830746360863371,0.832882057032583,0.835463803948759,0.843426322401063
"7","gseal",0.49,0.986584199379457,0.000599864875458632,0.985575352597113,0.986582825301115,0.986724955011692,0.986909889072893,0.987127974914474
