"","var","importance","mean","sd","min","q25","med","q75","max"
"1","sbtm",31.8,0.445868075502262,0.032086821789825,0.394044832821613,0.439455446524556,0.452310092131457,0.469681142380516,0.473848863653166
"2","hseal",28.32,0.506536374541557,0.0147084828705808,0.488960576169815,0.492522441806645,0.514168683320564,0.515792247597526,0.521237923813236
"3","log_depth",19.98,0.65183699041786,0.00948771539716245,0.638534783298397,0.648487357947959,0.652554582647734,0.655090667172444,0.664517561022766
"4","tbtm",11.85,0.793514262751185,0.0154292534005678,0.777957187774472,0.782219564331472,0.792552702022089,0.797548258667097,0.817293600960796
"5","mld",6.03,0.894851842403284,0.012947747591696,0.873437759983909,0.895404079047015,0.897779970007116,0.899218390378992,0.908419012599391
"6","sss",2.02,0.964742236112396,0.00349744568697053,0.960607898235556,0.962803576125959,0.964283267354412,0.966200817030239,0.969815621815814
"7","gseal",0,0.999992985049834,5.57798441597884e-07,0.999992024670964,0.99999304393736,0.999993106912845,0.99999337445696,0.999993375271038
