"","var","importance","mean","sd","min","q25","med","q75","max"
"1","log_depth",14.57,0.623917877525197,0.0321144579150583,0.591968943972553,0.600057992753891,0.616345261405339,0.640289039575931,0.670928149918269
"2","brick_tbtm",16.28,0.579780771631794,0.0199392348971144,0.545239530614555,0.582225446261294,0.585841116585622,0.590010657659369,0.59558710703813
"3","brick_mld",11.48,0.703886981857943,0.0186646622644063,0.671251466875068,0.708077339791607,0.708173286234803,0.715398497314463,0.716534319073774
"4","brick_sss",7.56,0.804899476189228,0.0168899889528373,0.789995567785215,0.79065401518474,0.801360085328396,0.812045420295866,0.830442292351925
"5","brick_sbtm",24.84,0.359007413707765,0.0370609974755691,0.323382760577863,0.34178701139878,0.343501530307576,0.367182362660246,0.41918340359436
"6","gseal",8.44,0.782315866896057,0.0224610261024833,0.749968057965256,0.772955985443429,0.786462552534331,0.792113243132383,0.810079495404883
"7","hseal",16.83,0.56577774442308,0.0251257474717362,0.525815041370934,0.562584507135173,0.572133423277516,0.574166030479787,0.594189719851992
