"","var","importance","mean","sd","min","q25","med","q75","max"
"1","log_depth",18.64,0.917030467678501,0.00234335768316951,0.914063294011309,0.914972202790423,0.918266235555961,0.918596059312661,0.919254546722149
"2","brick_tbtm",10.9,0.951463806190926,0.00202869294063389,0.949242534346179,0.949467841633558,0.951872108677872,0.95311951889119,0.953617027405831
"3","brick_mld",3.88,0.982736721987197,0.00114219822670078,0.98160495155713,0.982201170397701,0.982537926440201,0.9827028189591,0.984636742581851
"4","brick_sss",36.11,0.839236221994287,0.0100397809805315,0.824588048301475,0.833697236617241,0.842862877202316,0.845559220118267,0.849473727732135
"5","brick_sbtm",2.87,0.987219602758494,0.000579687915346642,0.986429073433602,0.98692930534303,0.987371421847916,0.987383801347413,0.987984411820509
"6","gseal",8.72,0.961189360962162,0.00375833279832873,0.957208801513592,0.958248471253875,0.961779421218921,0.961945163082322,0.9667649477421
"7","hseal",18.89,0.91589731854531,0.00579832378890281,0.910346617926619,0.910991749385136,0.914019173641467,0.921990270119459,0.922138781653868
