"","var","importance","mean","sd","min","q25","med","q75","max"
"1","log_depth",6.3,0.873129568180553,0.00623594059310564,0.862733002446121,0.873499079585447,0.873864036363185,0.876432883142843,0.879118839365168
"2","brick_tbtm",16.23,0.67294179815946,0.0247467737031446,0.649243676306493,0.649938359520263,0.676720010656817,0.679854068817609,0.708952875496115
"3","brick_mld",5.21,0.89496014923499,0.0102254472040508,0.886702923031301,0.888482318804688,0.889020765775436,0.899861263232473,0.910733475331053
"4","brick_sss",5.35,0.892219230800343,0.00761676282874605,0.883146405016196,0.885368708016656,0.894040156358403,0.899097907414726,0.899442977195733
"5","brick_sbtm",27.12,0.453478525350175,0.041302229367756,0.393778017698499,0.432678378691707,0.459628432390671,0.487128156387976,0.494179641582023
"6","gseal",0.39,0.992141012103251,0.000294865064082257,0.991890058264712,0.991929270990343,0.991960436656798,0.992447422292796,0.992477872311606
"7","hseal",39.4,0.206053168824448,0.047139146274598,0.150846453208808,0.164772403203609,0.212078746938849,0.249219194619752,0.253349046151224
