"","var","importance","mean","sd","min","q25","med","q75","max"
"1","log_depth",3.86,0.962594952502492,0.00330066194104432,0.959997570571946,0.960288460509089,0.96029343845109,0.965840292379375,0.966555000600961
"2","brick_tbtm",1.42,0.986280624718677,0.000672016519327992,0.985466118538715,0.985686984100049,0.986555648838087,0.986656170956217,0.987038201160318
"3","brick_mld",10.21,0.90108110765199,0.00449269948277487,0.896067833810193,0.896816214336219,0.902640249305349,0.903329322030145,0.906551918778045
"4","brick_sss",37.91,0.632656410683637,0.0415784742154197,0.56796734901297,0.614732147134134,0.650737735408378,0.664910144445821,0.664934677416882
"5","brick_sbtm",13.16,0.872471378093993,0.00633160759593285,0.863285264672593,0.869128375369405,0.873776645715193,0.877853562752258,0.878313041960517
"6","gseal",5.87,0.943081809178721,0.00277132976012848,0.938568307838719,0.942918466035563,0.943484932223108,0.944501786514331,0.945935553281881
"7","hseal",27.56,0.73295185894405,0.0200402630866076,0.708812989935201,0.722512924899313,0.732600156170437,0.738074947589853,0.762758276125445
