"","var","importance","mean","sd","min","q25","med","q75","max"
"1","log_depth",16.54,0.931996928541907,0.00443228458790307,0.927946103099604,0.930618837825635,0.930622532846079,0.931200919864619,0.939596249073596
"2","brick_tbtm",13.22,0.945649004907104,0.00363575295380982,0.939993492086627,0.944620417892205,0.946434837105087,0.947644286313161,0.94955199113844
"3","brick_mld",7.68,0.968430087090664,0.00284082880791345,0.964060449374754,0.967400152979648,0.969042280607911,0.970441376729558,0.97120617576145
"4","brick_sss",24.05,0.901114944846242,0.00462142966400803,0.896839109543772,0.898903682696932,0.899521496287131,0.901476134371859,0.908834301331515
"5","brick_sbtm",7.54,0.969015963128747,0.0012472539489374,0.96724773974265,0.968268463038508,0.969321643189965,0.970092585220646,0.970149384451964
"6","gseal",10.46,0.95698246803214,0.0037915186886456,0.952169312696361,0.953909690377967,0.958646927972636,0.958916293616947,0.961270115496788
"7","hseal",20.5,0.915730588669564,0.0103113115644229,0.9040895281644,0.909967005609791,0.912148134452817,0.922796580815541,0.929651694305272
