"","var","importance","mean","sd","min","q25","med","q75","max"
"1","log_depth",15.9,0.938467141935964,0.00255347411858404,0.934716312719485,0.93763195658807,0.938900610343275,0.939424274436381,0.941662555592611
"2","brick_tbtm",12.45,0.951832392144487,0.00275601359105137,0.948956435940968,0.949225031134763,0.951985283866053,0.953761773966485,0.955233435814167
"3","brick_mld",7.02,0.972834255786546,0.0015391801425142,0.97031539162012,0.972600401655285,0.973231989375106,0.97374177675073,0.97428171953149
"4","brick_sss",28.54,0.889555447196229,0.00812833103475793,0.878284567025295,0.884327572744247,0.891483221779193,0.896694981702146,0.896986892730262
"5","brick_sbtm",10.21,0.960476891914348,0.00264235217635232,0.957082789624529,0.959647151684122,0.959831545779911,0.961598335415834,0.964224637067347
"6","gseal",9.75,0.962250816853648,0.00298961701629102,0.959445039656717,0.959458802963912,0.961592567887651,0.965177339850743,0.965580333909217
"7","hseal",16.13,0.937576078530629,0.00471159926550103,0.932881220918563,0.933450556040421,0.936566734907671,0.942041197170141,0.942940683616352
