"","var","importance","mean","sd","min","q25","med","q75","max"
"1","log_depth",6.71,0.959968865233853,0.00147241333124146,0.957511741475427,0.96003014789014,0.960090392406335,0.96098401694281,0.961228027454553
"2","brick_tbtm",15.09,0.909931824698972,0.00338891834999795,0.905131325491126,0.908586239224551,0.910606294893717,0.910985448120333,0.914349815765132
"3","brick_mld",22.38,0.866426472575744,0.00358613292318229,0.861946789649674,0.863847783666152,0.867176641867531,0.868120310493565,0.871040837201797
"4","brick_sss",24.52,0.853627103667963,0.00478105171254306,0.845845639108152,0.853749650571567,0.854520635933146,0.855114539940271,0.85890505278668
"5","brick_sbtm",7.68,0.95414899634575,0.00104718162313871,0.953015826643467,0.953470374343741,0.953832775905713,0.95484048208178,0.955585522754051
"6","gseal",12.91,0.922935480834165,0.00311349509820263,0.918145000898841,0.921942713952886,0.923827415928412,0.924360570818039,0.926401702572649
"7","hseal",10.71,0.936105902646764,0.00305992335708946,0.932808064637541,0.934707011924013,0.935003152239631,0.937190861869709,0.940820422562925
