"","var","importance","mean","sd","min","q25","med","q75","max"
"1","sst",55,0.227854261004882,0.0204905254339497,0.204169683014432,0.211535421027021,0.226650495737135,0.247531102526153,0.24938460271967
"2","dfs",41.41,0.418679575879705,0.028642048558529,0.388909434143239,0.398950043513099,0.414398929372029,0.429115760691581,0.462023711678576
"3","tbtm",2.28,0.967998299848317,0.00204930857669535,0.964780092218376,0.967128371338736,0.969101470993983,0.969410060523638,0.969571504166854
"4","sss",1.14,0.984021437332678,0.00241709079148553,0.980939538893523,0.982893359529726,0.984080029712021,0.984686769912079,0.987507488616039
"5","sbtm",0.17,0.997610395103193,0.000178637377060951,0.997302727739386,0.997622513600287,0.997665922220269,0.997708603405582,0.997752208550441
"6","mld",0,1,0,1,1,1,1,1
"7","log_depth",0,1,0,1,1,1,1,1
