"","var","importance","mean","sd","min","q25","med","q75","max"
"1","sst",58.33,0.19850170648702,0.0476184727008494,0.144037282062058,0.150892498218278,0.223117375443622,0.226477402853057,0.247983973858085
"2","dfs",38.93,0.465103491126882,0.023114148809136,0.44649064276545,0.452219916537608,0.45921741980708,0.462684792645955,0.504904683878319
"3","sbtm",2,0.972578007753967,0.00130397958852499,0.971370781809951,0.971654219626801,0.972038392968424,0.973350579468737,0.974476064895921
"4","tbtm",0.75,0.989706328201541,0.0012576117497492,0.988525537840838,0.988969224092655,0.989206143684131,0.990135937337656,0.991694798052425
"5","mld",0,1,0,1,1,1,1,1
"6","sss",0,1,0,1,1,1,1,1
"7","log_depth",0,1,0,1,1,1,1,1
