"","var","importance","mean","sd","min","q25","med","q75","max"
"1","brick_sst",9.29,0.927284817285715,0.00128721968507621,0.925646475268367,0.926521293042432,0.927434492412632,0.927777659688466,0.929044166016676
"2","dfs",80.96,0.366623685745375,0.0183108738407847,0.347191421770815,0.353955494986744,0.367621886952237,0.36955766207508,0.394791962941999
"3","vel_mag",4.88,0.961787386607893,0.000925545904371454,0.960767114284363,0.960832687467135,0.96227517997537,0.962275688459494,0.9627862628531
"4","brick_xbtm",4.86,0.961962397618706,0.00237518529312047,0.958897911642,0.961267761430158,0.961972970520256,0.962153445528856,0.96551989897226
