"","var","importance","mean","sd","min","q25","med","q75","max"
"1","brick_sst",8.94,0.921085702838716,0.00180432164719766,0.918270649091974,0.920899137638154,0.920939217531999,0.922452108495848,0.922867401435604
"2","dfs",90.65,0.199504832652907,0.00963990709235855,0.187564414759622,0.197280957673886,0.198165739378462,0.200107351864804,0.214405699587762
"3","vel_mag",0.4,0.996486627503581,0.000451875103746362,0.995966722367537,0.996061604302645,0.996633984105651,0.996771299258436,0.996999527483634
"4","brick_xbtm",0.01,0.999868972476263,1.56570806006437e-05,0.99985364293548,0.999859290211921,0.999867445546167,0.999870048569517,0.999894435118233
