"","var","importance","mean","sd","min","q25","med","q75","max"
"1","sst",19.57,0.720336340005703,0.00880550859491541,0.708318090024904,0.715876181521277,0.721850532235431,0.723846048453642,0.731790847793261
"2","dfs",18.46,0.736203479084619,0.00667201724304423,0.728927380289919,0.731749984585177,0.735144069525486,0.739252357711638,0.745943603310873
"3","sbtm",17.59,0.748693699727857,0.0183586547479984,0.724132896276681,0.738068318141566,0.753257477392795,0.755568819210431,0.772440987617815
"4","tbtm",13.29,0.810073053209162,0.0061669467292729,0.803925969653307,0.804288509641386,0.809786652387491,0.814427755571825,0.8179363787918
"5","sss",12.25,0.82491378139884,0.0102523218694479,0.811461031806495,0.81785522622982,0.827081588797565,0.831195944856816,0.836975115303508
"6","fish_biomass",6.85,0.902134097550751,0.00540157958144264,0.895188655281642,0.898854399795127,0.902525018930743,0.904905989574661,0.909196424171583
"7","mld",6.3,0.90991455740326,0.00303587124481227,0.906689834855281,0.907195165621739,0.909708229969558,0.912749370572548,0.913230185997176
"8","log_depth",5.69,0.918709257942223,0.00253721546916982,0.915176632720594,0.917611119810112,0.918612284638327,0.920410046237924,0.921736206304159
