"","var","importance","mean","sd","min","q25","med","q75","max"
"1","dfs",56.56,0.153527960989789,0.0305372037237277,0.112666587337082,0.134950056249625,0.158974528483887,0.16984673873704,0.191201894141308
"2","sss",14.08,0.789321531901264,0.00697113192042774,0.780602520876213,0.787073176542068,0.788616542170659,0.790430580450433,0.799884839466945
"3","log_depth",7.32,0.890514948930428,0.00308315624175415,0.887203942071178,0.889188522603767,0.890036950911949,0.890624304253465,0.895521024811781
"4","sst",6.6,0.901267942470333,0.00345684102527092,0.895626873600164,0.900729690774042,0.902465433926244,0.902798562753232,0.90471915129798
"5","tbtm",6.07,0.909165227763843,0.00215180564506086,0.906176776006903,0.907729338536504,0.909929186720182,0.910644978499374,0.911345859056254
"6","sbtm",5.83,0.912749611424237,0.00140895002986364,0.911028572854363,0.911657223470241,0.912826850057873,0.913983638867709,0.914251771870998
"7","fish_biomass",3.47,0.948130521757853,0.00201058998637453,0.94614273474682,0.947333378382978,0.947396870917544,0.948331816361069,0.951447808380852
"8","mld",0.09,0.998682240678628,0.000147420359198812,0.998509670631356,0.998540638179394,0.998735108192021,0.998803831570521,0.998821954819848
