"","var","importance","mean","sd","min","q25","med","q75","max"
"1","log_depth",0.45,0.996819828341537,0.000146800124082491,0.996702365867202,0.99672485620647,0.996789745237335,0.996812495689012,0.997069678707666
"2","brick_sst",76.01,0.457831671562716,0.064124588478952,0.34946131096399,0.462856410609919,0.46719439545287,0.495484619268159,0.514161621518642
"3","brick_tbtm",0.59,0.995813947328634,0.000349576879479527,0.99537282454824,0.995582237046473,0.995793803584431,0.996157057963363,0.996163813500663
"4","brick_sss",3.79,0.972951257322765,0.00230523735725048,0.971393780552586,0.971559266759167,0.971699365747341,0.97324913831169,0.976854735243041
"5","brick_sbtm",0.38,0.997289035234747,0.000119607256068278,0.997137756235028,0.997253690155379,0.997265949203343,0.997321203144093,0.997466577435892
"6","brick_mld",1.67,0.988087871873112,0.00101660568289989,0.986463695783853,0.987706314139925,0.988688531047105,0.988755015990509,0.988825802404166
"7","dfs",10.82,0.922795682081228,0.00314939447503034,0.92035312299214,0.920398028023982,0.921109202339781,0.92467757486837,0.927440482181866
"8","vel_mag",3,0.978636437434165,0.00203973274750782,0.975218340575459,0.978576207139862,0.979078418182298,0.979880769282657,0.980428451990546
"9","brick_xbtm",3.3,0.9764886207732,0.00117288902181601,0.975357669583453,0.975794127096539,0.975911074677701,0.977179939669257,0.978200292839047
