"","var","importance","mean","sd","min","q25","med","q75","max"
"1","log_depth",5.69,0.929248350128744,0.00603637013071264,0.920844819943086,0.925656834366292,0.931417489801487,0.932010330419011,0.936312276113843
"2","brick_sst",24.19,0.699239684160725,0.0227417618952759,0.674132889180235,0.680771154165474,0.697528672293,0.716010907927296,0.727754797237617
"3","brick_tbtm",2.03,0.974736008462442,0.00251110379766188,0.971291419715453,0.973723465069394,0.974401000207468,0.976524790401292,0.977739366918602
"4","brick_sss",1.05,0.986949115160976,0.000849916532254343,0.986205496465648,0.986412434891622,0.986507066859614,0.987380293899563,0.988240283688433
"5","brick_sbtm",1.69,0.978942415139641,0.00150013263387982,0.977186146186664,0.977942631189214,0.978655426389303,0.980143678805638,0.980784193127385
"6","brick_mld",1.48,0.981643820636421,0.00243703534177316,0.97845431028192,0.980905891381008,0.981414539784341,0.982247847639812,0.985196514095022
"7","dfs",63.68,0.208331440728669,0.0316005884980883,0.174465687962828,0.18997883467092,0.201521379690144,0.218843975639655,0.256847325679796
"8","vel_mag",0.19,0.99765943157188,0.000187892549705167,0.997379434078372,0.997635730196054,0.997685698756633,0.99769072312792,0.99790557170042
"9","brick_xbtm",0,1,0,1,1,1,1,1
