"","var","importance","mean","sd","min","q25","med","q75","max"
"1","tbtm",26.6,0.684424740371496,0.00545303893662598,0.677973863357943,0.681244990266367,0.682720791409212,0.689894341704394,0.690289715119564
"2","log_depth",18.94,0.775316778352109,0.00641791753985059,0.766096379796126,0.773408489716289,0.774757873515607,0.779225494417244,0.78309565431528
"3","fish_biomass",18.37,0.782008603483175,0.00714433496638331,0.769945864776605,0.78163393929026,0.784238437305554,0.786261900520435,0.787962875523024
"4","sss",10.68,0.873246965861403,0.0023622016898104,0.869490527499141,0.872478356831632,0.874028491532474,0.875100859558601,0.875136593885168
"5","gseal",10.51,0.875341268513956,0.00402349943366328,0.871984207109435,0.872162765030926,0.874298276975708,0.876525133611147,0.881735959842565
"6","hseal",6.81,0.919256723196888,0.00228745646615102,0.916463953385409,0.917444364787017,0.919488141127012,0.921106386262048,0.921780770422952
"7","sbtm",5.56,0.934008150486619,0.00178804596285958,0.932094732672449,0.932693898850585,0.933568762749843,0.935350103766822,0.936333254393397
"8","mld",2.54,0.969881680618028,0.000575817098703002,0.969236216601621,0.969600000369647,0.969645648581628,0.970241804223153,0.970684733314091
