"","var","importance","mean","sd","min","q25","med","q75","max"
"1","log_depth",11.23,0.878459934340667,0.00746846901511339,0.87111665124142,0.87292551231568,0.875359410968438,0.885644888851001,0.887253208326798
"2","brick_tbtm",3,0.967500862878059,0.0019006116325281,0.96469888966405,0.966838820899314,0.967465335102953,0.969117814705303,0.969383454018676
"3","brick_mld",4.67,0.949452537996087,0.00892428108799266,0.937336987701601,0.942848317102361,0.954047262958864,0.954604705607894,0.958425416609717
"4","brick_sss",8.58,0.907158463434188,0.0100313799045905,0.89789898993479,0.898528667004591,0.904038225875112,0.915227287131215,0.920099147225231
"5","brick_sbtm",22.48,0.756704940164766,0.0215518232619809,0.722797665179063,0.756733760617459,0.758178031589478,0.763394566514298,0.782420676923532
"6","gseal",39.75,0.569743841076774,0.0118607077002832,0.55895370414605,0.560129445183709,0.564620178675647,0.581573702875201,0.583442174503262
"7","hseal",10.28,0.88870464681988,0.0060245047125985,0.884162945984996,0.885332066240576,0.887115216255589,0.887734146577313,0.899178859040925
