"","var","importance","mean","sd","min","q25","med","q75","max"
"1","log_depth",0.75,0.994030198790212,0.000827865858253171,0.992617384240219,0.994146062145142,0.994152334791788,0.994501490765593,0.99473372200832
"2","brick_tbtm",0.93,0.992558710350737,0.00147671983535583,0.991081646292001,0.991408371392198,0.992691885929199,0.992783697135162,0.994827951005125
"3","brick_mld",1.17,0.990642848335865,0.00154262191932299,0.988658108182824,0.989326481632438,0.991365679563802,0.991916539815613,0.991947432484647
"4","brick_sss",0.29,0.997685623536943,6.83557448476541e-05,0.997584527534981,0.997646626032544,0.997717439737624,0.997733656194201,0.997745868185365
"5","brick_sbtm",45.71,0.634502214618954,0.0291727934170647,0.595119374794521,0.627725115386819,0.631455898325354,0.64196821110725,0.676242473480824
"6","gseal",51.16,0.590946399568797,0.0557782973511215,0.527322718842358,0.553850858571762,0.589436302093456,0.612118408448817,0.672003709887591
"7","hseal",0,1,0,1,1,1,1,1
