"","var","importance","mean","sd","min","q25","med","q75","max"
"1","log_depth",40.69,0.760397917194165,0.0190038336137885,0.736401080916285,0.744313798057044,0.769944880358212,0.770530281820139,0.780799544819146
"2","brick_tbtm",4.28,0.974815713499316,0.00140667318978535,0.973335703197054,0.973876146024011,0.974245458196199,0.976157400995275,0.97646385908404
"3","brick_mld",20.82,0.877373201181728,0.0086516534021652,0.867566478080012,0.869630355355829,0.878556271112879,0.883562691952735,0.887550209407187
"4","brick_sss",11.17,0.934212591275035,0.00702128352826954,0.928637376402437,0.930785610108344,0.931202362686831,0.934170836166743,0.946266771010819
"5","brick_sbtm",18.37,0.891836474103639,0.00865551351266011,0.880832793693735,0.885285262910466,0.893464277815103,0.898041254743329,0.901558781355561
"6","gseal",0.05,0.999715275151788,1.41615175851251e-05,0.999701460211549,0.999709976396695,0.999712277990877,0.999713488520367,0.99973917263945
"7","hseal",4.63,0.97274224059683,0.00171655371348722,0.970264672734766,0.971624586837497,0.973775448020454,0.973866311063217,0.974180184328215
