"","var","importance","mean","sd","min","q25","med","q75","max"
"1","log_depth",24.22,0.899179760895219,0.00381490498658013,0.895177906033462,0.896536073405245,0.898119097556147,0.901550928425908,0.904514799055333
"2","brick_tbtm",0,1,0,1,1,1,1,1
"3","brick_mld",39.54,0.835369114918948,0.0053591798667447,0.826112373376684,0.835492248004954,0.837931231354607,0.837939278886063,0.839370442972433
"4","brick_sss",0.16,0.99932819658972,5.88631165490031e-05,0.999282485264903,0.999285397375362,0.999305626618155,0.99934336777002,0.999424105920158
"5","brick_sbtm",29.16,0.878607617901084,0.00508829031864585,0.871358307876292,0.876800561021332,0.878039487888877,0.882676024674673,0.884163708044245
"6","gseal",6.51,0.972913909765378,0.00172464087866652,0.970770429671687,0.972052212383045,0.9724257299268,0.974328607148986,0.974992569696372
"7","hseal",0.42,0.998256744450525,7.88021331321862e-05,0.998146051649547,0.998233839129634,0.998238335898214,0.998323537317069,0.998341958258162
