"","var","importance","mean","sd","min","q25","med","q75","max"
"1","dfs",56.54,0.260975281723819,0.0228370368534062,0.2345043059429,0.25206437503549,0.254083950326078,0.268602605952121,0.295621171362506
"2","sst",32.22,0.57884557851129,0.0484555382260436,0.530206775903238,0.542121664039104,0.564643348957046,0.612517727463053,0.644738376194009
"3","v",10.3,0.865356982042013,0.0140953711639963,0.847562726607856,0.85376504400735,0.869619645174808,0.875689037151343,0.880148457268705
"4","u",0.93,0.987822208552841,0.00351111526634333,0.983789830194886,0.984205865592027,0.989982003830659,0.99021678599296,0.99091655715367
"5","xbtm",0,1,0,1,1,1,1,1
