"","var","importance","mean","sd","min","q25","med","q75","max"
"1","sbtm",41.78,0.241038123996723,0.0378323863005419,0.207981026081785,0.222383036363326,0.225400759200216,0.244948275435582,0.304477522902705
"2","sss",21.55,0.608541184245232,0.0322372722283644,0.57443674877702,0.577882766668254,0.611856644067531,0.63046055080848,0.648069210904877
"3","hseal",19.39,0.647829014150905,0.019703969404082,0.612714851486697,0.654917181061981,0.655036548945672,0.657501225232448,0.658975264027728
"4","log_depth",7.35,0.866485823947842,0.00659227521806987,0.856253800099458,0.863524772569911,0.869795406123914,0.870891295688361,0.871963845257566
"5","mld",5.64,0.89757045791354,0.00546218609496461,0.893049081808907,0.893371282005966,0.894378870849436,0.903271350172784,0.903781704730608
"6","tbtm",3.32,0.939620058548288,0.00341741465573405,0.933904950249302,0.939728941370521,0.94002072639719,0.941815944535292,0.942629730189136
"7","gseal",0.98,0.982275210177848,0.00251309255511883,0.980250015104079,0.980442666906821,0.980706145286219,0.984433703912813,0.985543519679309
