"","var","importance","mean","sd","min","q25","med","q75","max"
"1","log_depth",2.01,0.98501453213788,0.00039935053790897,0.984432892705634,0.984954610036347,0.984957481287404,0.985207723164412,0.985519953495605
"2","brick_sst",4.34,0.967650626456984,0.00152966911284377,0.965847554260812,0.966562287710996,0.967427403573729,0.969099086997112,0.969316799742273
"3","brick_tbtm",4.33,0.967708823554244,0.00158427565884205,0.965253074637431,0.96732242221645,0.968145718294295,0.968288472717389,0.969534429905652
"4","brick_sss",25.88,0.80709263432542,0.00309859425889403,0.804477062574209,0.804946771815134,0.806255208956215,0.807591595906358,0.812192532375184
"5","brick_sbtm",6.3,0.953007848575088,0.00222017691628351,0.950093341919256,0.951424790157764,0.953522147570937,0.954490260944279,0.955508702283202
"6","brick_mld",10.05,0.92508286640529,0.0053899658331812,0.919564879356664,0.923032742418662,0.923657742100463,0.925158759186988,0.934000208963674
"7","dfs",42.73,0.681508528217494,0.0215326424225658,0.65307515678197,0.664789355465612,0.688941660225628,0.700329952004007,0.70040651661025
"8","vel_mag",3.69,0.972508904928252,0.0021080112736762,0.969720335433313,0.970894157062585,0.973260353629507,0.974053265005889,0.974616413509963
"9","brick_xbtm",0.66,0.995107691770852,0.000409109677497998,0.994554217060406,0.994817031175833,0.995291742586594,0.995321685304543,0.995553782726883
