"","var","importance","mean","sd","min","q25","med","q75","max"
"1","log_depth",1.87,0.982567046230157,0.000237466617284744,0.982258549840629,0.982474343018842,0.982540774278951,0.982658836341578,0.982902727670788
"2","brick_sst",5.02,0.953181991027997,0.00136158780015036,0.952267282179451,0.952502266228494,0.952748983935902,0.952803911457308,0.95558751133883
"3","brick_tbtm",7.95,0.92584907503025,0.0049811448372495,0.921803262842995,0.921851843550786,0.924401614778141,0.927450222482372,0.933738431496959
"4","brick_sss",25.42,0.762820423240384,0.00858891918222403,0.750469852167217,0.759961517198674,0.761782591193006,0.770136749381243,0.771751406261779
"5","brick_sbtm",14.85,0.861405266613119,0.00488009149385263,0.855600465281044,0.858474994835434,0.860561331093292,0.864407590126612,0.867981951729212
"6","brick_mld",4.7,0.956152415589453,0.00197216755497244,0.953796442936009,0.954982059979342,0.955613083111193,0.95798305557265,0.958387436348073
"7","dfs",39.05,0.635619648987341,0.00990178169180269,0.619983535917917,0.634407753808305,0.637957523936877,0.638662426627975,0.64708700464563
"8","vel_mag",0.58,0.99461125426069,0.000152593383932697,0.994442232679073,0.994556737256986,0.994576929293274,0.994623623703451,0.994856748370665
"9","brick_xbtm",0.57,0.994715735595385,0.000133819760245062,0.994587676451459,0.994633468205718,0.994702439112757,0.994719650342558,0.99493544386443
