"","var","importance","mean","sd","min","q25","med","q75","max"
"1","log_depth",2.57,0.963423906992293,0.000784739857962416,0.962798494981941,0.962804267936897,0.963010029813362,0.963987986434122,0.964518755795143
"2","brick_sst",12.4,0.823370527804895,0.0038089002664939,0.818205584293563,0.821835755618385,0.824039872309631,0.824108872674547,0.828662554128346
"3","brick_tbtm",7.5,0.893145529295479,0.00598565423594368,0.885458145426183,0.888912933831531,0.893753762661305,0.897813033630677,0.8997897709277
"4","brick_sss",12.07,0.828108363500043,0.00716725937338743,0.816917514859396,0.827517605207045,0.829285425533632,0.830072921331992,0.836748350568149
"5","brick_sbtm",23.58,0.664072219854468,0.00713477968345353,0.653229284066357,0.661145680455104,0.665685319522076,0.669444854024331,0.67085596120447
"6","brick_mld",1.74,0.975184908238955,0.000959128272276261,0.974017888144974,0.974329867938064,0.975475409257026,0.976011073689883,0.976090302164828
"7","dfs",39.45,0.438013463958366,0.0187954898699985,0.416644778745234,0.426370263689968,0.433709425159262,0.449386747480453,0.463956104716912
"8","vel_mag",0.59,0.991528493943416,0.000156770606867842,0.991370344104812,0.991380408867424,0.991525649615468,0.991640639860904,0.991725427268473
"9","brick_xbtm",0.11,0.998495773907554,2.76177344160487e-05,0.998458688060055,0.998479535083477,0.99849771069906,0.998514842545542,0.998528093149638
