"","var","importance","mean","sd","min","q25","med","q75","max"
"1","log_depth",6.74,0.962933272162705,0.000863032567598046,0.962050119280939,0.962273533168126,0.962664573424305,0.963679447597154,0.963998687343002
"2","brick_sst",10.53,0.94208762009606,0.00104090563028079,0.94082226554322,0.941304663895341,0.942251910332984,0.942630858720193,0.943428401988563
"3","brick_tbtm",13.29,0.926889805470467,0.00159800884420469,0.924190030560358,0.926683826107842,0.927662741231402,0.927880617408695,0.928031812044037
"4","brick_sss",14.77,0.91875258757655,0.00375257838176176,0.913094142562636,0.916905019715703,0.920189434837144,0.921332222368585,0.922242118398679
"5","brick_sbtm",10.62,0.941555812302324,0.00196623799157271,0.938408233404258,0.940952841681205,0.942327021693709,0.942762159983925,0.943328804748521
"6","brick_mld",15.34,0.915632664886706,0.00300124724880823,0.913201144751287,0.913427436128572,0.91405732542543,0.917420016365474,0.920057401762765
"7","dfs",20.12,0.889306857599136,0.00465426125226982,0.884830689153031,0.886144723059326,0.887242084949763,0.892534312917935,0.895782477915624
"8","vel_mag",4.11,0.977407796444789,0.00117895066135641,0.975627637793321,0.976909068412332,0.977748015395379,0.97810598556375,0.978648275059163
"9","brick_xbtm",4.48,0.975356588769199,0.000593003293872366,0.97447167532758,0.97516133301694,0.975428980369671,0.975670258435005,0.976050696696801
