"","var","importance","mean","sd","min","q25","med","q75","max"
"1","log_depth",0.22,0.997794372983628,8.60769954810448e-05,0.99765209989972,0.997799789526764,0.997802556189577,0.997836119289672,0.997881300012405
"2","brick_sst",3.33,0.966384627154079,0.0025417581094864,0.962195704092557,0.966189932678031,0.967178147218055,0.967410559265349,0.968948792516402
"3","brick_tbtm",2.39,0.97587285885029,0.00207243769752316,0.972953216048561,0.974990962476038,0.976231711930376,0.976639446058944,0.978548957737531
"4","brick_sss",39.01,0.606387386745674,0.0138370451284376,0.589296353900731,0.595176106963349,0.610256191482107,0.61444521838677,0.622763062995414
"5","brick_sbtm",8.83,0.910891742480168,0.00330956649712394,0.905385304487935,0.910568435285019,0.912061862435339,0.912459223039695,0.913983887152853
"6","brick_mld",1.61,0.983799431899452,0.000288036524720556,0.983382236865285,0.983655116984077,0.983855156501193,0.983997703026799,0.984106946119905
"7","dfs",44.56,0.550395020168633,0.0176331113116647,0.530966660990031,0.539305073417959,0.548372346695187,0.556425648528444,0.576905371211544
"8","vel_mag",0.04,0.99955489068445,3.87151705722631e-05,0.999502266704936,0.999537679021847,0.999558379186977,0.999569132903732,0.999606995604759
"9","brick_xbtm",0,0.999957640232612,1.96585090752579e-06,0.999955880578048,0.999956376745235,0.999956692405939,0.999958630020338,0.999960621413499
