"","var","importance","mean","sd","min","q25","med","q75","max"
"1","log_depth",0.66,0.992251380420112,0.000311100917354195,0.991906428529381,0.991954676781251,0.992298786980125,0.992523039575266,0.992573970234538
"2","brick_sst",14.65,0.827920127785458,0.0059408751409562,0.820256573196735,0.824755229670484,0.827121360612178,0.832285429966878,0.835182045481012
"3","brick_tbtm",6.61,0.922336406216364,0.00557595124704022,0.916011390187075,0.91735099376842,0.923920723516466,0.924997634885275,0.929401288724584
"4","brick_sss",16.98,0.800467742412152,0.00470630832851241,0.796832553964817,0.797922880426176,0.798470327423155,0.800589026462518,0.808523923784096
"5","brick_sbtm",27.17,0.680802708730476,0.00973092378609698,0.674204250216542,0.674562723989658,0.676035426810528,0.681905613842949,0.697305528792701
"6","brick_mld",0.23,0.997302182782325,0.000297026610684761,0.996981555420855,0.997049413643688,0.997289802280399,0.997509969983215,0.997680172583467
"7","dfs",33.4,0.607523966947067,0.0113502439438691,0.596744729729739,0.597886782076729,0.603800771037986,0.618878899439644,0.620308652451235
"8","vel_mag",0.3,0.996424999001316,0.000144556933255726,0.996212702622916,0.996398773731663,0.996427401339991,0.996472534279377,0.996613583032632
"9","brick_xbtm",0,1,0,1,1,1,1,1
