"","var","importance","mean","sd","min","q25","med","q75","max"
"1","log_depth",6.1,0.968424034133362,0.00119967406120515,0.967213876545506,0.967407525528025,0.968454749577565,0.968871218836507,0.970172800179208
"2","brick_tbtm",9.82,0.949151274388421,0.00206656133213038,0.945662668434136,0.949149199675682,0.949645415189642,0.950350774816504,0.950948313826141
"3","brick_mld",41.34,0.785966455069924,0.0243905178554873,0.750563310005228,0.773040605425535,0.79222502530761,0.802818416983673,0.811184917627574
"4","brick_sss",15.06,0.922047182713317,0.00749510151003096,0.913102735248518,0.91528581455272,0.924369992153072,0.92731758134954,0.930159790262736
"5","brick_sbtm",4.67,0.975809578683903,0.00150513451689322,0.974669207602714,0.974877361522647,0.975362850195014,0.975742737920651,0.978395736178489
"6","gseal",14.76,0.923560253029254,0.00388156182194982,0.918602898672026,0.921320499337674,0.923758113792456,0.925307685226431,0.928812068117683
"7","hseal",8.25,0.9572712946735,0.000993362090496832,0.955755524727474,0.956942036238383,0.957459499008973,0.957841685869729,0.958357727522942
