"","var","importance","mean","sd","min","q25","med","q75","max"
"1","log_depth",1.1,0.990630098331069,0.000366668980810201,0.990207158017682,0.990255461814952,0.9908529340565,0.990874259456047,0.990960678310164
"2","brick_tbtm",1.74,0.985162291668629,0.00095300601795145,0.983963568733379,0.984847777936273,0.985148730834928,0.985243309617799,0.986608071220764
"3","brick_mld",66.89,0.42843681073385,0.0254407182382612,0.408169239488046,0.410762202225142,0.41236305225256,0.446827128074362,0.464062431629141
"4","brick_sss",0,1,0,1,1,1,1,1
"5","brick_sbtm",0,1,0,1,1,1,1,1
"6","gseal",30.27,0.74132087665445,0.0206185600141216,0.709332338756507,0.737740343212752,0.74061536735798,0.757727134315633,0.761189199629376
"7","hseal",0,1,0,1,1,1,1,1
