"","var","importance","mean","sd","min","q25","med","q75","max"
"1","log_depth",3.04,0.964710538195263,0.00166777858127189,0.961866066711757,0.965074220236625,0.965092642687954,0.965233375287755,0.966286386052224
"2","brick_tbtm",0.02,0.999764985829956,2.6088061029718e-05,0.999743846002723,0.999744320820087,0.999750217295896,0.999789397594612,0.99979714743646
"3","brick_mld",46.67,0.458187707184567,0.0503123211995084,0.405571940742735,0.408158137899166,0.476012047756434,0.478931014699959,0.522265394824539
"4","brick_sss",11.69,0.864293380755154,0.0130362625773958,0.84238162703526,0.86543562609547,0.866252190974396,0.870733196802809,0.876664262867835
"5","brick_sbtm",0,1,0,1,1,1,1,1
"6","gseal",26.12,0.696768482565239,0.016723475273837,0.678329077213604,0.687191723289027,0.696220481512321,0.699245557415174,0.722855573396069
"7","hseal",12.46,0.855333116489463,0.00661245616023571,0.84961847673077,0.851487398001614,0.852928447854583,0.856311217764664,0.866320042095683
