"","var","importance","mean","sd","min","q25","med","q75","max"
"1","log_depth",0,1,0,1,1,1,1,1
"2","brick_tbtm",3.8,0.969395284804758,0.00220068971951869,0.966533504988007,0.967636299183041,0.970181127135803,0.971070402552876,0.971555090164064
"3","brick_mld",54.52,0.56051743995003,0.041145774547408,0.509855373993992,0.54407324765449,0.544596421854544,0.591200576306116,0.612861579941006
"4","brick_sss",7.05,0.943194184693767,0.00426183587418507,0.938136726448216,0.939789107896744,0.943265838125931,0.947020866186835,0.947758384811106
"5","brick_sbtm",6.87,0.944594194612638,0.00248498045987747,0.941297442131305,0.94357269283093,0.944172734487704,0.946133872954214,0.947794230659038
"6","gseal",23.73,0.808703884122139,0.0144419587484755,0.788354362258566,0.804696828730375,0.805423451301599,0.820128881846029,0.824915896474127
"7","hseal",4.04,0.967436862260561,0.00673112879703322,0.960341976494393,0.961585149739436,0.96662336132454,0.973504358189849,0.97512946555459
