"","var","importance","mean","sd","min","q25","med","q75","max"
"1","gseal",26.59,0.44836204807068,0.016262014656956,0.419714971396298,0.451118184887804,0.455857455729844,0.456113741511283,0.45900588682817
"2","mld",24.47,0.492388557496863,0.013138048740908,0.47448698849133,0.488186073261222,0.488558125386215,0.504538708722286,0.506172891623265
"3","tbtm",18.34,0.619558732597442,0.0137492124932148,0.605989940937277,0.606215780317603,0.619418397053032,0.629337126558978,0.636832418120319
"4","sbtm",18.07,0.625039300083181,0.0181531396464279,0.605858210728423,0.611677131571878,0.621557121452031,0.635614190204417,0.650489846459158
"5","log_depth",11.9,0.753025538588794,0.00571735637902234,0.74729380931852,0.748618851194976,0.752032937057827,0.755803037570152,0.761379057802498
"6","sss",0.62,0.987047424264135,0.000887018659631367,0.98587865345694,0.986405884717206,0.987238721896841,0.987751066703269,0.987962794546416
"7","hseal",0,1,0,1,1,1,1,1
