"","var","importance","mean","sd","min","q25","med","q75","max"
"1","mld",30.85,0.43776681851924,0.0190273875584384,0.417533765994924,0.427933114864436,0.428078574561111,0.452259354417818,0.463029282757909
"2","gseal",28,0.489735297732852,0.0206337143350571,0.467310589876884,0.472213638144881,0.487539889295154,0.510393792376288,0.51121857897105
"3","tbtm",18.21,0.668219631523835,0.0162779458665663,0.645753787559011,0.660765075909839,0.669218410637206,0.676341123291832,0.689019760221286
"4","sbtm",12.17,0.778215438283013,0.00822255948756801,0.771109682235713,0.771606220998918,0.774200770259083,0.785859446657817,0.788301071263536
"5","log_depth",5.73,0.89553465163652,0.00217208020039874,0.893174416964225,0.893477863055158,0.895699916878189,0.897612536294984,0.897708524990041
"6","sss",5.04,0.908220849024793,0.00737798938352457,0.899711033273903,0.901765010544816,0.910092917392475,0.912082641078514,0.917452642834259
"7","hseal",0,1,0,1,1,1,1,1
