"","var","importance","mean","sd","min","q25","med","q75","max"
"1","log_depth",32,0.614189876436456,0.00595666218834608,0.607217229908287,0.608764188721991,0.615447284983548,0.619421059170227,0.620099619398226
"2","sbtm",26.34,0.682427838095343,0.00904460864002956,0.670946465567934,0.678536912028565,0.679773711910958,0.689123920785673,0.693758180183583
"3","tbtm",14.19,0.828837704143954,0.00413469719644733,0.823717605722782,0.825752244215402,0.829419729864358,0.831374806974067,0.833924133943162
"4","hseal",9.31,0.887689896893277,0.00243028073242062,0.88485145742097,0.886580373761099,0.887433629343767,0.888143705432658,0.891440318507891
"5","gseal",8.52,0.897313005081437,0.00312943414631545,0.894508720683846,0.894885149078816,0.896164998436059,0.899134890179167,0.901871267029296
"6","mld",7.87,0.905154280595265,0.0018321022917831,0.903156902600981,0.903714984652421,0.905207249494565,0.905941211026021,0.90775105520234
"7","sss",1.78,0.978574403195289,0.000813916784611284,0.977707942352854,0.977996921009083,0.978302944488094,0.979330588855332,0.979533619271084
