"","var","importance","mean","sd","min","q25","med","q75","max"
"1","sbtm",32.84,0.566557494511843,0.00898916052657283,0.556213047738477,0.559691441092053,0.568760457228009,0.568981714845748,0.579140811654927
"2","log_depth",29.51,0.610591572048792,0.014280271639131,0.591032892668365,0.603636997564004,0.61324147383815,0.615702514206222,0.629343981967222
"3","tbtm",12.1,0.840298566382827,0.00518267851071229,0.834437937107476,0.83501334318043,0.842484673589599,0.84443024079931,0.84512663723732
"4","hseal",10.28,0.864323243538208,0.00193183541348432,0.862747603713841,0.862943720841051,0.864022660354018,0.864346133800769,0.867556098981361
"5","gseal",7.78,0.897299439850313,0.00347062769423738,0.891559334323578,0.897217251553669,0.898338089825955,0.898528282412595,0.90085424113577
"6","mld",5.81,0.923362537537339,0.00160969090446701,0.921280584539192,0.922091367227906,0.92414397160482,0.924150092575936,0.925146671738843
"7","sss",1.68,0.97779339222689,0.000276163430826269,0.977429628506492,0.977690260071807,0.977816193322436,0.97783799286474,0.978192886368973
