"","var","importance","mean","sd","min","q25","med","q75","max"
"1","log_depth",2.5,0.984568839797098,0.000438274168588076,0.983940292367154,0.984324991327885,0.984677943649506,0.984877712147847,0.985023259493098
"2","brick_tbtm",0.41,0.997485494339408,9.67168280776536e-05,0.997347991991768,0.997437895892129,0.997496781606171,0.997549916688131,0.997594885518841
"3","brick_mld",64.77,0.600746007502721,0.0114469664186523,0.584219942345571,0.597673788119274,0.598736461836074,0.610118950502877,0.612980894709807
"4","brick_sss",11.35,0.930060496260901,0.00163832438329611,0.927688468048951,0.929304049381389,0.930373987117804,0.930979443200109,0.931956533556251
"5","brick_sbtm",13.41,0.917329018873051,0.0034344054317786,0.913656148402805,0.914269335813409,0.91722924630043,0.920045671305769,0.921444692542842
"6","gseal",1.86,0.988548584786323,0.000492954555856458,0.987819133004273,0.988437423925706,0.988488422724848,0.988903465254245,0.989094479022541
"7","hseal",5.7,0.96485980167525,0.0013410022603201,0.963314451263174,0.963872425212336,0.964650988472371,0.966111189721939,0.966349953706428
