"","var","importance","mean","sd","min","q25","med","q75","max"
"1","log_depth",1.45,0.984579083053068,0.000986332548965316,0.983177066959358,0.983909267938745,0.985150821105734,0.98521714294417,0.985441116317331
"2","brick_tbtm",50.72,0.460507410334678,0.0163722556445986,0.435153959074294,0.457145884875234,0.462253604617091,0.468922340645602,0.479061262461166
"3","brick_mld",2.44,0.974016765516906,0.000668877862293091,0.97306327091619,0.97375608540183,0.973981291249653,0.974518272149586,0.974764907867273
"4","brick_sss",0.62,0.993387540132599,0.000335274281481187,0.992963902820562,0.993302946225211,0.993328125650608,0.99344958632523,0.993893139641384
"5","brick_sbtm",0.29,0.996923276064101,0.000105245267355828,0.996833501795751,0.996833752204646,0.996876317909388,0.997021719118533,0.997051089292187
"6","gseal",28.61,0.69563775229811,0.00603006162739795,0.689337559734231,0.691417858698777,0.69622594755448,0.696228801042073,0.704978594460991
"7","hseal",15.87,0.831228264689555,0.00628106193050102,0.823771508097903,0.827369007102567,0.829586296805754,0.837133165217193,0.838281346224357
