"","var","importance","mean","sd","min","q25","med","q75","max"
"1","log_depth",8.36,0.921892537588614,0.00132941513888276,0.920243657774338,0.921143200001873,0.921584542901963,0.923118336275216,0.923372950989679
"2","brick_tbtm",10.33,0.90348117522966,0.00315141335848494,0.900535948284855,0.901092227107224,0.90333660012083,0.903949544370096,0.908491556265295
"3","brick_mld",28.49,0.733673416780852,0.00404719112356226,0.728391282951121,0.731038977922579,0.734590508801755,0.735539083142695,0.738807231086111
"4","brick_sss",15.17,0.858182573776683,0.00424022382461267,0.852904740810278,0.855167524006536,0.858144689176135,0.861980759311989,0.862715155578477
"5","brick_sbtm",10.44,0.902438988562221,0.0037975857090336,0.898242206196469,0.898636305808923,0.903962747906632,0.904598874533868,0.906754808365214
"6","gseal",13.45,0.874254693688778,0.0025794138212445,0.871495018261525,0.871877906134904,0.874568761833268,0.875765282888923,0.877566499325269
"7","hseal",13.77,0.871316876296688,0.00138059080550477,0.869670872668809,0.870191094446841,0.871445063615612,0.872377262320563,0.872900088431614
