"","var","importance","mean","sd","min","q25","med","q75","max"
"1","sbtm",26.71,0.634430538085746,0.0159288041966247,0.617903710035091,0.624327242030141,0.627083624424732,0.649357760305533,0.653480353633232
"2","tbtm",20.12,0.724608562512243,0.00876625181008225,0.71375895889053,0.718388157113831,0.72531572510297,0.729908155530999,0.735671815922882
"3","gseal",17.63,0.758763510748626,0.00705734270010286,0.750139872157943,0.756246295208596,0.758034766520491,0.759822549649959,0.769574070206143
"4","sss",14.31,0.80418449046436,0.00583325843056485,0.795976984910465,0.802048763761997,0.803959050568365,0.807433648289205,0.81150400479177
"5","log_depth",10.27,0.859465305237701,0.00641244615644676,0.851826445646469,0.856744463856092,0.857398836473188,0.862741762037201,0.868615018175558
"6","hseal",6.25,0.914438935382379,0.00230248589877433,0.9108238590269,0.9136991916701,0.915014593692448,0.91608628377467,0.916570748747776
"7","mld",4.71,0.935552155413354,0.00319056100399083,0.931544742921044,0.93351907512734,0.936088756544022,0.936708545638051,0.939899656836314
