"","var","importance","mean","sd","min","q25","med","q75","max"
"1","brick_sst",30.84,0.796015523940122,0.0272349406801802,0.761661089698784,0.77581146425584,0.801455989179081,0.812129191558924,0.829019885007983
"2","dfs",10.01,0.933820386573038,0.00892159817423537,0.919675950971103,0.932542273383141,0.935786988375204,0.93721052792979,0.943886192205951
"3","brick_u",23.69,0.843337732556475,0.00808438704348548,0.837713336404945,0.838381698607291,0.8399195340779,0.843424439920677,0.85724965377156
"4","brick_v",26.65,0.823735016546377,0.00844864832052096,0.809403528723812,0.824238696874706,0.825347957046696,0.828686956253485,0.830997943833188
"5","brick_xbtm",8.81,0.941768012413949,0.00478138640598327,0.934834167261557,0.939027947028297,0.943235245161441,0.945743084353205,0.945999618265243
