"","var","importance","mean","sd","min","q25","med","q75","max"
"1","brick_sst",54.02,0.36918326604686,0.0567937099746983,0.287523199791517,0.352198905060921,0.37775307592181,0.384094945743274,0.444346203716776
"2","dfs",4.52,0.947220180574423,0.00561138083871626,0.937648009780596,0.947152500352168,0.949627357656674,0.949748156909951,0.951924878172725
"3","brick_u",13.34,0.844285862639921,0.0339535388349604,0.798947690677037,0.825020323464366,0.843044318210256,0.874440811972417,0.87997616887553
"4","brick_v",22.93,0.732250303794784,0.0534701618809008,0.678729486998624,0.698214930623898,0.711849685075249,0.762043724430885,0.810413691845264
"5","brick_xbtm",5.19,0.939395479063655,0.00921717191938297,0.925067940612173,0.937933748005029,0.940063709249907,0.943986102237421,0.949925895213745
