"","var","importance","mean","sd","min","q25","med","q75","max"
"1","log_depth",54.52,0.42905564342083,0.00589666383021493,0.421318535556106,0.427571097247169,0.427663625645216,0.431300361296232,0.437424597359428
"2","dfs",10.5,0.890035121150175,0.00252997234940291,0.886513482105551,0.888272323790983,0.891073668888804,0.892132791179632,0.892183339785903
"3","sst",10.22,0.892987430268902,0.00151528627742278,0.891316272346159,0.891921996393941,0.893017495581471,0.893448251598758,0.895233135424183
"4","sbtm",9,0.905759507650217,0.00435634835892468,0.901407553990154,0.90220059937146,0.905878196394874,0.907016211105419,0.912294977389177
"5","tbtm",7.48,0.921643169732451,0.00243367906465799,0.918611080176197,0.919899174964259,0.922163442751333,0.922739222347749,0.924802928422717
"6","mld",6.72,0.929665997531183,0.00258727871221382,0.926689022350545,0.927837705871297,0.929127166684738,0.932315863115767,0.932360229633567
"7","sss",1.56,0.983674557092683,0.000686267632965068,0.9828647002304,0.983123284026998,0.983786582587555,0.984042786980905,0.984555431637555
