"","var","importance","mean","sd","min","q25","med","q75","max"
"1","sbtm",27.55,0.750414149630434,0.00223137106046438,0.747454617783692,0.749044597012802,0.750974037925512,0.751333172930487,0.753264322499677
"2","log_depth",25.38,0.770065539701537,0.00416666145778652,0.763670300655118,0.769375695233144,0.76972159388164,0.773358292701137,0.774201816036648
"3","tbtm",14.74,0.866468521204236,0.00432242906660328,0.86208112070573,0.86366855622896,0.865489745026952,0.867968614328706,0.87313456973083
"4","dfs",14.06,0.872586446300692,0.00227498571476814,0.870873336061167,0.870938909611084,0.871242874550627,0.873893784269414,0.875983327011167
"5","mld",8.66,0.921556694231483,0.00200158232376149,0.919690994807133,0.91984368651955,0.920895959325507,0.923370562018855,0.923982268486371
"6","sst",7.44,0.93258668180992,0.00128372729193486,0.930400935864695,0.932674138425846,0.932962579995637,0.933146154021887,0.933749600741534
"7","sss",2.17,0.980341412643641,0.000503342036510015,0.97995166756992,0.979958291610206,0.98005574090424,0.98067980157172,0.981061561562118
