"","var","importance","mean","sd","min","q25","med","q75","max"
"1","mld",55.73,0.675621065975495,0.0130807535730788,0.656961649990519,0.672073732948427,0.673522995682222,0.68431637713624,0.691230574120067
"2","log_depth",35.4,0.793940788037709,0.00594959135907397,0.784721982522991,0.791258930506707,0.797041588291299,0.797606532934217,0.79907490593333
"3","tbtm",8.87,0.948371321974924,0.00180174473310521,0.946812505059023,0.946921325829017,0.947568689393263,0.949755048951394,0.950799040641922
"4","sss",0,1,0,1,1,1,1,1
"5","sbtm",0,1,0,1,1,1,1,1
"6","gseal",0,1,0,1,1,1,1,1
"7","hseal",0,1,0,1,1,1,1,1
