"","var","importance","mean","sd","min","q25","med","q75","max"
"1","log_depth",6.72,0.951678403916318,0.000801476581727719,0.950550580922421,0.951405687844334,0.951823428894732,0.951851237875082,0.95276108404502
"2","brick_tbtm",14.52,0.895633609605799,0.00167444848411289,0.893570240752564,0.895236077868686,0.895453474925479,0.895673579263944,0.898234675218323
"3","brick_mld",10.11,0.927320948297832,0.00347294204245367,0.924066834764744,0.924829418702624,0.926279701819037,0.928799556083258,0.932629230119497
"4","brick_sss",26.37,0.810421124416317,0.00630912414643778,0.804205968388919,0.805937525831843,0.809399194559649,0.812359872176934,0.82020306112424
"5","brick_sbtm",10.82,0.922211289309074,0.00166678503836327,0.920081137158178,0.920829339357064,0.922827569336123,0.923443954230473,0.923874446463534
"6","gseal",16,0.884989788430723,0.00438880007077644,0.877918652670981,0.885181918226169,0.885301356822466,0.886638622441766,0.889908391992231
"7","hseal",15.46,0.888858887318243,0.00112664335210783,0.8873529343007,0.888121815114193,0.889229526259174,0.889361581537105,0.890228579380042
