"","var","importance","mean","sd","min","q25","med","q75","max"
"1","log_depth",17.91,0.857664258631518,0.00484307574061658,0.851674268387793,0.85652480020019,0.857298061017321,0.857642683645053,0.865181479907233
"2","brick_tbtm",9.1,0.927688745222172,0.00428288689272383,0.924148869984046,0.924578287077559,0.925094710677928,0.931386637681025,0.933235220690305
"3","brick_mld",13.3,0.894289079650019,0.00283246414322925,0.890031306740396,0.893566222192643,0.894279215092886,0.896081603007714,0.897487051216457
"4","brick_sss",14.98,0.880941826664044,0.010070265271259,0.868080269353455,0.877531698030081,0.878426998409696,0.88554961525149,0.895120552275498
"5","brick_sbtm",18.08,0.856309506956177,0.00516682506979513,0.850109777900994,0.851757506434337,0.858405161806739,0.858938810671769,0.862336277967045
"6","gseal",12.42,0.901276775559121,0.00276081671996241,0.898806784471828,0.899757231375394,0.90011702188374,0.901918035896541,0.905784804168101
"7","hseal",14.22,0.887002737691682,0.00642798206377066,0.878585955688408,0.884443181926387,0.885940123993051,0.890349673008842,0.895694753841722
