"","var","importance","mean","sd","min","q25","med","q75","max"
"1","log_depth",1.25,0.996033372558063,0.000142902043728925,0.995778727550002,0.996075679737904,0.996101523053946,0.996103173265529,0.996107759182932
"2","brick_tbtm",9.39,0.97014148240195,0.00145144880845441,0.968681841666431,0.968779398641834,0.970226309472974,0.970923206332306,0.972096655896203
"3","brick_mld",6.73,0.978593863844426,0.000488943390231804,0.978060576976653,0.978280495980763,0.9784058699227,0.979071960491132,0.979150415850883
"4","brick_sss",25.96,0.917401058268685,0.00185690569695056,0.915280572724524,0.916975457214489,0.917079381793741,0.91726980537144,0.920400074239228
"5","brick_sbtm",9.55,0.969610525645511,0.00115869568739721,0.967863352988832,0.969259444758533,0.969729908812393,0.970266631883793,0.970933289784002
"6","gseal",25.04,0.92035028547579,0.00204170291265976,0.918573707829254,0.918598682494189,0.920419829138649,0.92058562590553,0.923573582011329
"7","hseal",22.09,0.929728346883102,0.00205404678482199,0.927336103810366,0.929313610654789,0.929437208576336,0.92953131407297,0.933023497301047
