"","var","importance","mean","sd","min","q25","med","q75","max"
"1","gseal",27.28,0.71163358615431,0.00384787361641077,0.705952407353373,0.710781814961679,0.711030467964132,0.714755675952698,0.715647564539671
"2","mld",20.75,0.780606917523018,0.00780293918731974,0.775073407050002,0.775074777194444,0.778851218819981,0.780051849472936,0.793983335077728
"3","tbtm",19.94,0.789145040183975,0.00461674566188256,0.784364055234577,0.785482561281903,0.788028393951788,0.792914886827041,0.794935303624567
"4","fish_biomass",14.33,0.848542091991878,0.0052010299424724,0.839664833199664,0.848723152199819,0.850537396584656,0.850681730822274,0.853103347152975
"5","sbtm",7.64,0.919222870846126,0.00267859442847084,0.915989886051067,0.917672536572679,0.918498280530037,0.921702798729678,0.922250852347167
"6","sss",5.38,0.943153010093744,0.000805525833577505,0.942135684886717,0.942674463182651,0.943146924893667,0.943584963026005,0.94422301447968
"7","log_depth",3.59,0.962001026290793,0.00161280859057217,0.959705011043444,0.961027054890043,0.962502490107207,0.963161150918254,0.963609424495015
"8","hseal",1.09,0.988506245963124,0.000254691583720358,0.98826194776206,0.98832376627678,0.988386179727302,0.988743921586022,0.988815414463454
