"","var","importance","mean","sd","min","q25","med","q75","max"
"1","log_depth",4.91,0.961260064480605,0.00234184089335741,0.957904416575796,0.95971131434587,0.962579585866725,0.962816846023262,0.963288159591375
"2","brick_tbtm",1.22,0.990394190933223,0.00037250969919085,0.98987349082283,0.990155968206588,0.990501847420649,0.990677923134472,0.990761725081576
"3","brick_mld",6.07,0.952106296989013,0.00255527914386738,0.949129653553635,0.950325808272615,0.951720093357176,0.954081661658882,0.955274268102758
"4","brick_sss",50.31,0.603080842492735,0.0278388396543087,0.556319735837054,0.599626134852315,0.613449460841321,0.622831071279464,0.623177809653521
"5","brick_sbtm",2.48,0.980401756589854,0.00125469488595989,0.978814209078794,0.979770591656135,0.980179944629456,0.981203043541332,0.982040994043551
"6","gseal",7.39,0.941702681517118,0.00305321721004336,0.937780810066778,0.940356992020829,0.94194702528947,0.942288085784313,0.946140494424201
"7","hseal",27.62,0.782080500871425,0.0135819510083945,0.764570606920467,0.772518905038924,0.783123393754632,0.794981843852274,0.795207754790828
