"","var","importance","mean","sd","min","q25","med","q75","max"
"1","log_depth",31.89,0.277971470866503,0.0237804351793607,0.253084178347602,0.259977071139701,0.2712846615339,0.297979266619753,0.307532176691558
"2","brick_tbtm",10.12,0.770929809413348,0.0159876266137695,0.753663749465213,0.756765792714738,0.772755761988838,0.779323110259284,0.792140632638669
"3","brick_mld",4.48,0.898658916141366,0.00182526396590888,0.896685714892727,0.897733247164901,0.898547651684827,0.898743924895498,0.901584042068877
"4","brick_sss",17.2,0.610587818209057,0.0141720480177915,0.594750799497491,0.596452892687654,0.615405498974889,0.620595712151021,0.625734187734232
"5","brick_sbtm",23.93,0.458171517255478,0.0190455080836426,0.440287709909791,0.441375609100497,0.457328299646832,0.465508445152516,0.486357522467752
"6","gseal",11.6,0.737418481868275,0.0100229037253648,0.727702207221385,0.727869607003959,0.736356921237147,0.74551629722974,0.749647376649146
"7","hseal",0.8,0.981790962537018,0.00119021789669252,0.979732931653466,0.981940160720618,0.98210567463888,0.982448256239387,0.982727789432742
