"","var","importance","mean","sd","min","q25","med","q75","max"
"1","log_depth",5.7,0.942409212367076,0.00596266504608696,0.933497108770992,0.939421970564693,0.94500406649011,0.94567505134602,0.948447864663563
"2","brick_tbtm",2.91,0.970594867660382,0.000858512019433011,0.969827045332017,0.970238377250744,0.970309805965671,0.970538927933237,0.97206018182024
"3","brick_mld",5.1,0.948522871277415,0.00161306384549461,0.946642707855967,0.946941528647365,0.949183644676758,0.949840873491477,0.950005601715509
"4","brick_sss",48.57,0.509367743068748,0.0333240601052642,0.467092993910899,0.492998741833553,0.507385076024199,0.5231709382271,0.556190965347988
"5","brick_sbtm",5.05,0.948942277940927,0.00132273905871741,0.94715341087944,0.948020690652751,0.949548935814411,0.949565123504874,0.950423228853158
"6","gseal",8.22,0.916942392310922,0.00313204138066118,0.913884997179948,0.91434728544536,0.91602306385806,0.919629623279085,0.920826991792157
"7","hseal",24.45,0.752985442383473,0.0093531096789075,0.740503857156241,0.745896330924234,0.756264322722274,0.760676116899026,0.761586584215588
