"","var","importance","mean","sd","min","q25","med","q75","max"
"1","log_depth",27.17,0.431125815951847,0.0337277511101585,0.399102691484095,0.416938304569574,0.42148658033587,0.430146081947494,0.487955421422203
"2","brick_tbtm",6.23,0.869603292569239,0.00367716820998699,0.864060929032567,0.868464345693483,0.870329068239372,0.871200784014523,0.873961335866249
"3","brick_mld",7.41,0.844914337757119,0.00888771111288469,0.833901682493062,0.838103965670731,0.845626960682766,0.852628382980568,0.854310696958468
"4","brick_sss",22.6,0.526664726918377,0.0167233803464366,0.504687542208741,0.524042038309077,0.5243306587242,0.528715827570284,0.551547567779585
"5","brick_sbtm",24.14,0.494568153510838,0.0197860935245362,0.475288333952595,0.478910508706299,0.49311657685974,0.500827505877062,0.524697842158494
"6","gseal",9.94,0.791842256904654,0.0120913879210561,0.776007164605059,0.783539962623712,0.794763702549712,0.798479365411816,0.80642108933297
"7","hseal",2.52,0.947222414924851,0.00142584846914707,0.945773919773846,0.945922411847882,0.947277057988833,0.947972427295731,0.949166257717966
