"","var","importance","mean","sd","min","q25","med","q75","max"
"1","log_depth",9.04,0.9644697663901,0.00116367065416634,0.962909763974106,0.963856754214097,0.964381062746636,0.965456450137236,0.965744800878422
"2","brick_sst",27.24,0.892958309342315,0.00466845454496877,0.886432735553642,0.889886079499327,0.894732905414208,0.896031556875066,0.897708269369332
"3","brick_tbtm",8.59,0.966250181286383,0.00168192178172457,0.964287171536403,0.965148110114626,0.965979747951061,0.967364985657058,0.968470891172769
"4","brick_sss",13.9,0.945376467458747,0.00219703954956991,0.942305555501018,0.94422693731592,0.945993377881968,0.946260978539166,0.948095488055661
"5","brick_sbtm",5.58,0.978057056249653,0.000582600926627256,0.977200139526654,0.977889157642169,0.97810754395723,0.97830132813114,0.97878711199107
"6","brick_mld",15.15,0.940460398280468,0.00059081195103447,0.939642865812208,0.940166014673155,0.940550614879291,0.940735515059836,0.941206980977852
"7","dfs",8.65,0.966022258652701,0.00189968836671943,0.962832536209316,0.965785088026545,0.966808540316036,0.96711892263623,0.967566206075376
"8","vel_mag",5.91,0.976790062305391,0.00156455527515468,0.974607996278569,0.975735853398241,0.977335229751809,0.978122829898284,0.978148402200053
"9","brick_xbtm",5.93,0.976712033915502,0.00112754522788569,0.975118373324086,0.976060192599762,0.977088737610087,0.977305351851826,0.977987514191749
