"","var","importance","mean","sd","min","q25","med","q75","max"
"1","log_depth",5.63,0.971706947075681,0.00114671135875709,0.969793280660331,0.971792800057535,0.971810540732047,0.972353303271443,0.972784810657049
"2","brick_sst",38.02,0.808786239769738,0.0121573324137075,0.791235149193196,0.805741813505705,0.806513069323609,0.818318232107359,0.822122934718817
"3","brick_tbtm",6.17,0.968951815110621,0.00107135564828767,0.968071978734837,0.968265690700434,0.968451794220196,0.969291202347471,0.970678409550165
"4","brick_sss",14.54,0.926859565557134,0.00365247267284943,0.923599071991209,0.924968643033611,0.925570910890531,0.927184956423391,0.932974245446927
"5","brick_sbtm",2.88,0.985501045774187,0.000848128393454317,0.984254786363953,0.985215351544341,0.985461225142484,0.986233638852521,0.986340226967634
"6","brick_mld",22.78,0.885447894239471,0.00663872916174745,0.875447379617902,0.882128071217168,0.887987304821395,0.890248196065743,0.891428519475148
"7","dfs",4.99,0.974885834454049,0.000863751862523817,0.973988056763478,0.974516015588136,0.974731677859394,0.974887118513548,0.976306303545686
"8","vel_mag",3.12,0.984316493138818,0.000379844338867138,0.983882143811225,0.984224713063673,0.984249654563826,0.984296930406383,0.984929023848984
"9","brick_xbtm",1.87,0.990571416790119,0.000290418080581347,0.99021474780781,0.990306848710352,0.990701642146635,0.990780475946461,0.990853369339339
