"","var","importance","mean","sd","min","q25","med","q75","max"
"1","log_depth",49.18,0.415071281959294,0.0138105840045614,0.398389125472622,0.405887344560227,0.414436543922725,0.423385103328519,0.433258292512376
"2","brick_sst",14.25,0.830500364239685,0.00638415803187918,0.824632134147007,0.827600364040315,0.828830401875959,0.830110670044149,0.841328251090995
"3","brick_tbtm",6.41,0.923718135659391,0.0012816687458606,0.922161624172485,0.923241733144802,0.923723601656493,0.923766015691448,0.925697703631725
"4","brick_sss",0,1,0,1,1,1,1,1
"5","brick_sbtm",18.28,0.782598480178703,0.00799359250510239,0.770900943851123,0.780902229104365,0.781014098793547,0.789313799030367,0.790861330114114
"6","brick_mld",6.55,0.922045624083552,0.00232807862510855,0.919165550057533,0.921176403792333,0.921857192284851,0.92245867866939,0.925570295613651
"7","dfs",0,1,0,1,1,1,1,1
"8","vel_mag",5.31,0.936808694498348,0.00324449668350686,0.932600794168696,0.934320721277646,0.938022123891278,0.938625365030456,0.940474468123666
"9","brick_xbtm",0,1,0,1,1,1,1,1
