"","var","importance","mean","sd","min","q25","med","q75","max"
"1","sst",46.38,0.290106707727214,0.0364990180206834,0.255545589241693,0.271547445612799,0.280669400223142,0.291855895488387,0.35091520807005
"2","mld",23.04,0.647288903251959,0.0282989820548986,0.610836087886066,0.633287227895293,0.642457728286794,0.666966743513618,0.682896728678024
"3","log_depth",16.23,0.751609127716754,0.00744776842787354,0.740774084114769,0.7505715973699,0.750686877713448,0.754789547767786,0.761223531617867
"4","dfs",9.21,0.859054034884364,0.0099470490349754,0.846652389901365,0.853730675610431,0.857912555731182,0.86434233310465,0.872632220074193
"5","sbtm",2.91,0.955476873124648,0.00367095398824506,0.949773814447645,0.954355494865605,0.956198943504218,0.957827906121092,0.959228206684682
"6","fish_biomass",1.52,0.976692516160688,0.00166207197952194,0.974157478694696,0.9761055263542,0.977116918508283,0.977561613289202,0.978521043957061
"7","sss",0.5,0.992302578041802,0.00103887941197939,0.990515367635133,0.992378899592201,0.992574346264719,0.992959914375477,0.993084362341479
"8","tbtm",0.21,0.996710439569899,0.000154974282964965,0.996494074520966,0.996610303965987,0.996779782482078,0.996790000113958,0.996878036766507
