"","var","importance","mean","sd","min","q25","med","q75","max"
"1","sst",58.72,0.100868480976876,0.0588858878596555,0.0263180695217743,0.0782473347449132,0.0983370786095315,0.113143619169383,0.188296302838777
"2","dfs",17.74,0.728407912781836,0.0262997994665551,0.707809384706506,0.715021390125796,0.720847353223459,0.724250429799378,0.774111006054042
"3","log_depth",10.73,0.835716952010715,0.0157947356849825,0.813042019197435,0.833481797379307,0.836128771310567,0.838519021964136,0.857413150202131
"4","mld",6,0.908134140860077,0.0110789214187249,0.891650763526575,0.906112651079892,0.906801206789835,0.915168950709972,0.920937132194111
"5","fish_biomass",4.64,0.92902424121797,0.0040244387508714,0.924484037714523,0.925342496668007,0.930112534732318,0.931179182879628,0.934002954095376
"6","sbtm",2.12,0.967511596865485,0.00272165063977255,0.964104082046564,0.965604334519151,0.968025490046296,0.968773532774355,0.971050544941059
"7","tbtm",0.06,0.999038551409528,0.000123254051715893,0.998857747117858,0.99898105945927,0.99906865895641,0.999109532330206,0.999175759183896
"8","sss",0,1,0,1,1,1,1,1
