"","var","importance","mean","sd","min","q25","med","q75","max"
"1","log_depth",22.53,0.831930397654434,0.00381493324426999,0.828456126024292,0.828920479760111,0.830176485223849,0.835855383156763,0.836243514107153
"2","brick_tbtm",13.01,0.902938789722436,0.00429640885268226,0.898361471983493,0.899623740684267,0.902529574371427,0.905183073746059,0.908996087826932
"3","brick_mld",10.59,0.921049463600187,0.00357525523664535,0.917701811288185,0.919399849120302,0.919453682695429,0.921804222271198,0.926887752625825
"4","brick_sss",7.72,0.942434642905428,0.00296610621655964,0.94006237095246,0.940936869449259,0.941210359190964,0.942447524572252,0.947516090362203
"5","brick_sbtm",1.16,0.991381735058182,0.000230960959638091,0.991153527937931,0.991160178638728,0.991426529404807,0.991465477148405,0.991702962161037
"6","gseal",43.2,0.677771244458451,0.0078920005835106,0.667083452167565,0.674427445174025,0.676535695524779,0.68372323445841,0.687086394967475
"7","hseal",1.79,0.986624552103475,0.00118940951543665,0.984515722892635,0.986980691843625,0.987007853673002,0.987298018375923,0.987320473732189
