"","var","importance","mean","sd","min","q25","med","q75","max"
"1","log_depth",6.49,0.93769341603676,0.00327766060300779,0.934125024089333,0.935185028797214,0.937448490544786,0.939456977254184,0.942251559498285
"2","brick_tbtm",1.59,0.984776730702103,0.000542186291386728,0.98409806307158,0.984527017202639,0.984601818862436,0.985245626133648,0.98541112824021
"3","brick_mld",5.41,0.94806484201621,0.0042871058598254,0.944361712152592,0.944941246268458,0.946743677094398,0.949390374230671,0.95488720033493
"4","brick_sss",64.38,0.382373334130393,0.0119797475740371,0.37041772912988,0.376678091249573,0.381164920137195,0.381329451288948,0.402276478846371
"5","brick_sbtm",1.47,0.985922221733507,0.000657483758106606,0.985221413247967,0.985544456497744,0.985595186000966,0.986609548682529,0.986640504238327
"6","gseal",13.9,0.866642007311351,0.00475201078085563,0.860581824693007,0.862487418076138,0.869046520046376,0.870376482948508,0.870717790792724
"7","hseal",6.76,0.935172451100785,0.00301704401375855,0.932077869765991,0.932842765744216,0.934858384515535,0.936485423887277,0.939597811590905
