"","var","importance","mean","sd","min","q25","med","q75","max"
"1","log_depth",65.63,-0.0774721627781775,0.0222397967366104,-0.0953575587797911,-0.090578857697096,-0.0846269773020199,-0.0772132898459991,-0.0395841302659812
"2","tbtm",14.79,0.757213081371356,0.00766715639426005,0.746297008239738,0.752276330405484,0.760211423256514,0.763634180473549,0.763646464481495
"3","gseal",6.7,0.890012753805026,0.00448758042100573,0.883918719066205,0.888917374496226,0.889368469045043,0.891571863236336,0.896287343181322
"4","hseal",6.63,0.891150698290333,0.00568862619590855,0.885551148754375,0.88621739824208,0.891286512878881,0.893212190631877,0.899486240944454
"5","mld",6.26,0.897277167047043,0.00328833745104071,0.892965556742376,0.896132314675694,0.897372625553574,0.897839570076375,0.902075768187199
