"","var","importance","mean","sd","min","q25","med","q75","max"
"1","brick_sst",21.62,0.807266378190867,0.0207560202954222,0.789722168813653,0.790485586206401,0.807130161617287,0.808064566065231,0.840929408251763
"2","dfs",75.22,0.329285696919067,0.0515405809108808,0.250169991560588,0.323745176253223,0.336493303298684,0.34266597601674,0.393354037466102
"3","vel_mag",2.74,0.975610897057345,0.00436833809029903,0.969724767028163,0.973073542797812,0.97571871690626,0.979195120234291,0.9803423383202
"4","brick_xbtm",0.43,0.996173170179003,0.00219629960607675,0.992471415941419,0.995984541213613,0.996886345616961,0.997747304780084,0.997776243342938
