"","var","importance","mean","sd","min","q25","med","q75","max"
"1","brick_sst",36.26,0.752170050587015,0.0239836962305945,0.724142687330351,0.731583692340937,0.754591662447128,0.772198549218996,0.778333661597664
"2","dfs",26.51,0.818784344527249,0.0103519089437559,0.805838408237969,0.814262252317498,0.81531809809184,0.827076086295606,0.831426877693334
"3","vel_mag",18.31,0.874818088983928,0.00671956779680317,0.86356171862535,0.874625096243579,0.876131265149371,0.879265025771845,0.880507339129493
"4","brick_xbtm",18.92,0.870667902993068,0.00856849218676241,0.857517562409323,0.868897673373065,0.871282591619326,0.875090999731273,0.880550687832355
