"","var","importance","mean","sd","min","q25","med","q75","max"
"1","sst",37.67,0.471334337361824,0.0222730800206168,0.434626084202955,0.471761554526241,0.473673337526875,0.483052727836682,0.49355798271637
"2","dfs",15.56,0.78160016710403,0.0154486621765014,0.758318615758056,0.775320463551835,0.786285608035837,0.789465168805773,0.798610979368649
"3","sss",9.54,0.866123459412412,0.00570638617377646,0.859284370162725,0.863951571786949,0.864161778511412,0.868897470680753,0.874322105920222
"4","sbtm",9.19,0.870997826122406,0.00979236430767432,0.853978832194231,0.871479208974175,0.875215715214818,0.877105976949706,0.877209397279101
"5","log_depth",8.53,0.880232498242442,0.00734662235018369,0.867959864545101,0.879849765378676,0.881653703893702,0.885802640794771,0.88589651659996
"6","fish_biomass",8.22,0.884690700427476,0.0074937281695555,0.873094944776516,0.883825393705719,0.885983832753354,0.88671236137211,0.893836969529683
"7","tbtm",8.11,0.886194491451751,0.00688452014129692,0.87440890918417,0.88682532282133,0.887569137177405,0.890548963400315,0.891620124675537
"8","mld",3.17,0.95555375272657,0.00314436331947414,0.951728234010168,0.952663404538283,0.956971338870555,0.957695972671788,0.958709813542055
