"","var","importance","mean","sd","min","q25","med","q75","max"
"1","log_depth",29.05,0.617490088009791,0.0286069797891969,0.571310124200074,0.614095804093305,0.620366010847029,0.636922029246444,0.644756471662103
"2","sst",20.74,0.726974041768384,0.0175920520634517,0.70309975903134,0.716246513037617,0.728988763823174,0.7402808130343,0.746254359915488
"3","fish_biomass",15.66,0.793749921535246,0.0257856493807865,0.766197271398468,0.770486390133837,0.800330729695682,0.802875932655658,0.828859283792585
"4","sbtm",13.46,0.822750162102712,0.0128857911247785,0.805757044162658,0.814738468144562,0.824923408992983,0.829377522536714,0.838954366676642
"5","dfs",7.56,0.900395323468286,0.00581467855701398,0.89419599336797,0.895288214729832,0.899838208910402,0.906176489246922,0.906477711086306
"6","sss",7.08,0.906740714386889,0.00605325780053371,0.900254592618209,0.900831524544919,0.907437773924884,0.912011490600399,0.913168190246033
"7","tbtm",5.55,0.926912049560703,0.00834950486219339,0.919057646290267,0.921322145189343,0.92242702872306,0.934284165153802,0.937469262447041
"8","mld",0.89,0.988288021722759,0.00352327576090198,0.98377911068766,0.986666555870321,0.988186272617295,0.989498250513511,0.993309918925008
