"","var","importance","mean","sd","min","q25","med","q75","max"
"1","gseal",30.19,0.527256395101856,0.0130650448008977,0.5130404544163,0.519486539589252,0.527434883627973,0.528607385271907,0.547712712603849
"2","sbtm",19.23,0.698926711808022,0.00767821655338679,0.687785024473413,0.696310962504304,0.699993941878629,0.701867329426516,0.70867630075725
"3","tbtm",15.44,0.758155693453795,0.0048047999643291,0.751121661834862,0.755825922026234,0.759027130077461,0.761845356427845,0.762958396902572
"4","fish_biomass",11.19,0.824753984681335,0.00328455946725549,0.820420718627054,0.823237871033446,0.824530948819993,0.826450291738822,0.829130093187362
"5","sss",9,0.859054106852516,0.00287256362772468,0.855200026942191,0.857059964933081,0.860088174788066,0.860589800451896,0.862332567147347
"6","mld",7.88,0.876664407250453,0.00329975954231366,0.873527658492107,0.874166789743846,0.875664334420262,0.878486914543645,0.881476339052405
"7","log_depth",4.11,0.935693834672343,0.00300117105217516,0.933112837923415,0.933748112716264,0.933906021017368,0.937744801737771,0.939957399966897
"8","hseal",2.97,0.953526181400628,0.00272107711287324,0.949943096070721,0.951770281917333,0.953777845322639,0.95548179104681,0.956657892645634
