"","var","importance","mean","sd","min","q25","med","q75","max"
"1","log_depth",7.23,0.946706941105726,0.00333249399920704,0.941841098412591,0.946179023443942,0.946341174073912,0.948217931723266,0.95095547787492
"2","brick_tbtm",6.37,0.953086099230874,0.00207264942369543,0.949821629173889,0.952201887418285,0.954406175959854,0.954470392130975,0.954530411471368
"3","brick_mld",5.37,0.960405334506098,0.00482467841127406,0.955814507462618,0.956642972882531,0.960401683006728,0.961195493453986,0.967972015724627
"4","brick_sss",33.03,0.756587900534189,0.0203386778828374,0.73210189629785,0.738651382387026,0.761296047550538,0.775372692130527,0.775517484305005
"5","brick_sbtm",40.22,0.703598541105735,0.0140873568547024,0.684678557330354,0.693225282456391,0.710179085203614,0.711280157743327,0.718629622794989
"6","gseal",0.58,0.995757072319572,0.000289815008286378,0.995465890294551,0.995565381156326,0.995638952175584,0.995957845314418,0.99615729265698
"7","hseal",7.21,0.946837588567418,0.00206194602440928,0.943756356633256,0.945872673707895,0.947412267501196,0.948237439866105,0.948909205128637
