"","var","importance","mean","sd","min","q25","med","q75","max"
"1","log_depth",9.62,0.819541956091959,0.00652462035925934,0.810665477358843,0.816616097012332,0.818707629435985,0.824766804933619,0.826953771719016
"2","brick_tbtm",3.16,0.940750286365686,0.00893206981714251,0.929190396109704,0.936657771307212,0.938781431534338,0.947368093061169,0.951753739816005
"3","brick_mld",7.42,0.860704579098237,0.0128367823381819,0.847204502558658,0.85269530388532,0.857031080053919,0.866887073820442,0.879704935172848
"4","brick_sss",18.94,0.644577938155943,0.0101970202542438,0.627189059036956,0.645412900366049,0.646311033186201,0.651902878656115,0.652073819534393
"5","brick_sbtm",35.45,0.334911982223083,0.0186416638204843,0.311889563355921,0.317757531919106,0.345269350734281,0.347188940121402,0.352454524984703
"6","gseal",8.61,0.838464799154199,0.00850878650956641,0.826215944299006,0.835506032014439,0.839999390310422,0.841119318218029,0.849483310929099
"7","hseal",16.79,0.684912674349542,0.0236727665150645,0.655611495552249,0.668204133668274,0.686890895835036,0.698848654806818,0.715008191885335
