"","var","importance","mean","sd","min","q25","med","q75","max"
"1","log_depth",23.85,0.687072568334991,0.0131003438790409,0.66617672155701,0.683778564495576,0.689852185623264,0.696761848580508,0.698793521418598
"2","brick_tbtm",1.14,0.985084135162656,0.00222247382360188,0.981668453134793,0.984446735691684,0.985277711291156,0.986698423732608,0.987329351963039
"3","brick_mld",2.3,0.969793392645274,0.00355503859213027,0.964519799746261,0.968733062564384,0.969863659966605,0.971926099105521,0.9739243418436
"4","brick_sss",16.04,0.789572274694255,0.0155524523824114,0.773591204235027,0.775770673209282,0.788474134058235,0.800342666091887,0.809682695876846
"5","brick_sbtm",17.3,0.773066207712574,0.0182025763996796,0.754776622060194,0.755837588066178,0.77172886658987,0.788939892064513,0.794048069782116
"6","gseal",9.33,0.877595111063291,0.0065269161718257,0.866758719694864,0.876591000919525,0.879689515964042,0.882259362437111,0.882676956300915
"7","hseal",30.03,0.60602154412332,0.0313998820909744,0.569762497487692,0.582903836647676,0.602365948675939,0.630654347783159,0.644421090022134
