"","var","importance","mean","sd","min","q25","med","q75","max"
"1","log_depth",3.77,0.959013114080927,0.00224984887844332,0.95704222278196,0.957283821705592,0.957953643674522,0.960713682611748,0.962072199630814
"2","brick_tbtm",5.33,0.941945198326066,0.00802424973998615,0.928810599079575,0.940310500517209,0.944368205898795,0.947745513632736,0.948491172502014
"3","brick_mld",5.8,0.936928786262409,0.00315203127939216,0.933334332016272,0.935412769716204,0.936122567668212,0.938102585890529,0.941671676020829
"4","brick_sss",23.33,0.746143587766852,0.0248641288072775,0.720483226170292,0.733657515342362,0.742385665167599,0.747519838137553,0.786671694016452
"5","brick_sbtm",36.73,0.600234450402434,0.0149322082362591,0.57671121811771,0.595950294898818,0.6044018455068,0.608634277396363,0.615474616092477
"6","gseal",6.89,0.925069865624024,0.0058889268890639,0.917183588685008,0.923166159014583,0.923969395915657,0.928026281576962,0.93300390292791
"7","hseal",18.16,0.802378843950479,0.0131674320610359,0.783345529541534,0.796447980246319,0.805932193278328,0.807876342225342,0.818292174460874
