"","var","importance","mean","sd","min","q25","med","q75","max"
"1","log_depth",19.57,0.906113105709618,0.00743157983468327,0.895058214010124,0.902279762152985,0.908765321522173,0.911203003711245,0.913259227151564
"2","brick_tbtm",12.06,0.942121394649392,0.00581533181219723,0.9335754643936,0.939399645492851,0.942991476387757,0.947221621153692,0.947418765819058
"3","brick_mld",7.75,0.962839915395162,0.0013540407446261,0.961220976400925,0.962382860627674,0.962721866451394,0.962916398758657,0.964957474737157
"4","brick_sss",16.36,0.921497726516832,0.00886891912070667,0.91419265146313,0.915451281368486,0.915491721958697,0.930377016623009,0.931975961170836
"5","brick_sbtm",24.73,0.881352357134336,0.00731027984511604,0.870653468196656,0.87861001856387,0.882981413117103,0.884147446364375,0.890369439429674
"6","gseal",6.72,0.96774096545248,0.00229352503219654,0.963784618647563,0.968211202065145,0.968466618834554,0.968476759202533,0.969765628512608
"7","hseal",12.8,0.938570409421607,0.00496886732458971,0.935367214531551,0.935951563567799,0.936452271082946,0.937763992556777,0.947317005368959
