"","var","importance","mean","sd","min","q25","med","q75","max"
"1","log_depth",10.25,0.910853372639054,0.00421407165840885,0.905434960469829,0.908260310111973,0.910530883850817,0.91477646571361,0.91526424304904
"2","brick_tbtm",0.91,0.992110989176877,0.00033649893699523,0.991572329454702,0.99208085061237,0.992110824418126,0.992394055010367,0.99239688638882
"3","brick_mld",5.99,0.947880260202073,0.00697649578069974,0.942223660532727,0.945075304504029,0.945204567726069,0.946905085447293,0.959992682800247
"4","brick_sss",62.83,0.453366543475984,0.0435323528289938,0.401894417927893,0.415327075067364,0.460539382421793,0.48992088039939,0.499150961563481
"5","brick_sbtm",6.3,0.945205079429563,0.00473779461557664,0.940558315767518,0.941183945024369,0.944387428010862,0.948163410495304,0.951732297849761
"6","gseal",6.22,0.945844836819916,0.00499168443352049,0.937339293775293,0.94599720811872,0.947266512526863,0.948518059144311,0.950103110534392
"7","hseal",7.5,0.934745770609392,0.00227814785172122,0.931232641446245,0.933758711825621,0.935819688918694,0.9360003715539,0.9369174393025
