"","var","importance","mean","sd","min","q25","med","q75","max"
"1","log_depth",12.1,0.824308124930238,0.0128097615447536,0.810073615896495,0.81808544507995,0.819121349943798,0.831684563039193,0.842575650691755
"2","brick_tbtm",14.66,0.787079065891129,0.0204226697017545,0.768945070728746,0.771137563294112,0.777150877041591,0.80602826165887,0.812133556732324
"3","brick_mld",10.27,0.850823245641398,0.0173624058765034,0.836451138616878,0.839358291906446,0.847957583370889,0.850213411483975,0.8801358028288
"4","brick_sss",45.17,0.344154428593586,0.0640888935118151,0.295374614323201,0.30577564960742,0.317566487530575,0.349060934815594,0.452994456691139
"5","brick_sbtm",9.69,0.859279457837453,0.0155860405402655,0.833518523092501,0.857014044988894,0.863693736227454,0.86955414910033,0.872616835778084
"6","gseal",2.74,0.960269211885136,0.00776006028981307,0.950489076365931,0.95481412230996,0.960679243948499,0.966038064311311,0.96932555248998
"7","hseal",5.37,0.922035357564736,0.00592953824930043,0.916224433283103,0.918351373617603,0.921646253542735,0.922270939057584,0.931683788322655
