"","var","importance","mean","sd","min","q25","med","q75","max"
"1","log_depth",5.52,0.980001632822299,0.000951094111479373,0.979286009364782,0.979464193438115,0.979751468361131,0.979851877073526,0.981654615873942
"2","brick_sst",22.91,0.91702859123209,0.00396405989237919,0.911567138720039,0.916051064348145,0.91615255944104,0.9191777972965,0.922194396354723
"3","brick_tbtm",10.58,0.961705157034427,0.00103412748153969,0.959943694930831,0.961653572940699,0.962157873178424,0.962240290862477,0.962530353259705
"4","brick_sss",21.5,0.922159958898358,0.00469073329133207,0.914995930234245,0.920642028337855,0.923352462352054,0.924336812905668,0.927472560661966
"5","brick_sbtm",5.48,0.980147873342908,0.00075510608983402,0.97895659184373,0.979904381595116,0.98042008256491,0.980567251727464,0.98089105898332
"6","brick_mld",16.61,0.939838277298005,0.00360754090141298,0.936067681863885,0.938556330370737,0.939338972948111,0.939409842544545,0.945818558762747
"7","dfs",7.37,0.973322448093152,0.000703298750675111,0.972640164082389,0.972957784352916,0.973235166191745,0.973285754657774,0.974493371180936
"8","vel_mag",5.36,0.980600616934269,0.000856945539989147,0.97912561721832,0.980616327130776,0.980926611595367,0.981086330672483,0.9812481980544
"9","brick_xbtm",4.67,0.983100595580359,0.00118442135846059,0.981782014619822,0.981958443222212,0.983315420849873,0.984218718470779,0.984228380739109
