"","var","importance","mean","sd","min","q25","med","q75","max"
"1","log_depth",8.32,0.797410874979422,0.00747322022012801,0.785359893684487,0.797823284521436,0.797997706974945,0.800057074528958,0.805816415187282
"2","brick_sst",28.47,0.306476073881803,0.0435628890573244,0.236971742805069,0.296150141975695,0.315556585910887,0.336011215836962,0.347690682880403
"3","brick_tbtm",5.04,0.877102465694839,0.00790324736461022,0.866751274733152,0.872099608542393,0.877977138080709,0.881884682390368,0.886799624727576
"4","brick_sss",3.73,0.909173397991825,0.00572001404214163,0.902429601546665,0.906511048222298,0.909126670930874,0.909799422712573,0.918000246546713
"5","brick_sbtm",9.28,0.773865381864358,0.0062067969474222,0.766898342224247,0.77056463577537,0.773253611885296,0.775115522587103,0.783494796849773
"6","brick_mld",8.44,0.794273448923025,0.0131118420034975,0.780627635208284,0.786783564699929,0.787473045108062,0.80613002843235,0.8103529711665
"7","dfs",22.03,0.463247345021353,0.0293723709923591,0.424534306861413,0.441985672663595,0.473785937026702,0.478823198646747,0.497107609908306
"8","vel_mag",7.86,0.808616522477642,0.0189690590035179,0.789723578917281,0.789827504403287,0.808403537887677,0.825190028001642,0.829937963178325
"9","brick_xbtm",6.82,0.833737571159403,0.0118270384028877,0.824951603276313,0.826888792652476,0.828864044916048,0.833957504229022,0.854025910723155
