"","var","importance","mean","sd","min","q25","med","q75","max"
"1","log_depth",0.73,0.993766756292904,0.000324227907266788,0.993219252237202,0.993793238862166,0.993869808390207,0.99387070769268,0.994080774282267
"2","brick_sst",64.62,0.446328269542781,0.045698576804354,0.371318889478883,0.439016396854908,0.458087092606203,0.47682560800888,0.48639336076503
"3","brick_tbtm",5.9,0.94946316236617,0.00244463526303842,0.947052130037673,0.948100449203125,0.94886501747166,0.949871410715707,0.953426804402687
"4","brick_sss",8.7,0.925463435845169,0.00693908764979532,0.917437381103912,0.918722636469012,0.92879768730928,0.929407960638664,0.932951513704974
"5","brick_sbtm",0.51,0.995611880112931,0.000240617368283719,0.995197080771681,0.995643368587456,0.99569128605587,0.995708821444015,0.995818843705632
"6","brick_mld",1.77,0.984817382926027,0.000720488351556399,0.984013506763258,0.984450299991507,0.984828873053692,0.984838936918419,0.985955297903258
"7","dfs",13.18,0.887046917407848,0.00686040179879336,0.87723224456336,0.883005450526579,0.889526257748942,0.891196440379897,0.89427419382046
"8","vel_mag",4.53,0.961149285675616,0.00400244965063372,0.955378798956318,0.960036221272695,0.961289465942978,0.962679123154598,0.966362819051488
"9","brick_xbtm",0.05,0.999586372158781,9.03954462144882e-06,0.999577053254888,0.999580581494637,0.999582783104548,0.999592657227827,0.999598785712005
