"","var","importance","mean","sd","min","q25","med","q75","max"
"1","log_depth",35.41,0.451805371414013,0.0269572032795218,0.426025300849519,0.436650320066476,0.448688622514533,0.451110415219111,0.496552198420426
"2","sbtm",17.8,0.724426240245522,0.0187740079898014,0.696743951936241,0.716854953813209,0.7258635263057,0.738846055989063,0.743822713183398
"3","sss",17.77,0.724877062067001,0.0199044061228674,0.701496529335024,0.705659272184027,0.732835472509945,0.740543125898585,0.743850910407424
"4","mld",10.65,0.835079319651318,0.0155756638671159,0.821341702317854,0.828263816126417,0.830785387301273,0.833218132052757,0.861787560458288
"5","hseal",8.33,0.870991419410144,0.00410307407634706,0.865405779527535,0.869184997573278,0.871802826143338,0.87198311210822,0.876580381698349
"6","tbtm",7.61,0.882210078954625,0.00522441158453069,0.876108548831375,0.880834685079328,0.881685452551306,0.881865172955714,0.8905565353554
"7","gseal",2.41,0.962656012879885,0.00223217531674178,0.959669307674692,0.96122505816671,0.963022771170031,0.964123353686634,0.965239573701359
