"","var","importance","mean","sd","min","q25","med","q75","max"
"1","log_depth",48.76,0.642905758659,0.0115741744469181,0.625380834886031,0.637428695689713,0.647077384050583,0.650901226020552,0.653740652648122
"2","gseal",18.79,0.862378310278731,0.00461642734186074,0.857342315478455,0.858842240772623,0.861397483478018,0.866526389312949,0.867783122351612
"3","tbtm",16.52,0.87902048088457,0.00174616369053263,0.876922066406614,0.87751486451305,0.879372560362559,0.880407110861169,0.880885802279459
"4","hseal",7.28,0.946654923725054,0.000926085127638546,0.945723853252274,0.945886410604408,0.946415203263054,0.947492072916859,0.947757078588676
"5","sss",4.11,0.969913687083091,0.0018576607119171,0.96680286783957,0.970083078847316,0.970086908821569,0.970954106913244,0.971641472993757
"6","mld",2.5,0.981715511948855,0.000946787105162037,0.980756394348706,0.980768280264538,0.981741644720731,0.982646163291123,0.982665077119175
"7","sbtm",2.04,0.985026020373278,0.000554881857227204,0.984369535914083,0.984789074560516,0.984998894292316,0.98508629072803,0.985886306371443
