"","var","importance","mean","sd","min","q25","med","q75","max"
"1","gseal",31.59,0.771837359643962,0.0054348839953656,0.766209900288123,0.767701819134093,0.77225429941921,0.77293739349003,0.780083385888357
"2","sbtm",27.21,0.803473023094598,0.00497370569104223,0.797075468133611,0.80080945016761,0.803116447515696,0.806385496868129,0.809978252787946
"3","tbtm",14.2,0.89741503787116,0.00505249588069881,0.893675438941389,0.893728940658583,0.895141873763692,0.898922483140506,0.905606452851629
"4","hseal",12.01,0.913219836492736,0.00392586952558639,0.906377536203733,0.914048389588694,0.914059227512215,0.915641674836925,0.915972354322111
"5","log_depth",8.36,0.939587985154692,0.00113466798612746,0.938058793063594,0.939201496740536,0.939696035659756,0.939778832417518,0.941204767892057
"6","sss",4.48,0.967605203097348,0.00351511772280503,0.962292220341252,0.966623130506019,0.967547423467979,0.970624516364412,0.97093872480708
"7","mld",2.14,0.984527943572796,0.000769380368057716,0.983782349234269,0.983922011856657,0.984452435228909,0.984782764062135,0.985700157482012
