"","var","importance","mean","sd","min","q25","med","q75","max"
"1","log_depth",37.07,0.751049822386455,0.00993027295481531,0.735881747261831,0.746500988805356,0.754789510770391,0.758024075588642,0.760052789506056
"2","brick_tbtm",16.35,0.890185619173779,0.00409561324870922,0.884366585238351,0.888420803414798,0.890902630474328,0.891882717409831,0.895355359331589
"3","brick_mld",0.61,0.995927476649273,0.000202481271171041,0.9956441953729,0.99585480030555,0.995923503431174,0.996024757010421,0.996190127126319
"4","brick_sss",19.41,0.869621431452388,0.0103355866035276,0.859284809650187,0.863814473459963,0.866920010079149,0.871907189838218,0.886180674234423
"5","brick_sbtm",16.86,0.886805489443228,0.00513527339335832,0.879784505719679,0.883238327867763,0.888855774656504,0.889888232260426,0.892260606711771
"6","gseal",2.72,0.981727757033158,0.000667141817979751,0.981042980588076,0.981077090757436,0.981734680943986,0.982339583698765,0.982444449177526
"7","hseal",6.98,0.953137879846515,0.00195667783286547,0.9502307328623,0.952741292532984,0.953255739272663,0.953831712925648,0.95562992163898
