"","var","importance","mean","sd","min","q25","med","q75","max"
"1","log_depth",10.54,0.921349649716866,0.00284541312373423,0.917930933694627,0.919391034202129,0.920952046101104,0.924117361794062,0.924356872792408
"2","brick_tbtm",11.46,0.91445034864516,0.00789086176980985,0.905914360447327,0.906078516281043,0.917819418096914,0.919972205372364,0.922467243028153
"3","brick_mld",7.4,0.944726834883304,0.0091952838529787,0.937212107871692,0.939021919652994,0.941126139219669,0.946253367158694,0.960020640513473
"4","brick_sss",20.62,0.846072069105887,0.00960142655184652,0.835147962695083,0.837526283479658,0.849113965613704,0.850274186914677,0.858297946826311
"5","brick_sbtm",34.41,0.743102043052805,0.0161993815121643,0.724293623404427,0.729067428891449,0.745387095579797,0.754717959432731,0.762044107955619
"6","gseal",1.9,0.985833236116479,0.000501785509289166,0.985134934556558,0.985473523083978,0.986080204178219,0.986227696063897,0.986249822699743
"7","hseal",13.67,0.897925288670832,0.0102407867922518,0.887877431258735,0.889976161583034,0.894478228214426,0.906045288990008,0.911249333307957
