"","var","importance","mean","sd","min","q25","med","q75","max"
"1","log_depth",52.93,0.18643303087622,0.0220085333200004,0.152961086070361,0.180071500814795,0.191736613856866,0.194969366033818,0.212426587605263
"2","brick_tbtm",0.42,0.993538434550994,0.000312492161217488,0.993147996499786,0.993348701459183,0.993572689945009,0.99365017913385,0.993972605717141
"3","brick_mld",0.16,0.997609888104784,0.00010812315038757,0.997437842875581,0.997595552389047,0.997612292948849,0.997698134308053,0.997705618002388
"4","brick_sss",7.19,0.889468733725777,0.0052169218238476,0.882212537302869,0.885640378430131,0.892705432375723,0.89301464873697,0.893770671783194
"5","brick_sbtm",0,1,0,1,1,1,1,1
"6","gseal",10.78,0.834262663183695,0.00803144021529647,0.821297755925807,0.831801408334507,0.837709494407322,0.839908306534956,0.840596350715885
"7","hseal",28.52,0.561650242953002,0.0188460941936048,0.54410645107313,0.546278686804693,0.562015286691802,0.564758442491357,0.591092347704031
