"","var","importance","mean","sd","min","q25","med","q75","max"
"1","log_depth",0.17,0.998347585380457,5.89218065982494e-05,0.998243848957662,0.998357521940106,0.998370923763649,0.998382663918804,0.998382968322063
"2","brick_sst",23.25,0.767485265147764,0.00728179478339395,0.760478520905261,0.761763222415641,0.76461943910409,0.774806669012509,0.775758474301318
"3","brick_tbtm",13.71,0.862896357213025,0.00873546458428735,0.853226900261754,0.860130436938516,0.860625962213312,0.863511287720131,0.876987198931412
"4","brick_sss",8.5,0.914958296222134,0.00517619162542282,0.907900068377947,0.913466443733389,0.91362263810095,0.918404545955887,0.921397784942496
"5","brick_sbtm",38.61,0.613912257168614,0.013093316743444,0.596456131408951,0.607264858301002,0.612494066000868,0.624534741807641,0.628811488324606
"6","brick_mld",0.43,0.995729664426869,0.00032652773269108,0.995338939957265,0.995557808818649,0.995735764600237,0.995796469607249,0.996219339150947
"7","dfs",14.35,0.856482147381407,0.00449170907292754,0.852207886631055,0.853249445787759,0.855194587907162,0.858465643531675,0.863293173049385
"8","vel_mag",0.85,0.991528398685056,0.000472272809565312,0.990717255071502,0.991518102592771,0.99173548034308,0.991800181828234,0.991870973589693
"9","brick_xbtm",0.13,0.998713498789035,5.23864168602596e-05,0.998645959711494,0.998695486592746,0.998696796883255,0.998747529027637,0.998781721730042
