"","var","importance","mean","sd","min","q25","med","q75","max"
"1","log_depth",9.21,0.955046782497606,0.00122466697169642,0.95365896919713,0.954304861666914,0.9549312304925,0.955466304911974,0.956872546219511
"2","brick_sst",31.65,0.845489649731157,0.0144839147247035,0.829247431576018,0.838339040158731,0.838488637341259,0.858109037818497,0.86326410176128
"3","brick_tbtm",6.16,0.969908383739247,0.00224047120422,0.966620203064611,0.968973726190466,0.970073013593514,0.971681072818404,0.972193903029241
"4","brick_sss",27.33,0.866615582329566,0.00516224509946621,0.860914819395392,0.861862471101655,0.866943896531215,0.871420427220949,0.871936297398619
"5","brick_sbtm",12.55,0.938730984572714,0.00199843376984997,0.936146084076923,0.937424875364978,0.938761146880236,0.940403205615991,0.940919610925443
"6","brick_mld",1.43,0.993040953484028,0.00045687190560698,0.992316054433611,0.992956124251248,0.993113601800042,0.993296950356611,0.993522036578629
"7","dfs",6.96,0.966043218297678,0.00190948783411552,0.964182100257566,0.964214167707626,0.96585432762526,0.967653993852623,0.968311502045318
"8","vel_mag",2.74,0.986621237567072,0.00133205445030918,0.98513201902299,0.985826385551491,0.98615570519427,0.98764175376519,0.988350324301419
"9","brick_xbtm",1.97,0.990377198242367,0.00239978171671684,0.98775849538865,0.988925422826235,0.989999525900735,0.991180904876291,0.994021642219925
