"","var","importance","mean","sd","min","q25","med","q75","max"
"1","log_depth",29.06,0.272429758144689,0.0322721784094899,0.236876239384078,0.253995854776009,0.257939940482451,0.304720108694275,0.308616647386634
"2","brick_sst",19.16,0.520352931949651,0.028889783869497,0.483513493358467,0.504785124260387,0.514856502049394,0.545283018128642,0.553326521951364
"3","brick_tbtm",12.94,0.67595468281904,0.0133720208524518,0.65302547134423,0.678503304322917,0.678702571801806,0.681609341490981,0.687932725135265
"4","brick_sss",5.86,0.853264412281336,0.00796155342922244,0.840094540827804,0.85326818916201,0.854596025443698,0.857144604273835,0.861218701699332
"5","brick_sbtm",8.29,0.792345406464194,0.0140858155787953,0.773188086775917,0.786586630853753,0.790642426994017,0.801395442818171,0.809914444879114
"6","brick_mld",8.51,0.786946488685796,0.0123100897956218,0.770041472727182,0.777852295269755,0.793717300180044,0.79469523944372,0.798426135808276
"7","dfs",15.17,0.620088708681409,0.0157615568265674,0.602572923327207,0.605066152812036,0.623329232063071,0.631455490545902,0.638019744658828
"8","vel_mag",0.99,0.975254527542881,0.000782896376732131,0.974541613936206,0.974675406852921,0.97498975030974,0.975629112611256,0.976436754004283
"9","brick_xbtm",0.02,0.999602397153187,1.88068479278833e-05,0.99956920186404,0.999607015416392,0.999610106638488,0.999610150321939,0.999615511525076
