"","var","importance","mean","sd","min","q25","med","q75","max"
"1","log_depth",33.17,0.389291629982336,0.0208590949384469,0.368851300295665,0.376642100767757,0.380528018509207,0.399973065703122,0.420463664635932
"2","brick_sst",18.34,0.662372099865287,0.0198868349944108,0.637998775158722,0.657482769994444,0.659798874465858,0.663280089743261,0.69329998996415
"3","brick_tbtm",10.47,0.807173811099998,0.00284181849423672,0.80466524092186,0.80594839987727,0.806266966825235,0.806952750507017,0.812035697368605
"4","brick_sss",8.51,0.843333181098599,0.01172181962348,0.82830367130294,0.835724577969825,0.842922033292415,0.854748353161024,0.854967269766789
"5","brick_sbtm",8.73,0.839195795616772,0.00729661187616907,0.832070157875253,0.833174222629057,0.837564107392961,0.843934038629802,0.84923645155679
"6","brick_mld",0.54,0.990137381257508,0.00147276779908599,0.988062820308521,0.989291458021638,0.990515954712311,0.991032292896625,0.991784380348443
"7","dfs",13.52,0.751005527444248,0.00980552572379902,0.73471929361226,0.75098467533739,0.753802541292658,0.754577233375643,0.760943893603291
"8","vel_mag",4.26,0.921551019650324,0.00356689313757389,0.916629681313075,0.919727619249824,0.922034598097751,0.923356527275979,0.926006672314991
"9","brick_xbtm",2.45,0.954941080346045,0.00355977774784869,0.951634012539214,0.952621690884911,0.954070371310119,0.955688954969445,0.960690372026535
