"","var","importance","mean","sd","min","q25","med","q75","max"
"1","log_depth",3.04,0.963915150752682,0.00133582399953303,0.962157028371569,0.962956855743656,0.964157810840859,0.965082179970173,0.965221878837154
"2","brick_tbtm",0.47,0.994454958385318,0.000438729288509209,0.993885021702354,0.994207072263225,0.99452357435243,0.994607869891585,0.995051253716994
"3","brick_mld",2.49,0.970435294440626,0.00229829738285458,0.968404001950791,0.968583201597585,0.96947335052108,0.972184036788269,0.973531881345405
"4","brick_sss",74.76,0.113089098002057,0.0314425035460033,0.0730058468474548,0.0973329009086281,0.105144640288379,0.143910628458513,0.146051473507308
"5","brick_sbtm",0,1,0,1,1,1,1,1
"6","gseal",1.73,0.979453548032295,0.00133745115094478,0.978035902323536,0.978932697889713,0.978954025067914,0.979763545054867,0.981581569825444
"7","hseal",17.51,0.792282587304929,0.00997873577836763,0.779822145146404,0.785681158406727,0.793294086671513,0.797093031247511,0.805522515052489
