"","var","importance","mean","sd","min","q25","med","q75","max"
"1","log_depth",15.25,0.541263635765588,0.0333139097935967,0.505258595930511,0.518386106366903,0.530299117627695,0.570710244501896,0.581664114400934
"2","brick_tbtm",17.63,0.469855700444613,0.0324486147284587,0.427960378842993,0.441984857932578,0.487308348050009,0.494181933694534,0.497842983702949
"3","brick_mld",8.22,0.752889916796045,0.00920291472962994,0.746625385315754,0.747184286972406,0.74915006200798,0.752695478429704,0.768794371254381
"4","brick_sss",28.67,0.137782107156895,0.0287845718369805,0.0921910605687666,0.129700104399863,0.143913051663503,0.160406499425013,0.16269981972733
"5","brick_sbtm",11.94,0.641045005273421,0.034503858588288,0.600248751117137,0.622422570449526,0.629028685704652,0.67151544185274,0.682009577243049
"6","gseal",17.35,0.47815991842243,0.0180369215581518,0.453326058694046,0.46990918646337,0.47842693871383,0.488325339870814,0.500812068370087
"7","hseal",0.95,0.971550759967058,0.00483911660603665,0.965191435339291,0.968622657069132,0.971424408696689,0.975852790407557,0.976662508322622
