"","var","importance","mean","sd","min","q25","med","q75","max"
"1","log_depth",12.04,0.948247051958805,0.00108267013741424,0.946586755204507,0.947921029389634,0.948531881588961,0.948712335412183,0.949483258198739
"2","brick_tbtm",6.51,0.972039809342804,0.00166921643999732,0.969968519743539,0.971211068703487,0.971895026371101,0.972692826336986,0.974431605558907
"3","brick_mld",8.77,0.962291448615084,0.00329117546911244,0.956915579199744,0.96237150732709,0.963060214841447,0.963216521163303,0.965893420543838
"4","brick_sss",35.64,0.846812796305921,0.0140666248694921,0.828913033036021,0.838614652982509,0.844936457256318,0.858670505601049,0.862929332653708
"5","brick_sbtm",9.41,0.959539731292331,0.00338070287779606,0.954290172466899,0.95856161453999,0.960035742678205,0.961890775543818,0.962920351232743
"6","gseal",11.95,0.948616551033899,0.00154016106430977,0.946028432774217,0.948588614317549,0.949138004250678,0.949261573336156,0.950066130490896
"7","hseal",15.67,0.932644749881045,0.00490471357493833,0.92665484000804,0.929824150639638,0.932534629361761,0.934596168767221,0.939613960628562
