"","var","importance","mean","sd","min","q25","med","q75","max"
"1","gseal",43.6,0.543377702997801,0.0485812339628602,0.482393311138193,0.510006349470935,0.546477411683736,0.57426866642463,0.603742776271508
"2","log_depth",30.29,0.682749788886548,0.0201518677194717,0.653691837096252,0.675158447029688,0.681882463983399,0.698516654473004,0.704499541850398
"3","sbtm",18.28,0.808584040600855,0.0284115720371699,0.768401598288205,0.789454119158995,0.821295525582048,0.831219522747403,0.832549437227621
"4","tbtm",4.04,0.95765637886242,0.00329854860947425,0.953135298305619,0.955862690442746,0.957668805928998,0.960761219688423,0.960853879946314
"5","sss",3.79,0.960299253953944,0.00525381162926178,0.953057711280171,0.95781936526446,0.960082943161746,0.96417400246043,0.966362247602912
"6","hseal",0.01,0.999946867690674,3.44546003657505e-06,0.999943490020237,0.999945773295646,0.999946050989704,0.999946331987751,0.999952692160032
"7","mld",0,1,0,1,1,1,1,1
