"","var","importance","mean","sd","min","q25","med","q75","max"
"1","log_depth",33.16,0.538682684705723,0.00704153818178157,0.529974261902536,0.535312542931865,0.536946407555183,0.543070286901005,0.548109924238028
"2","brick_tbtm",15.6,0.782925130707875,0.0102939168137742,0.769130753387716,0.778039702872797,0.781306935866575,0.792338030774465,0.793810230637822
"3","brick_mld",3.68,0.948874820311171,0.00189530873725762,0.946898422878667,0.946955213144242,0.949390935500508,0.949932490846786,0.951197039185652
"4","brick_sss",7.21,0.899649504818839,0.00243427387634745,0.896186429088484,0.898676405918709,0.899665460331391,0.901154802653654,0.902564426101959
"5","brick_sbtm",18.62,0.740987786079698,0.00497345190925682,0.732489066742602,0.74170855475469,0.741817382773827,0.743635792495906,0.745288133631466
"6","gseal",9.75,0.864340250034901,0.00219538387968045,0.861814636363917,0.86249238206807,0.864622430462766,0.865666003949504,0.867105797330245
"7","hseal",11.97,0.833413119334515,0.00918186590183862,0.82363966047239,0.826678004516145,0.830723602976636,0.841458531962961,0.84456579674444
