"","var","importance","mean","sd","min","q25","med","q75","max"
"1","log_depth",35.68,0.735483361770474,0.00767217315873087,0.725187752022833,0.731077859690593,0.735532355705324,0.741648331684338,0.74397050974928
"2","brick_tbtm",30.26,0.775654372707612,0.00530216281798025,0.769683997693984,0.77174394002247,0.776634709221322,0.776868514414997,0.783340702185287
"3","brick_mld",11.75,0.912878542893883,0.00110756902913642,0.911504576021682,0.912211055911756,0.91311412638021,0.91311535897894,0.914447597176826
"4","brick_sss",12.39,0.908157431898647,0.00201058525437086,0.905444791380072,0.907213098858664,0.907894448187777,0.909828070026596,0.910406751040124
"5","brick_sbtm",6.65,0.950690198266558,0.000556756446732235,0.949986854594293,0.950353701491873,0.950621087757868,0.951166168363008,0.951323179125745
"6","gseal",0,1,0,1,1,1,1,1
"7","hseal",3.27,0.975763811946568,0.000381810299167222,0.975217209283159,0.975608295408686,0.975774060815947,0.976007989470087,0.976211504754959
