"","var","importance","mean","sd","min","q25","med","q75","max"
"1","log_depth",12.14,0.857469817462628,0.00162769717203359,0.855926383676322,0.856004599326569,0.857230125464302,0.858487681362319,0.859700297483628
"2","brick_tbtm",13.25,0.844515528673835,0.00153074585034725,0.842387700287504,0.843991568636701,0.844266439738227,0.845578053930558,0.846353880776185
"3","brick_mld",9.72,0.885897476301879,0.00246634927894526,0.883418563430126,0.884401977550669,0.885792592113401,0.885985373497241,0.88988887491796
"4","brick_sss",20.86,0.755130843666928,0.00449693043618218,0.751332113356832,0.752128710258078,0.754048303678379,0.755522865493997,0.762622225547353
"5","brick_sbtm",13.33,0.843527563373548,0.00215811669614589,0.841574904219394,0.842135646408058,0.842507146985589,0.844634947845934,0.846785171408766
"6","gseal",14.79,0.826342500243081,0.00304751225051903,0.822608988354107,0.824137131619652,0.827004297113377,0.827569521448361,0.830392562679908
"7","hseal",15.9,0.813312657936767,0.00278147836141492,0.810906942748576,0.812172072012239,0.812598277946831,0.812771758590324,0.818114238385864
