"","var","importance","mean","sd","min","q25","med","q75","max"
"1","log_depth",12.68,0.866451702970554,0.00251487485845769,0.863546805751328,0.865006756305269,0.865572767116865,0.868660207089209,0.869471978590097
"2","brick_tbtm",14.75,0.844683417349197,0.00279814299209306,0.84159282440807,0.842797179459182,0.845027240994645,0.845081827328476,0.848918014555611
"3","brick_mld",10.48,0.88962924985042,0.00278642259589477,0.887113219476811,0.887406597343043,0.888917332868043,0.890867158559671,0.893841941004533
"4","brick_sss",18.73,0.802687451685713,0.00443677508980786,0.796283043039271,0.800532101702226,0.803536286826613,0.805396567604361,0.807689259256094
"5","brick_sbtm",14.31,0.849271794553801,0.00208019712800463,0.845994717638363,0.849069978122821,0.849144520285772,0.851002434545262,0.851147322176784
"6","gseal",13.33,0.859588458971814,0.00192379199817019,0.857934841675106,0.858200319340245,0.858894282103686,0.860298401988917,0.862614449751115
"7","hseal",15.72,0.834488822532218,0.00525223521653341,0.827269203728468,0.831704366530841,0.83510382727464,0.837449538220365,0.840917176906773
