"","var","importance","mean","sd","min","q25","med","q75","max"
"1","log_depth",12.72,0.857525161654773,0.0017899680101988,0.855755215644955,0.855960080512182,0.857120971075479,0.859195384710389,0.85959415633086
"2","brick_tbtm",14.1,0.842034948363284,0.00242271512508035,0.839431545437932,0.840829907848095,0.841225095981485,0.842942637063033,0.845745555485876
"3","brick_mld",10.12,0.886593915139473,0.00319505983337018,0.884311829429594,0.884620570540315,0.885181931122182,0.88681246133027,0.892042783275004
"4","brick_sss",19.06,0.786429845659834,0.00400787792350313,0.782094575831636,0.783646537512138,0.786446457139308,0.787481655737664,0.792480002078426
"5","brick_sbtm",16.08,0.819921815082322,0.0048809730964376,0.811464386822034,0.820532190789975,0.821811997386612,0.821880445943682,0.823920054469308
"6","gseal",12.1,0.864482987774946,0.00151294584808704,0.862740412447012,0.863074837838008,0.86505043701838,0.865285795859616,0.866263455711716
"7","hseal",15.82,0.822785908768751,0.00357230003315503,0.816949681415842,0.821993213643683,0.824164960276076,0.824830741173905,0.825990947334251
