"","var","importance","mean","sd","min","q25","med","q75","max"
"1","log_depth",1.37,0.978244805144747,0.00113300738317381,0.977476411794065,0.977499093132452,0.977961329491781,0.978073011472378,0.980214179833058
"2","brick_tbtm",13.86,0.779303068554157,0.00487404452797707,0.773811859239279,0.774795325389266,0.780887040702924,0.781688856588585,0.785332260850733
"3","brick_mld",7.21,0.885134744359899,0.00544652147341944,0.877630631697249,0.881042024948545,0.888303948490585,0.889207111503338,0.889490005159777
"4","brick_sss",30,0.522381045070101,0.0176106894524084,0.503095052646274,0.512254776240153,0.515943464440254,0.533902580896904,0.546709351126921
"5","brick_sbtm",20.74,0.669805329876468,0.00616491216449594,0.662318629741677,0.664824381584613,0.670379347839424,0.675522663339783,0.675981626876845
"6","gseal",6.82,0.89139838601773,0.00508506434130223,0.883617126954307,0.889475814162393,0.893008293255819,0.894059772042712,0.896830923673419
"7","hseal",20,0.681505032312779,0.0130296218331681,0.660217397282502,0.683244697175441,0.683283410327997,0.684828690445688,0.695950966332266
