"","var","importance","mean","sd","min","q25","med","q75","max"
"1","log_depth",7.44,0.924139526473763,0.00593399033201464,0.916504572506443,0.919510311961936,0.926825625116793,0.926923320863938,0.930933801919703
"2","brick_tbtm",2.19,0.977702830885558,0.000380470262207467,0.977307031350172,0.977446118990179,0.977583805251055,0.977939149779441,0.978238049056943
"3","brick_mld",2.91,0.970316806276516,0.000968322578946577,0.969204006166984,0.969430464745079,0.970721377975366,0.970732211578179,0.971495970916974
"4","brick_sss",82.41,0.159980299285969,0.017738490178679,0.141873097402365,0.143891803239234,0.157670416836472,0.177885660481557,0.178580518470215
"5","brick_sbtm",3.04,0.968989332790733,0.00116268376411754,0.967554196031035,0.967966159996349,0.969432560853005,0.969804381678807,0.97018936539447
"6","gseal",0.99,0.989881191897873,0.000285214972106151,0.989620472800353,0.989636565369117,0.98977978001786,0.990144495535639,0.990224645766395
"7","hseal",1.01,0.989700251581457,0.000148829565232038,0.989448453808604,0.989701703322247,0.989733674487904,0.989792102604012,0.989825323684518
