"","var","importance","mean","sd","min","q25","med","q75","max"
"1","log_depth",19.14,0.854253305513954,0.00407741649022415,0.851261799208878,0.851422456657365,0.852725437826745,0.85475105812302,0.861105775753758
"2","brick_tbtm",7.36,0.943978282761871,0.00145551856441271,0.941704729559968,0.943384323525914,0.944697732495745,0.944799716786246,0.945304911441482
"3","brick_mld",17.44,0.867191691941482,0.00300401838127859,0.861990898507671,0.867425358804693,0.868302892493753,0.868716663760088,0.869522646141203
"4","brick_sss",44.03,0.66461627831647,0.00881955358343527,0.652073409676713,0.661706606867405,0.664477704531878,0.668963086103993,0.67586058440236
"5","brick_sbtm",0.88,0.993301962318528,0.000390304684899198,0.993080169373961,0.993109198892953,0.99313429802221,0.99318971216086,0.993996433142654
"6","gseal",1.45,0.988993604888231,0.000560638014902986,0.988328898210231,0.988481527223402,0.989146412036487,0.989452741047714,0.989558445923319
"7","hseal",9.71,0.926021888474015,0.00145615707712059,0.924592096756863,0.925236216116444,0.925754871386251,0.926108284078886,0.928417974031629
