"","var","importance","mean","sd","min","q25","med","q75","max"
"1","log_depth",14.39,0.879017599355424,0.00361447744518322,0.874586076468865,0.877350559413768,0.877745272857634,0.881976218007372,0.883429870029481
"2","brick_tbtm",26.64,0.776052385883551,0.00800574289682374,0.765459187814987,0.775023238678413,0.775040970545567,0.776789670619466,0.787948861759322
"3","brick_mld",13.2,0.889019801821451,0.00361660038602364,0.884165206658081,0.887888638400214,0.888033973512775,0.891456977329201,0.893554213206981
"4","brick_sss",7.72,0.935052711361384,0.00232741458350983,0.933116257591856,0.933156400857929,0.934241271583176,0.936175055557478,0.93857457121648
"5","brick_sbtm",28.32,0.761930529554759,0.00471826170935141,0.753688372351943,0.762441105914654,0.763831916571109,0.764496858606237,0.765194394329853
"6","gseal",1.23,0.989699721804839,0.000500028445896263,0.989135673677842,0.98931568729633,0.989626368548277,0.990149469871105,0.990271409630641
"7","hseal",8.51,0.928463032642491,0.000814698916998393,0.927691914101691,0.927868217071166,0.928251840624147,0.928794297965955,0.929708893449498
