"","var","importance","mean","sd","min","q25","med","q75","max"
"1","log_depth",36.62,0.504619242095457,0.019656362058593,0.471192966628375,0.504021517413897,0.512778219826237,0.513894671054278,0.521208835554498
"2","sst",21.58,0.708103264451278,0.0254919897212169,0.672488826186867,0.697260533608531,0.711132253147242,0.718388554734425,0.741246154579325
"3","dfs",20.14,0.727519743385835,0.00953203091227262,0.713558833080551,0.722992009086644,0.730863978561459,0.731762490079082,0.738421406121441
"4","mld",9.92,0.86582102071208,0.00665789516848146,0.857522839545899,0.863944616117945,0.864256438944468,0.867593189181108,0.875788019770981
"5","tbtm",9.15,0.876179233449959,0.00585380299178041,0.867515674909901,0.874125014183516,0.87615018250748,0.881406076242184,0.881699219406715
"6","sbtm",2.59,0.965028258922656,0.00196501764413104,0.962321708317128,0.964482582250786,0.965110682719708,0.965431767963053,0.967794553362602
"7","sss",0,1,0,1,1,1,1,1
