"","var","importance","mean","sd","min","q25","med","q75","max"
"1","log_depth",33.47,0.690204121450973,0.0158075231453647,0.66818148851201,0.679291007798679,0.696440916472755,0.703325429299288,0.703781765172135
"2","sst",26.69,0.752999915530619,0.011163280572455,0.737007561944059,0.746970901705781,0.756286096440311,0.759199831397196,0.765535186165748
"3","mld",14.19,0.868703448005276,0.00352334689417597,0.864163741294342,0.867429332528969,0.868214507998145,0.869941439687243,0.873768218517682
"4","dfs",13.39,0.87609364926168,0.00638322857290732,0.866569531419272,0.873971863245377,0.876715906399473,0.879785577842001,0.883425367402276
"5","tbtm",10.85,0.899559393981386,0.00906500648320138,0.886817321840363,0.896081675577399,0.898538451130246,0.906666705146172,0.90969281621275
"6","sss",1.42,0.986900776306071,0.00176921932143115,0.985080946945079,0.985849162679353,0.986457132239929,0.987460331499374,0.98965630816662
"7","sbtm",0,0.9999882249335,5.33369119632103e-07,0.999987579421553,0.999987738660392,0.999988466986121,0.999988546548166,0.999988793051267
