"","var","importance","mean","sd","min","q25","med","q75","max"
"1","log_depth",3.63,0.970351031034755,0.00611066712975744,0.965337133244048,0.966648272104697,0.967728701885605,0.971584957157711,0.980456090781714
"2","brick_tbtm",35.3,0.711873079595639,0.034555318993341,0.661216084654293,0.691508466362499,0.727917775265347,0.735703055228244,0.743020016467812
"3","brick_mld",20.83,0.830019036857239,0.0146508463008388,0.807450595899377,0.823103918007824,0.837106023106137,0.840766122083302,0.841668525189558
"4","brick_sss",16.58,0.86469213531772,0.0134438407245865,0.846431750153974,0.861768517721087,0.863695539018705,0.867597829907882,0.883967039786951
"5","brick_sbtm",5.75,0.953047493543162,0.00922539709596765,0.939695069104757,0.947147355488523,0.958435970116383,0.958932918165336,0.961026154840811
"6","gseal",9.81,0.919957767105387,0.0129033836945339,0.900477454369184,0.913967804242963,0.925691542366877,0.926435877000177,0.933216157547733
"7","hseal",8.1,0.933885659245905,0.00867962074977059,0.924611107587466,0.925181585211316,0.935333833262943,0.941502838833626,0.942798931334174
