"","var","importance","mean","sd","min","q25","med","q75","max"
"1","log_depth",0.22,0.998212960750962,0.000200470663959054,0.997976355543061,0.998052005606982,0.998226390905071,0.998355493071848,0.99845455862785
"2","brick_tbtm",3.14,0.974678074142121,0.00159148603123906,0.972947681964331,0.973041381189261,0.975309265091897,0.975647693641207,0.976444348823911
"3","brick_mld",61.54,0.503907727653519,0.0341813567362167,0.452155884584431,0.491202980695923,0.508277031289741,0.531775947917498,0.536126793780004
"4","brick_sss",5.8,0.953250960877631,0.003920289587441,0.94886906564987,0.950482822819754,0.952358003996486,0.956415464041585,0.958129447880462
"5","brick_sbtm",0.73,0.994111981881944,0.000210087017596246,0.993830336270799,0.994054365968942,0.994070824393538,0.994202569290434,0.994401813486006
"6","gseal",21.44,0.827162972895133,0.0150079989388805,0.80892788208642,0.82019200819768,0.825243479320795,0.83211572185641,0.849335773014361
"7","hseal",7.13,0.942538676322382,0.0021797052912434,0.940147224502186,0.940737555149192,0.942485145201219,0.943946251028116,0.945377205731198
