"","var","importance","mean","sd","min","q25","med","q75","max"
"1","log_depth",1.45,0.990481199511245,0.00130278131328731,0.988699466849568,0.989906186703752,0.990635190002305,0.990936834103939,0.992228319896662
"2","brick_tbtm",17.17,0.886902365358441,0.00798482996247604,0.873455646057268,0.886565053852587,0.888929171445239,0.892118448614441,0.893443506822673
"3","brick_mld",35.91,0.763521285134397,0.0208905664985612,0.735013446122568,0.749422451020594,0.772454435882811,0.773746131732969,0.786969960913044
"4","brick_sss",5.16,0.965994795091648,0.00299529612047462,0.961876557721237,0.965001561317194,0.965606956824934,0.967589204692645,0.969899694902229
"5","brick_sbtm",18.47,0.878367921652574,0.00814625143813459,0.867657580569505,0.874933825321057,0.876394710624872,0.884820761934051,0.888032729813387
"6","gseal",21.81,0.856329521577629,0.00771399938285492,0.846625337651599,0.851713692521465,0.855281154460765,0.86271882643485,0.865308596819465
"7","hseal",0.03,0.999807496653376,5.68093336129143e-05,0.99974414595473,0.999775918230901,0.999802458595286,0.999819555361515,0.999895405124446
