"","var","importance","mean","sd","min","q25","med","q75","max"
"1","log_depth",0.65,0.994412286433532,0.00127872657058412,0.993121425492115,0.993369260547153,0.994051783388516,0.995644349357206,0.995874613382671
"2","brick_tbtm",3.83,0.966915837649066,0.00338032664958804,0.961755363917186,0.965632788449117,0.968079339037666,0.968522243221634,0.970589453619728
"3","brick_mld",57.75,0.501537113032709,0.0397140146643942,0.446931962795464,0.487126632081111,0.492639650741746,0.538906595446452,0.542080724098773
"4","brick_sss",0.93,0.991970735685601,0.000504730880053985,0.991232179971152,0.991692442335565,0.992154715325227,0.992299372146709,0.992474968649353
"5","brick_sbtm",4.42,0.961885134914987,0.00230641099872678,0.959773314991606,0.960591901002523,0.961449691943017,0.961858389354883,0.965752377282907
"6","gseal",29.22,0.74776920931902,0.025219182839283,0.718544939906699,0.734641023194833,0.742759614458205,0.757831431539063,0.785069037496299
"7","hseal",3.21,0.972329124360026,0.00132057354196826,0.970970263347026,0.971690421891513,0.971712203507486,0.972957080755729,0.974315652298376
