"","var","importance","mean","sd","min","q25","med","q75","max"
"1","log_depth",7.33,0.950340013354577,0.00447042974754348,0.945307539910774,0.946678069836692,0.950278373621763,0.953521111180701,0.955914972222954
"2","brick_tbtm",7.4,0.949920750143225,0.00554166902845902,0.940577928258769,0.950457302571141,0.950506967559412,0.953277153386663,0.954784398940142
"3","brick_mld",59.09,0.59988128799137,0.0389299798946345,0.555777179886027,0.576730050009572,0.601493747055632,0.606020088886815,0.659385374118804
"4","brick_sss",5.79,0.960767757946734,0.00239050160015856,0.957501242635519,0.959783326229671,0.960378504047118,0.962699584928772,0.963476131892588
"5","brick_sbtm",0.87,0.994076031590012,0.000771889032554897,0.993003885846071,0.993740130557228,0.994006602797058,0.994703779899117,0.994925758850586
"6","gseal",11.19,0.924205733568345,0.00974715474786125,0.911820052002342,0.919395156006218,0.922275324883662,0.930867330936177,0.936670804013326
"7","hseal",8.32,0.943688773237951,0.000993488519644567,0.942300441301039,0.943323730392798,0.943560934464032,0.94440406808207,0.944854691949815
