"","var","importance","mean","sd","min","q25","med","q75","max"
"1","log_depth",12.61,0.929134938399752,0.00455299807361758,0.924402399765679,0.927583487537732,0.928127668464371,0.928874200278102,0.936686935952876
"2","brick_tbtm",27.72,0.844241847000726,0.00885512836819457,0.831766150976234,0.839354789511939,0.846313106343158,0.849345758211982,0.854429429960319
"3","brick_mld",24.3,0.86347587736,0.0122083114097478,0.853129235916183,0.854625560324749,0.857835526091636,0.869956063199418,0.881833001268015
"4","brick_sss",18.99,0.893302987089851,0.0114938519117107,0.885410623606951,0.887841486285275,0.889305165584787,0.890364311959511,0.91359334801273
"5","brick_sbtm",5.18,0.97088946448949,0.00186566774257755,0.968390087149502,0.969834352256835,0.971016357411233,0.972023433366994,0.973183092262887
"6","gseal",7.28,0.959082629291993,0.00197075772374074,0.956009178122357,0.95835479977481,0.959783868860348,0.960270129697163,0.960995170005287
"7","hseal",3.92,0.977982918957036,0.00152260902837693,0.976435480635775,0.976881397994066,0.977417424185821,0.979290732015776,0.979889559953744
