"","var","importance","mean","sd","min","q25","med","q75","max"
"1","log_depth",2.92,0.969384941323747,0.00278322064716725,0.965530528529917,0.967864837924841,0.969600949137328,0.971481343242846,0.972447047783806
"2","brick_tbtm",4.48,0.953069437218909,0.00980839326623842,0.94374431496476,0.946734398799238,0.952414697477541,0.953346182346387,0.969107592506619
"3","brick_mld",39.87,0.581841083378402,0.0175078680107459,0.565969685549154,0.569783816703615,0.575558791492471,0.588843075528767,0.609050047618002
"4","brick_sss",1.24,0.986993792019314,0.000639071147561001,0.985960086217855,0.987056661243025,0.987084929797791,0.987145625429864,0.987721657408033
"5","brick_sbtm",5.35,0.943894877541709,0.00448490630638889,0.937068968533176,0.942634257560075,0.944815289283,0.945782122822694,0.949173749509599
"6","gseal",28.62,0.69983941208625,0.0272389601059428,0.675407737129464,0.686097937295183,0.686982604382423,0.706449588024282,0.744259193599896
"7","hseal",17.52,0.81624982327609,0.0109839410597818,0.806084175923175,0.810071696207629,0.810754389154033,0.821152663735361,0.833186191360252
