"","var","importance","mean","sd","min","q25","med","q75","max"
"1","log_depth",1.3,0.989843155521983,0.000455117310424504,0.989320689435124,0.989521894674464,0.989747665181853,0.990279864527774,0.990345663790699
"2","brick_tbtm",8.7,0.931860655605583,0.00524536547826487,0.924152538557605,0.930287999120886,0.932212389910355,0.934302858309372,0.938347492129695
"3","brick_mld",50.43,0.605159205672539,0.0255182527033268,0.563019897405142,0.607343783843332,0.610448491304246,0.612607391026204,0.632376464783772
"4","brick_sss",12.69,0.900675392084269,0.00798259293654674,0.890379770110604,0.895458282627908,0.901181230789236,0.90608005193645,0.910277624957145
"5","brick_sbtm",2.53,0.980207231251209,0.00207950782486242,0.977721246216539,0.979505800400344,0.979962095644011,0.980394784000682,0.983452229994468
"6","gseal",14.15,0.889166534418396,0.00766084830527939,0.878430828880629,0.887265413376088,0.888198791391209,0.892621725800206,0.899315912643847
"7","hseal",10.21,0.920082042362822,0.00608230101534502,0.914655637028219,0.916950476918215,0.917925158139575,0.92060890275648,0.93027003697162
