"","var","importance","mean","sd","min","q25","med","q75","max"
"1","log_depth",2.07,0.962474055966919,0.00507935318083034,0.955679341918121,0.958803814079209,0.963852418539135,0.966582883111159,0.96745182218697
"2","brick_sst",21.27,0.614283819157147,0.0316420823949844,0.572268612924183,0.602862269200541,0.61093355090974,0.627096112145078,0.658258550606196
"3","brick_tbtm",26.22,0.524487321090924,0.0265264178617131,0.503565330642513,0.503722528698624,0.508789091782631,0.548044514234761,0.55831514009609
"4","brick_sss",0,1,0,1,1,1,1,1
"5","brick_sbtm",25.78,0.532542318438222,0.0344623807881035,0.480871095129007,0.52221107425829,0.539620161251901,0.545590752446455,0.574418509105456
"6","brick_mld",8.78,0.840852507678061,0.0159946488755911,0.822725462638424,0.832000619366668,0.835395637369844,0.85156807504875,0.862572743966622
"7","dfs",9.37,0.830033169229831,0.0109880127195767,0.822823068364091,0.823526102984666,0.826859474352976,0.827618230064894,0.849338970382528
"8","vel_mag",1.31,0.976237892056047,0.00319964046943206,0.972223860350166,0.974843198902376,0.975513419016823,0.977970276332216,0.980638705678653
"9","brick_xbtm",5.2,0.905635522597374,0.0286511259776072,0.856160929287472,0.905094118948727,0.921623514730988,0.921959913017321,0.923339137002362
