"","var","importance","mean","sd","min","q25","med","q75","max"
"1","log_depth",25.23,0.863505172028757,0.0307193002482631,0.821606533884359,0.852536955910181,0.856322602131888,0.888820956072217,0.898238812145138
"2","brick_sst",6.14,0.96679652732505,0.00551174465174765,0.958898515780483,0.964126107452393,0.967181997309939,0.97180848164796,0.971967534434472
"3","brick_tbtm",15.92,0.913858925156453,0.0226018126187111,0.881672406463426,0.900121682075851,0.920920209804819,0.930675197511627,0.935905129926539
"4","brick_sss",18.29,0.901039010898555,0.0341957333511606,0.869795092275607,0.875448607511151,0.887174400123697,0.923066605410202,0.949710349172116
"5","brick_sbtm",10.97,0.940631889179126,0.0229113074845014,0.915651748660443,0.916323472459691,0.951994885171997,0.955321864924319,0.963867474679179
"6","brick_mld",8.34,0.95485753680383,0.00480567107005987,0.948852733815904,0.952917534304815,0.953481079870174,0.957618295799028,0.96141804022923
"7","dfs",6.59,0.964371105814824,0.00468132817690037,0.959396941754684,0.961764120645163,0.964292232976706,0.964542123526692,0.971860110170877
"8","vel_mag",3.19,0.982718482258745,0.00315569816328772,0.979137836691906,0.980446727006341,0.983286728619525,0.983415337021014,0.987305781954941
"9","brick_xbtm",5.32,0.971240506719088,0.00517825840334342,0.963766967981761,0.968671652550956,0.971895162464166,0.975539870083238,0.976328880515319
