"","var","importance","mean","sd","min","q25","med","q75","max"
"1","log_depth",7.03,0.935700784570788,0.00371032838979587,0.932676289651991,0.932879846050085,0.933554025563003,0.938855828152096,0.940537933436765
"2","brick_tbtm",2.94,0.973144148566832,0.000819325836782292,0.971866902054871,0.972873314928671,0.973353779991693,0.973670540919682,0.973956204939242
"3","brick_mld",33.4,0.69446415796451,0.00807470357448914,0.68234635389629,0.692828914864555,0.694613840319149,0.698204796113238,0.70432688462932
"4","brick_sss",38.07,0.651754590728656,0.0139875879883596,0.63771985195782,0.639620443796146,0.650029478888036,0.660885704512965,0.670517474488313
"5","brick_sbtm",0.94,0.991447198785154,0.000413343334675419,0.990969781187592,0.991134576393493,0.991406805459827,0.991787218496471,0.991937612388389
"6","gseal",17.5,0.839912108428118,0.00457914916877696,0.833099240522761,0.839245854329747,0.840463239997807,0.840854884387913,0.845897322902364
"7","hseal",0.12,0.998905680446926,3.23182661710006e-05,0.998854476075195,0.998903335199183,0.998909536887307,0.998918260918804,0.99894279315414
