"","var","importance","mean","sd","min","q25","med","q75","max"
"1","log_depth",18.31,0.570523661161008,0.0248692997535476,0.543843890381141,0.55709844158157,0.569177540847803,0.572262744162798,0.610235688831729
"2","brick_tbtm",14.23,0.666332148161595,0.00595217494100163,0.660575608981121,0.662498430259654,0.664392186826409,0.668659089874161,0.675535424866631
"3","brick_mld",15.9,0.627070195350312,0.0168814383062935,0.615848687023848,0.61865617653961,0.621637857108144,0.62229077135542,0.656917484724538
"4","brick_sss",20.05,0.529814788519864,0.0118688280960348,0.515347235990872,0.522998198046413,0.527000057165207,0.539696305682301,0.544032145714526
"5","brick_sbtm",20.23,0.525505331773692,0.0115805617974394,0.510509802103744,0.515504446750484,0.532516071024208,0.53392314365003,0.535073195339996
"6","gseal",9.24,0.783332749148445,0.0169543728187579,0.762526780813083,0.774404386730772,0.779904008558682,0.793768223300437,0.806060346339252
"7","hseal",2.04,0.952269657335285,0.00313245438008091,0.947895419438594,0.951430788123298,0.952174774343441,0.953293462089028,0.956553842682064
