"","var","importance","mean","sd","min","q25","med","q75","max"
"1","log_depth",9.39,0.946635419215863,0.0016197940630772,0.944573990290926,0.945651361941591,0.946486582846178,0.94795592846843,0.948509232532192
"2","brick_sst",0.81,0.995417466173853,0.000306768647667558,0.994889681076062,0.995493450992751,0.995493887758945,0.995516266910498,0.995694044131009
"3","brick_tbtm",5.67,0.96778988592091,0.0038845735589158,0.961263962000251,0.967513765771554,0.969066439018419,0.969919935378649,0.97118532743568
"4","brick_sss",1.42,0.991904328874277,0.00159841960294402,0.989426370179133,0.99120672482333,0.992610677535485,0.992988249699882,0.993289622133553
"5","brick_sbtm",23.36,0.867261113281314,0.00519728016402052,0.86291018477344,0.86358260050414,0.86509713421359,0.869279744947403,0.875435901967998
"6","brick_mld",4.82,0.972600370653256,0.00163140927564685,0.969845585789883,0.972532287027797,0.973065807089905,0.973610066180206,0.973948107178487
"7","dfs",52.38,0.702379801066991,0.0138768265320023,0.681574382688248,0.697093820660139,0.703921176189634,0.712962098004211,0.716347527792724
"8","vel_mag",0.97,0.994481686846525,0.00144869521669424,0.992862351421723,0.993624625790467,0.993894434857606,0.996002681031142,0.996024341131688
"9","brick_xbtm",1.18,0.99328684020827,0.00128234613682374,0.991518874233791,0.992830168395863,0.993273693583462,0.993797710516073,0.995013754312158
