"","var","importance","mean","sd","min","q25","med","q75","max"
"1","log_depth",2.45,0.968196541584803,0.00219231461244465,0.965449880856531,0.966913005057541,0.968049750690702,0.969482477344294,0.97108759397495
"2","brick_sst",0.12,0.998494057420994,0.000631755334421141,0.997408609547197,0.998609228307925,0.998693136702681,0.998695275852009,0.999064036695157
"3","brick_tbtm",19.58,0.745693618223374,0.0291050931882465,0.717478599636484,0.729117808850309,0.737857694252264,0.751133663670426,0.792880324707386
"4","brick_sss",0.17,0.997779765460737,0.00083454538512449,0.997195299849548,0.997299474673792,0.997352864901877,0.99784779589305,0.999203391985416
"5","brick_sbtm",1.1,0.985693184458014,0.00284486189508166,0.983578599062557,0.984385211396473,0.984624645288947,0.985203414552442,0.990674051989651
"6","brick_mld",11.63,0.849007865258102,0.0184900523817357,0.81719343888608,0.852604677590141,0.852672458922318,0.857570973200446,0.864997777691526
"7","dfs",56.92,0.260699707925281,0.0863146287375687,0.176923563068962,0.201545930098948,0.260480586726575,0.265053041754881,0.399495417977038
"8","vel_mag",7.88,0.897662505955978,0.0145969482695177,0.878668524483527,0.89535959896988,0.896323480247276,0.898298150850117,0.919662775229091
"9","brick_xbtm",0.16,0.997953445752894,0.000566984939302976,0.997069151362529,0.997871857074107,0.997950976435354,0.998318468401787,0.998556775490694
