"","var","importance","mean","sd","min","q25","med","q75","max"
"1","log_depth",7.27,0.963084776656563,0.0104477875003131,0.945738412453385,0.962809064534582,0.964352533593389,0.97086595820447,0.971657914496987
"2","brick_tbtm",0.41,0.997933704176084,0.000478414760910424,0.997123950817675,0.997936173354625,0.998034754675997,0.998276287103046,0.998297354929076
"3","brick_mld",2.15,0.989074641755974,0.000448372414298333,0.988476046683384,0.988742806393596,0.989230445791944,0.98938638183748,0.989537528073465
"4","brick_sss",12.43,0.936836108838108,0.0124213818423448,0.918228651179308,0.934757253382961,0.938799584954182,0.93958404731957,0.952811007354519
"5","brick_sbtm",48.7,0.752582599285495,0.0323003925078252,0.71696121044171,0.729337857474187,0.747244157045574,0.772970631515611,0.796399139950392
"6","gseal",11.28,0.942710195950748,0.0066717450882965,0.934737455190337,0.940439831262479,0.94132779510965,0.944059634816421,0.952986263374852
"7","hseal",17.77,0.909709606735001,0.00500432790838317,0.903526005067135,0.907155704362081,0.909013819252883,0.912141933162061,0.916710571830844
