"","var","importance","mean","sd","min","q25","med","q75","max"
"1","log_depth",16.13,0.855459892211946,0.00771882959436303,0.846594171708947,0.847668328233561,0.85903023510215,0.861441899072116,0.862564826942958
"2","brick_tbtm",1.89,0.983032619157778,0.000815446265414973,0.981933424916747,0.98238327766217,0.983544223254287,0.98361108874713,0.983691081208555
"3","brick_mld",0,1,0,1,1,1,1,1
"4","brick_sss",0.46,0.995866251429422,0.000684509395793666,0.994764628877138,0.995789845893262,0.996043959723451,0.996118517887079,0.996614304766181
"5","brick_sbtm",65.54,0.412610211381065,0.0320622896418251,0.367948784700659,0.393712633513997,0.424261201384055,0.42679065439033,0.450337782916285
"6","gseal",1.25,0.988786103846002,0.000530502272554377,0.987971066347107,0.988636043162178,0.988825873213363,0.989180841821186,0.989316694686173
"7","hseal",14.72,0.868080671725307,0.0116776820209833,0.858341263058696,0.859357964128867,0.866464767872044,0.868890469211796,0.88734889435513
