"","var","importance","mean","sd","min","q25","med","q75","max"
"1","log_depth",15.38,0.901777867381638,0.00303107202707985,0.897934436590714,0.899954541302918,0.901375534257318,0.904619651284146,0.905005173473093
"2","brick_tbtm",3.13,0.98001827473177,0.0010019412155694,0.978634519954571,0.979505023186097,0.980018398947735,0.98082840547091,0.981105026099536
"3","brick_mld",2.33,0.985098237580872,0.000338768967683374,0.984696475830695,0.984911497094063,0.985017693552931,0.985305335543534,0.985560185883138
"4","brick_sss",12.33,0.921235842762637,0.00625125345854566,0.910723681534189,0.921463795904611,0.922142821938277,0.925229345487477,0.92661956894863
"5","brick_sbtm",28.63,0.817145158820841,0.00919075412345971,0.807615386431615,0.812884927164758,0.814771868043176,0.818420369903564,0.832033242561094
"6","gseal",14.17,0.909475838589246,0.00266818592530297,0.905869976010787,0.907913748165858,0.909838279535724,0.911054987730867,0.912702201502993
"7","hseal",24.03,0.846534544328197,0.0101710083587525,0.836852917147081,0.837310654524206,0.844509627116091,0.854566474700252,0.859433048153353
