"","var","importance","mean","sd","min","q25","med","q75","max"
"1","log_depth",0.35,0.997792630909797,0.000348495101163778,0.997438835388886,0.997532946360502,0.997746217420607,0.997931130517232,0.998314024861759
"2","brick_tbtm",4.96,0.968804912776129,0.00285858276386784,0.965283369151145,0.966441458105765,0.969660186940252,0.970507913438526,0.972131636244958
"3","brick_mld",6.41,0.959703748346156,0.00376194652246804,0.955456185216758,0.956407701732476,0.960754277688925,0.961289025127792,0.964611551964828
"4","brick_sss",0,1,0,1,1,1,1,1
"5","brick_sbtm",41.14,0.741401271296896,0.0284802607092036,0.712837029788599,0.7336558337115,0.734668670078412,0.736493767546042,0.789351055359929
"6","gseal",44.59,0.719764024232819,0.0156513857660548,0.696570573593495,0.715759803097228,0.718012035284992,0.732863595913824,0.735614113274553
"7","hseal",2.54,0.984027236250274,0.00226085451470807,0.98210786604093,0.982978427160916,0.983116672735854,0.984054747146584,0.987878468167084
