"","var","importance","mean","sd","min","q25","med","q75","max"
"1","log_depth",1.61,0.984510070931368,0.000533168923074426,0.983857150714465,0.984049663112005,0.984653307389758,0.984932904524508,0.985057328916105
"2","brick_tbtm",41.91,0.597894678758099,0.0338831557423914,0.554842708981884,0.586211484800658,0.591847392746958,0.609332261724476,0.647239545536519
"3","brick_mld",1.35,0.987081056252743,0.00165134075075719,0.984698092851103,0.986690888373107,0.986753006706097,0.988348201977392,0.988915091356017
"4","brick_sss",1.93,0.981482108539643,0.00123293324589021,0.979528063745514,0.981072052380816,0.981996212676149,0.982163680089423,0.982650533806312
"5","brick_sbtm",10.53,0.898999723981804,0.00176297034859056,0.897154762843341,0.897442205152764,0.899427086660576,0.899488730926273,0.901485834326064
"6","gseal",33.27,0.680778737369082,0.0247642336658922,0.650741099075157,0.66808260961298,0.674003912178424,0.697846384100701,0.71321968187815
"7","hseal",9.4,0.90979589135184,0.010104878711295,0.900066144679693,0.902901281053403,0.906077651278585,0.915197769724405,0.924736610023113
