"","var","importance","mean","sd","min","q25","med","q75","max"
"1","log_depth",0.01,0.999917101412341,4.51219314638923e-06,0.999911499121269,0.999913258733195,0.999918896778454,0.999919741702104,0.999922110726683
"2","brick_tbtm",60.42,0.525605887804945,0.013427154079903,0.504145257061659,0.522671914838555,0.52859867108088,0.533659980423368,0.538953615620262
"3","brick_mld",30.22,0.762690307426569,0.00914771726508778,0.750735832586341,0.757160777120399,0.76253787195272,0.769821445182991,0.773195610290394
"4","brick_sss",0.05,0.999580674347888,2.03645431613941e-05,0.999551170742863,0.999570567921104,0.999588203826083,0.999589132346046,0.999604296903342
"5","brick_sbtm",0.22,0.998292626739702,3.60235971477341e-05,0.998258580853795,0.998271072468298,0.998273787614265,0.998314987491684,0.998344705270465
"6","gseal",8.96,0.929655225403421,0.00218666608211639,0.92661323761182,0.929147134347709,0.929672933816956,0.930122362132964,0.932720459107655
"7","hseal",0.12,0.999074065457185,6.96531014131811e-05,0.998974867154811,0.999053928060633,0.999061825568999,0.999126539389787,0.999153167111698
