"","var","importance","mean","sd","min","q25","med","q75","max"
"1","dfs",82.58,0.0356112600710408,0.0544102136258847,-0.00928375297556754,-0.00353199816905337,0.0215636607498894,0.0441179494214149,0.125190441328521
"2","xbtm",12.61,0.852750495970882,0.017836576736039,0.82725888272219,0.848375700733548,0.848651367693435,0.867499321336049,0.871967207369188
"3","sst",2.78,0.967564003880151,0.00264296503189283,0.964686350326646,0.965873769491734,0.966559781739408,0.969982222760378,0.970717895082587
"4","v",2.03,0.976267973606992,0.00761505115049723,0.966129912855988,0.971352939385715,0.978260891743566,0.979990719266795,0.985605404782895
"5","u",0,1,0,1,1,1,1,1
