"","var","importance","mean","sd","min","q25","med","q75","max"
"1","dfs",58.25,0.28634963515059,0.0529625969678724,0.234469198612475,0.256505726273243,0.264745216259521,0.307742409849986,0.368285624757724
"2","sst",38.07,0.53365099730338,0.0189756980705229,0.503595520126747,0.526856338572182,0.541461370423847,0.546151778178022,0.5501899792161
"3","v",2.84,0.965181146060189,0.00925822844251832,0.954677913715853,0.957150833214811,0.966372856270015,0.97100025990659,0.976703867193676
"4","xbtm",0.5,0.993910859541669,0.000542921626134696,0.993298230211496,0.993608243999937,0.993718539256945,0.994288819302623,0.994640464937343
"5","u",0.34,0.995793420785125,0.00101742686422176,0.993974171407855,0.996196674969539,0.996265409347162,0.99626542272175,0.99626542547932
