"","var","importance","mean","sd","min","q25","med","q75","max"
"1","log_depth",0.65,0.995245348744894,0.00101953641984385,0.993783566732012,0.994817975307992,0.995217525327346,0.996194215124534,0.996213461232584
"2","brick_tbtm",3.61,0.973548271321645,0.00609473590159321,0.96745663501251,0.970099002701079,0.971734449039148,0.9752367209404,0.983214548915089
"3","brick_mld",19.2,0.859309158803319,0.00981247061507637,0.843735331501375,0.857858544737916,0.860793645479752,0.864117621021417,0.870040651276133
"4","brick_sss",6.16,0.954863806066221,0.00526674755379572,0.94649576325785,0.953249831466514,0.956352284155039,0.958969521435565,0.959251630016137
"5","brick_sbtm",0.8,0.994135522658623,0.000415305824076752,0.993644437736839,0.994031841111388,0.994048364299235,0.994161926548069,0.994791043597586
"6","gseal",0.36,0.997340123861607,0.000448185456294445,0.996574533453549,0.997384010439736,0.997435631856254,0.997581654610861,0.997724788947634
"7","hseal",69.21,0.492896462629413,0.105425167758928,0.417680101403268,0.430232120639456,0.434211543410573,0.513363460770375,0.668995086923393
