"","var","importance","mean","sd","min","q25","med","q75","max"
"1","log_depth",2.19,0.982257018884087,0.00134581956899801,0.979956834398788,0.982394117316764,0.9827097560686,0.982746366160198,0.983478020476084
"2","brick_tbtm",7.64,0.937933927116952,0.00556444048935146,0.93049684649758,0.935815661533558,0.936391172946272,0.943269941817646,0.943696012789705
"3","brick_mld",9.09,0.926230293653378,0.00395233260515724,0.9217308434309,0.923195447465633,0.925901623771915,0.929159967172531,0.93116358642591
"4","brick_sss",16,0.870096476669496,0.01657465497998,0.853395415735521,0.856990200854891,0.865306940365499,0.883736677401221,0.891053148990349
"5","brick_sbtm",0.96,0.992170817307728,0.000506076062624248,0.991742015852933,0.991939445644907,0.991979473591202,0.992156180724043,0.993036970725558
"6","gseal",0.64,0.994804965830999,0.000271227306879178,0.994586058438491,0.994646577198328,0.994731229131466,0.994791633661546,0.995269330725164
"7","hseal",63.48,0.484623804082762,0.0532156746755742,0.425061433852523,0.451940645535143,0.471650930806388,0.514782884640874,0.559683125578882
