"","var","importance","mean","sd","min","q25","med","q75","max"
"1","log_depth",7.36,0.90597977832789,0.00197928716093153,0.903937876250804,0.90400559370478,0.906530808430002,0.906907136192864,0.908517477060998
"2","brick_tbtm",11,0.859423214457119,0.00448315960331928,0.851657245457717,0.859644108482099,0.861122959677419,0.862168766849772,0.862522991818586
"3","brick_mld",17.58,0.775380238773273,0.00977903333599135,0.764766738389551,0.767404520676845,0.776260142864625,0.77930157238584,0.789168219549505
"4","brick_sss",27.35,0.650425016936,0.0105907074929546,0.640612419533084,0.641785388033595,0.647708990237645,0.656197812187431,0.665820474688246
"5","brick_sbtm",8.62,0.889818482050767,0.0033747766463197,0.88585486786913,0.887225076304188,0.889603953824945,0.892932664207773,0.893475848047797
"6","gseal",17.39,0.777768422836274,0.0059067350108171,0.771271323932758,0.773871553641774,0.777831128367939,0.779140061158219,0.786728047080683
"7","hseal",10.71,0.8631633887731,0.00105731343331605,0.861592842364492,0.862775104039186,0.863199349376673,0.864078688323687,0.864170959761461
