"","var","importance","mean","sd","min","q25","med","q75","max"
"1","log_depth",11.98,0.929604684054504,0.00289942644636503,0.92514399111767,0.929276940879619,0.929355690566861,0.931463227829002,0.932783569879365
"2","brick_tbtm",25.01,0.853106866864516,0.00619737940151666,0.846897614336657,0.848213069172595,0.851720990010135,0.856982927079329,0.861719733723863
"3","brick_mld",17.06,0.899809125920831,0.00518759801346305,0.895371898862517,0.897296592354077,0.898340338767788,0.899325342455723,0.90871145716405
"4","brick_sss",27.55,0.838152548919757,0.00612461043380426,0.831250944610097,0.837043566661009,0.837138702842457,0.837213464846869,0.848116065638351
"5","brick_sbtm",4.26,0.97499826923643,0.00126011030103556,0.972847323352199,0.975162260351522,0.975360091785738,0.975459688883152,0.97616198180954
"6","gseal",3.66,0.978514899127005,0.00110580105017421,0.977209622995111,0.978050417778678,0.978300605045399,0.978814991784915,0.980198858030924
"7","hseal",10.48,0.938428342575754,0.00148980607738571,0.936674530756697,0.937686345148682,0.938316591012946,0.938773087679395,0.940691158281051
