"","var","importance","mean","sd","min","q25","med","q75","max"
"1","log_depth",3.44,0.975819254683874,0.000677258545511343,0.975039108155741,0.975569282810952,0.975742337156052,0.975850794953741,0.976894750342886
"2","brick_tbtm",8.07,0.943319197234163,0.00253988226469711,0.940353520753449,0.941114250650974,0.943761571955792,0.945061582045253,0.946305060765348
"3","brick_mld",10.99,0.922781839785592,0.0047703075690269,0.916202005185589,0.919470848835058,0.924418695937382,0.92680123894884,0.927016410021091
"4","brick_sss",66.32,0.53404739185673,0.0107790578271063,0.519676449488153,0.528272947236842,0.53303358808447,0.544608542478267,0.544645431995918
"5","brick_sbtm",4.78,0.96640013358431,0.00108597368737079,0.964855917309037,0.965679323831756,0.966964102910286,0.967095216699934,0.967406107170536
"6","gseal",1.89,0.986699604325765,0.000412606974138536,0.98626601656734,0.986380077793469,0.986715801136547,0.986824037976314,0.987312088155156
"7","hseal",4.51,0.968315585107882,0.00119711745545343,0.966727360214231,0.967697710115376,0.968241897584912,0.969120823898405,0.969790133726485
