"","var","importance","mean","sd","min","q25","med","q75","max"
"1","log_depth",12.26,0.695917252895874,0.00444245928583826,0.691489607600537,0.693366594650055,0.693489371820598,0.699458640284121,0.701782050124059
"2","brick_tbtm",13.47,0.665958340021556,0.0150849233526012,0.653333315102298,0.660318588422086,0.661331190451496,0.66264640781072,0.692162198321183
"3","brick_mld",10.29,0.744828899811912,0.00846303945492787,0.733633174163388,0.739602215989601,0.744991518470505,0.752060795432353,0.753856795003714
"4","brick_sss",3.01,0.925288955451037,0.00138648294359608,0.924191453550565,0.924252155624655,0.924599845604799,0.926011757516335,0.927389564958829
"5","brick_sbtm",10.02,0.751395435734064,0.0049115649508818,0.745802741944171,0.747483562579806,0.751290761280625,0.754833822777031,0.757566290088687
"6","gseal",34.71,0.138966674336018,0.0206673548591721,0.109642119691565,0.128021318326716,0.141238576143083,0.157032397382615,0.158898960136111
"7","hseal",16.24,0.59723286368143,0.011958513429559,0.578951331083887,0.59455437519446,0.596794328843833,0.607067841778336,0.608796441506632
