"","var","importance","mean","sd","min","q25","med","q75","max"
"1","log_depth",10.11,0.91156033967623,0.001746821130287,0.910007883589649,0.910043958196608,0.910913107733649,0.913124684059804,0.913712064801438
"2","brick_tbtm",21.29,0.813819682698314,0.00914381534961583,0.804803411403436,0.80784010056434,0.812200159350275,0.815933395891549,0.828321346281972
"3","brick_mld",21.38,0.812951698427428,0.00807950433300669,0.803102842982988,0.807613830681627,0.814150586652944,0.815682185427556,0.824209046392025
"4","brick_sss",12.35,0.891972071918499,0.0039607025322559,0.885447581995086,0.891697977783282,0.892788494947423,0.894084263934856,0.895842040931848
"5","brick_sbtm",12.29,0.892463488799299,0.00146116424155831,0.890597412392095,0.891522970242191,0.892383392775966,0.893895009585466,0.893918659000776
"6","gseal",11.64,0.898184885013651,0.00273597623501218,0.89550478906385,0.8955626022636,0.897878462702327,0.90081642186127,0.901162149177208
"7","hseal",10.94,0.904349632626459,0.00155758031898112,0.901729229973891,0.904210752810638,0.904927634072926,0.905210763861945,0.905669782412897
