"","var","importance","mean","sd","min","q25","med","q75","max"
"1","log_depth",6.6,0.954909113624215,0.00283511605784201,0.95088545648393,0.953769094613414,0.954855439955544,0.956793626368344,0.958241950699844
"2","brick_tbtm",12.24,0.916408437532704,0.00352750270133381,0.911288557530051,0.91477173192757,0.916720239912392,0.919540583372164,0.919721074921341
"3","brick_mld",19.48,0.866955109604522,0.00465432915295427,0.86268220971648,0.863630653887305,0.86491503574769,0.869938134338939,0.873609514332198
"4","brick_sss",37.52,0.743761577253504,0.00449048496335854,0.73752490577916,0.741973500640137,0.743355974321974,0.746779963542214,0.749173541984034
"5","brick_sbtm",3.03,0.979307264337549,0.0009283400329268,0.978595846518671,0.978898854728876,0.978916988521865,0.979201552916703,0.98092307900163
"6","gseal",18.69,0.872392768175685,0.0028792658944113,0.868790949306133,0.871423457267458,0.872431558111739,0.872540510769802,0.876777365423296
"7","hseal",2.43,0.983393106384196,0.000235794279818055,0.98317532512242,0.98320909570264,0.983370268342848,0.983446628630173,0.983764214122899
