"","var","importance","mean","sd","min","q25","med","q75","max"
"1","log_depth",1.7,0.970970757866276,0.00134758448959648,0.969197095191755,0.970338052526561,0.971114687200728,0.971347752288357,0.972856202123981
"2","brick_tbtm",9.21,0.842576109463649,0.00557710943211529,0.834151183499002,0.841652376830618,0.842706302954754,0.844940688460334,0.84942999557354
"3","brick_mld",13.11,0.77592222744467,0.00706457284452683,0.765975368313473,0.774315091286752,0.776446857565304,0.777135097624628,0.78573872243319
"4","brick_sss",7.43,0.872981848875877,0.00251947251132798,0.870638584932661,0.871084699770556,0.871801262958749,0.875365615818728,0.876019080898691
"5","brick_sbtm",15.29,0.738621042708134,0.00849193933751281,0.730395552683664,0.734294831226159,0.735752621389547,0.740209037145841,0.752453171095459
"6","gseal",34.23,0.414971711847525,0.0107216098980599,0.395821938200474,0.418830186869943,0.419795412772492,0.419925668261106,0.420485353133609
"7","hseal",19.03,0.674687969728765,0.00426065170945985,0.667879649347846,0.673911848379233,0.675909263321549,0.676469430222184,0.679269657373014
