"","var","importance","mean","sd","min","q25","med","q75","max"
"1","log_depth",11.04,0.871975351094043,0.00388540204055959,0.866008067782299,0.871345966087421,0.871727219738126,0.874729323673491,0.876066178188876
"2","brick_tbtm",15.41,0.821250341442592,0.00482783968506705,0.813994543051301,0.818635825679659,0.824049105268414,0.824110339220048,0.825461893993536
"3","brick_mld",13.52,0.843156413711252,0.00631689431537205,0.836569277173565,0.839474925323285,0.84024423479837,0.847833531841599,0.851660099419438
"4","brick_sss",25.09,0.708971457809005,0.00508644958828259,0.703726340990724,0.705218033303897,0.707463595613874,0.712737627985363,0.715711691151168
"5","brick_sbtm",12.48,0.85525920271353,0.00287455761859616,0.852652626570666,0.852864752600292,0.854672740786952,0.856541201821408,0.859564691788334
"6","gseal",10.77,0.875042987441975,0.00171375205390623,0.873651445451082,0.873661181561836,0.874353571044755,0.875928395389507,0.877620343762695
"7","hseal",11.7,0.864259112583276,0.00451009760138246,0.858588531546839,0.862085221162927,0.863600401863046,0.866523662851902,0.870497745491665
