"","var","importance","mean","sd","min","q25","med","q75","max"
"1","log_depth",1.58,0.986199737667479,0.00067031708796155,0.985328441002353,0.98571788033759,0.986447046530403,0.986494447891779,0.98701087257527
"2","brick_tbtm",8.86,0.922732543231843,0.00371932385637443,0.919987558201832,0.920462748667609,0.920816873510955,0.923462697937726,0.928932837841095
"3","brick_mld",4.18,0.963578400923561,0.00308021460504701,0.960012001969655,0.96151199733792,0.963427444147746,0.965018912447681,0.967921648714803
"4","brick_sss",3.56,0.968993937547925,0.00154940709654353,0.966355862785849,0.969079473602622,0.969357753011145,0.969855621146459,0.970320977193551
"5","brick_sbtm",17.59,0.84658456760712,0.00684346803335034,0.841620024891425,0.841772676917696,0.843980989877169,0.847477390543158,0.858071755806154
"6","gseal",43.21,0.62319862373126,0.0101701174000267,0.610084112785399,0.616823372882829,0.625944702595579,0.626404493708084,0.636736436684407
"7","hseal",21.02,0.816664122793174,0.00356472772146965,0.813176690039378,0.814342181649707,0.8165906583459,0.8167800998312,0.822430984099684
