"","var","importance","mean","sd","min","q25","med","q75","max"
"1","log_depth",8.28,0.917938619262913,0.00245727807556834,0.914924225160626,0.916538690296786,0.917598325828216,0.919397368702784,0.921234486326153
"2","brick_tbtm",8.96,0.911134019691328,0.00190912519421829,0.90874636563001,0.909440954656828,0.911973653667709,0.912589678487124,0.91291944601497
"3","brick_mld",15.51,0.84616707585956,0.00402256879591894,0.842167316647565,0.843367773699402,0.846088330489627,0.846670697394924,0.852541261066284
"4","brick_sss",25.71,0.745082516926978,0.00792738678133602,0.734063517083471,0.740509817998397,0.746850142466453,0.749717613572317,0.754271493514254
"5","brick_sbtm",16.03,0.841058612385519,0.0038578725534696,0.834264967308357,0.841597546533548,0.842977359817897,0.843168380419689,0.843284807848104
"6","gseal",13.22,0.868944552444729,0.00340109050334236,0.864871881214047,0.867476132334902,0.868672904640543,0.869553206068151,0.874148637966001
"7","hseal",12.29,0.878150431999958,0.00319401391616826,0.873204418681948,0.877321704707494,0.878776003921382,0.879722830334686,0.881727202354281
