"","var","importance","mean","sd","min","q25","med","q75","max"
"1","log_depth",8.4,0.920528135533237,0.0015312456251735,0.919071438485436,0.919408353537774,0.920042753306214,0.921324259552166,0.922793872784595
"2","brick_tbtm",9.41,0.911002666388072,0.00352881700501054,0.906262538168622,0.908604130817294,0.911670793199939,0.913915373590532,0.914560496163973
"3","brick_mld",12.84,0.878528667292426,0.0027945319951919,0.875049022167918,0.876475625457196,0.879083165978437,0.879965127285394,0.882070395573182
"4","brick_sss",24.88,0.764623007800572,0.0069157086745275,0.753010057600351,0.764608347180165,0.766748126116047,0.767532723597643,0.771215784508655
"5","brick_sbtm",16.8,0.841062925753733,0.00332653659184755,0.837669140787795,0.838561459364789,0.839991340232023,0.843814371264012,0.845278317120046
"6","gseal",14.04,0.867209583949986,0.00259556163782081,0.864149915880057,0.865243807402169,0.867694965727927,0.868218616963117,0.870740613776662
"7","hseal",13.63,0.871062685416548,0.0051807657283071,0.865460973970931,0.865512047721141,0.873206745889357,0.875544960768629,0.875588698732684
