"","var","importance","mean","sd","min","q25","med","q75","max"
"1","log_depth",6.53,0.958767217318,0.00218886353823077,0.956205846788941,0.957188458717886,0.958792473338808,0.959917827418044,0.961731480326322
"2","brick_tbtm",4.27,0.973071676594582,0.00111773919014126,0.971169542165439,0.973067353363181,0.973427630138044,0.973688033910926,0.974005823395323
"3","brick_mld",13.52,0.914714379940869,0.00413043421185104,0.907804754336927,0.914772308794091,0.915210418907948,0.917730317222662,0.918054100442716
"4","brick_sss",17.23,0.891260084237141,0.00427183218586075,0.884426084310019,0.890712197372744,0.892202456963297,0.893001881726644,0.895957800813
"5","brick_sbtm",48.89,0.691550743104911,0.0139428610177112,0.678018392047504,0.680733473792577,0.690316169137883,0.695720892114396,0.712964788432195
"6","gseal",3.68,0.976801616422985,0.000857429492565784,0.975614331885827,0.976607878540045,0.976656214907271,0.977172759657923,0.97795689712386
"7","hseal",5.88,0.962873913923777,0.00119397476501244,0.961386411023974,0.962213875262726,0.962744902098682,0.963539964327565,0.964484416905935
