"","var","importance","mean","sd","min","q25","med","q75","max"
"1","dfs",55.68,0.240941917752921,0.0649956656855396,0.160944112843163,0.190610873698332,0.259953371521135,0.270070756374601,0.323130474327376
"2","sst",19.52,0.733918731464493,0.0172242136729218,0.71828317583662,0.7215205337436,0.727641382206686,0.742116681377361,0.760031884158199
"3","u",10.51,0.856742171500155,0.0164195021122008,0.833731357101067,0.854188060521794,0.856768492624929,0.859112716732943,0.879910230520041
"4","xbtm",8.67,0.881769223816222,0.0198858569925724,0.861441858281512,0.866999404518833,0.874498936652064,0.902751137453357,0.903154782175344
"5","v",5.62,0.923394837546254,0.00536081235024924,0.918702996240786,0.918705138743248,0.923775592733777,0.924003280147704,0.931787179865752
