"","var","importance","mean","sd","min","q25","med","q75","max"
"1","log_depth",20.86,0.898034626439985,0.00280444034553694,0.894716975502784,0.896361677090643,0.897413847744728,0.899967154401454,0.901713477460314
"2","brick_tbtm",10.77,0.94732801884368,0.00161929941184715,0.945623991920294,0.94578568218309,0.947558426323476,0.948286029172767,0.949385964618774
"3","brick_mld",12.95,0.936697000291804,0.00865253848876184,0.930795339247772,0.932322267834061,0.933034954766734,0.935451988758976,0.951880450851476
"4","brick_sss",3.35,0.983602262246054,0.00110703618406948,0.9819290604755,0.98326163523968,0.983626232201141,0.984541775482782,0.984652607831166
"5","brick_sbtm",30.85,0.849182310628333,0.00982110617374921,0.840670547636705,0.842166205655206,0.846540786383891,0.851481006043099,0.865053007422765
"6","gseal",8.22,0.959798567326349,0.00263136252863895,0.955813083613392,0.959393147724236,0.95946339632117,0.961732885052859,0.962590323920085
"7","hseal",12.99,0.936511081650112,0.00382420560020184,0.931757500641089,0.93375071501753,0.936662826647171,0.939431263429651,0.940953102515119
