"","var","importance","mean","sd","min","q25","med","q75","max"
"1","log_depth",7.97,0.930117404959749,0.001261745212651,0.928603767697294,0.929437290528764,0.929760352949462,0.931051072543845,0.931734541079382
"2","brick_sst",13.91,0.878118548652143,0.00426829917790076,0.87420276202538,0.875025925742055,0.875878202082855,0.882437220463854,0.883048632946569
"3","brick_tbtm",15.05,0.868075661814236,0.00314847526492126,0.865664643430945,0.866925439841112,0.866974621069464,0.867210332242306,0.873603272487353
"4","brick_sss",22.02,0.80697024216289,0.00481142485449582,0.801310178616903,0.804706899604438,0.806851356085246,0.80759382795499,0.814388948552872
"5","brick_sbtm",14.73,0.870910868286276,0.00328380767550955,0.867228106210724,0.868907364935006,0.869848639138503,0.873374788999969,0.875195442147178
"6","brick_mld",7.24,0.936503633786396,0.00305734409255131,0.932838258233972,0.934325266240348,0.936878091879737,0.937804332357406,0.940672220220519
"7","dfs",13.02,0.88592559936013,0.00233993683191894,0.88334875788682,0.884298655391213,0.885860697575821,0.886737237168555,0.889382648778239
"8","vel_mag",3.04,0.973398818673691,0.000458031489345178,0.972706470232887,0.973330395916264,0.973408904106079,0.973582749607871,0.973965573505355
"9","brick_xbtm",3.02,0.973562538814576,0.000389754200230227,0.973008762672495,0.973405163667929,0.973548160092497,0.973845320233763,0.974005287406197
