"","var","importance","mean","sd","min","q25","med","q75","max"
"1","log_depth",2.43,0.992636451957765,0.00012020100175932,0.99252677887982,0.992543425253797,0.99258183009114,0.992742527301057,0.99278769826301
"2","brick_sst",13.49,0.959176171863428,0.000802613612469574,0.958320241127802,0.958325022429186,0.959433788102645,0.959863203097672,0.959938604559836
"3","brick_tbtm",5.86,0.982267467221558,0.000256078767562178,0.981981145670817,0.982072567053603,0.982275176459409,0.982381396820343,0.982627050103617
"4","brick_sss",45.93,0.861004439294324,0.00276214609227299,0.858134403731248,0.858437337185662,0.860884327895567,0.863440462452798,0.864125665206348
"5","brick_sbtm",7.17,0.978290609715303,0.00078927215119016,0.977251182451452,0.978145182353896,0.978166824335155,0.978435689201117,0.979454170234895
"6","brick_mld",12.2,0.963080226813197,0.000407984730255829,0.962636954076512,0.962777149053814,0.963002976678662,0.96336488010628,0.963619174150716
"7","dfs",12.77,0.961360865309739,0.000752195274036043,0.960657885226944,0.960962710292142,0.960998323084611,0.961641112351304,0.962544295593692
"8","vel_mag",0.13,0.999610351896156,9.57930423502529e-06,0.99960094015519,0.999601894444314,0.999608208951119,0.99961933135053,0.999621384579626
"9","brick_xbtm",0.03,0.999918619268476,1.9497321560859e-06,0.999915499224073,0.999918310116389,0.999918935533862,0.999919711850412,0.999920639617642
