"","var","importance","mean","sd","min","q25","med","q75","max"
"1","log_depth",10.01,0.942473024571728,0.00095349024025941,0.941386899584502,0.941837249721276,0.942613349800206,0.942638385176882,0.943889238575773
"2","brick_tbtm",13,0.925272496582937,0.00179378616588151,0.923946126851857,0.924173140565804,0.924413995701533,0.925541158246071,0.928288061549422
"3","brick_mld",23.51,0.864834204877973,0.00322171895573255,0.860329118281601,0.862647646804045,0.866061093205864,0.867521779269298,0.867611386829055
"4","brick_sss",19.74,0.886534862118225,0.00505711806288514,0.881190940476253,0.882564091760995,0.88540417144949,0.890722713915303,0.892792392989086
"5","brick_sbtm",9.92,0.942954646205793,0.00143063197981126,0.941067422030127,0.942227666520064,0.942823110817916,0.943933895884799,0.944721135776058
"6","gseal",11.83,0.931985048619116,0.00179209749258801,0.929528397322077,0.931163185694178,0.932319393212021,0.932537893062491,0.934376373804814
"7","hseal",12,0.931004515576595,0.00230199611058396,0.927157314525355,0.931203321669207,0.931510192316718,0.93181357005006,0.933338179321636
