"","var","importance","mean","sd","min","q25","med","q75","max"
"1","log_depth",4.45,0.958166957010266,0.00211345536745991,0.956242692214443,0.956365261130118,0.958060781670534,0.95874811586619,0.961417934170045
"2","brick_tbtm",8.8,0.917347746583299,0.00191202375463101,0.915050225680096,0.915488107432071,0.918475930019281,0.9187474922743,0.918976977510747
"3","brick_mld",6.75,0.936623274845113,0.00287204991547469,0.93287113339158,0.935740339005871,0.935876165930302,0.938070501845332,0.940558234052478
"4","brick_sss",14.81,0.860907628772095,0.00814674259862593,0.847126007575528,0.860354145793638,0.863583904722296,0.866500777239134,0.86697330852988
"5","brick_sbtm",27.86,0.738312720488787,0.00732882450833357,0.729833502513987,0.735259847873122,0.73796486822485,0.738642790681798,0.749862593150177
"6","gseal",20.08,0.811380048880854,0.00457527418193266,0.804241258289915,0.809818151112448,0.812750828868814,0.814153974594119,0.815936031538975
"7","hseal",17.27,0.837799641060991,0.00512811284329982,0.832361278282175,0.832566872334808,0.839204151289773,0.841143625681842,0.843722277716359
