"","var","importance","mean","sd","min","q25","med","q75","max"
"1","log_depth",9.22,0.928842632886021,0.00374041295723216,0.924497948120882,0.925512181569633,0.929597847672708,0.931441907776081,0.933163279290801
"2","brick_tbtm",11.63,0.910275908873182,0.00226105151804613,0.90831297542311,0.908341301361693,0.909397074092547,0.91208342096162,0.91324477252694
"3","brick_mld",9.36,0.92779502375873,0.00386623353054892,0.922697457026232,0.925215080671538,0.928152037504503,0.931118030245185,0.93179251334619
"4","brick_sss",19.29,0.851149633883826,0.0127843042583043,0.834791607645114,0.849479485811997,0.849995098753867,0.850789651951099,0.870692325257052
"5","brick_sbtm",19.29,0.851136229709606,0.00440645680608187,0.848168452750219,0.848604454764024,0.849715955400792,0.850324686077107,0.858867599555887
"6","gseal",15.73,0.878598097339341,0.00114398908716691,0.877007734162921,0.877885865302885,0.878885364785549,0.879399582864977,0.879811939580371
"7","hseal",15.49,0.880442622225981,0.0039955840980017,0.877490801527643,0.878299682425925,0.879204688437842,0.879803096001156,0.887414842737336
