"","var","importance","mean","sd","min","q25","med","q75","max"
"1","log_depth",11.14,0.932201680932499,0.00246880764098681,0.92813771717734,0.931951629817999,0.932817818416262,0.933509812945467,0.934591426305426
"2","brick_tbtm",8.62,0.947519371389874,0.00168482940284561,0.944934180541567,0.946966261591903,0.947876895136121,0.948478903145046,0.949340616534734
"3","brick_mld",21.79,0.867387037199185,0.00521421689135793,0.858943301198003,0.866678142578538,0.867984537721142,0.871643512760608,0.871685691737634
"4","brick_sss",23.25,0.858460044369005,0.00167778572892886,0.856898549258929,0.857786189134409,0.85814048536624,0.858156105178163,0.861318892907285
"5","brick_sbtm",7.93,0.951709719732902,0.00129574189000261,0.949819783942311,0.950973227557899,0.952136724668737,0.952794496079696,0.952824366415865
"6","gseal",12.3,0.925126631004203,0.00223652740908324,0.922973056082306,0.924048347737489,0.924322845079578,0.925498494959617,0.928790411162027
"7","hseal",14.97,0.908868908315298,0.00102680253260847,0.907864480673167,0.907994455262807,0.908919234952239,0.909162938218683,0.910403432469597
