"","var","importance","mean","sd","min","q25","med","q75","max"
"1","log_depth",0.51,0.996957304505611,0.000158218819895305,0.996699464062908,0.99695165491518,0.996970696497558,0.997049449821554,0.997115257230856
"2","brick_tbtm",1.12,0.993346403868579,0.000216960674701131,0.993055067853956,0.993245080817911,0.993335988074665,0.993471124816785,0.99362475777958
"3","brick_mld",3.65,0.978363355597338,0.000886294685927341,0.977151835925888,0.9777318597862,0.97866900011746,0.979119139593717,0.979144942563423
"4","brick_sss",64.78,0.616309912197945,0.012036697147949,0.603456478447702,0.607822645625974,0.614163913283509,0.622491516225498,0.633615007407044
"5","brick_sbtm",6.83,0.959537094541403,0.00172310912645175,0.957243213595673,0.958805372682724,0.95968429680889,0.959997813782461,0.961954775837265
"6","gseal",15.97,0.90544003861165,0.00343810309853302,0.899843270123483,0.904990893255861,0.906048402582901,0.90760968625255,0.908707940843453
"7","hseal",7.13,0.957772935774524,0.00121463774895762,0.956772419029638,0.956919310157624,0.956989994857663,0.958889526422775,0.95929342840492
