"","var","importance","mean","sd","min","q25","med","q75","max"
"1","log_depth",5.35,0.96297215667871,0.000548980626483608,0.962250598379449,0.962747866954141,0.963019505771023,0.963083268190573,0.963759544098362
"2","brick_tbtm",14.72,0.898087413981327,0.00239002908510667,0.8960540998019,0.896565894277361,0.897106067989384,0.898751124995202,0.901959882842786
"3","brick_mld",13.87,0.904027516029396,0.00513305364440363,0.897534757750161,0.899782381732796,0.905495713205362,0.908442529421405,0.908882198037254
"4","brick_sss",37.72,0.738936490540559,0.00445562393677795,0.733973728806414,0.736308957182297,0.737230159242314,0.742648800140216,0.744520807331555
"5","brick_sbtm",7.46,0.948336236154381,0.0010428703149468,0.94715132794786,0.947727474376617,0.948059608751866,0.948949408983229,0.949793360712332
"6","gseal",11.27,0.921981728502427,0.00175868154124605,0.920759574528412,0.920922587013706,0.920935709417373,0.92239503881478,0.924895732737865
"7","hseal",9.61,0.933503156578612,0.00351140455102887,0.929466372900403,0.931214978096407,0.933338178875569,0.934917609220783,0.938578643799897
