"","var","importance","mean","sd","min","q25","med","q75","max"
"1","log_depth",3.29,0.978057974542679,0.00214640480010146,0.976232658525884,0.977114654978046,0.977521853594522,0.977653844799896,0.981766860815046
"2","brick_tbtm",8.84,0.941138698912917,0.00141763368302097,0.939117477516884,0.940317901903617,0.941607629174274,0.941975937878212,0.9426745480916
"3","brick_mld",11.44,0.923793293892293,0.00623643643469707,0.916640166501303,0.919181527621828,0.923006348390444,0.928701126927459,0.93143730002043
"4","brick_sss",57.64,0.616106629041618,0.0177463293853314,0.598428679133996,0.603905505341111,0.608271158999994,0.631374785237852,0.638553016495137
"5","brick_sbtm",4.55,0.969714284141109,0.00197773073717668,0.967957326743515,0.968182426861015,0.968730314087478,0.97161021059961,0.972091142413929
"6","gseal",6.84,0.954460404575465,0.00172492709497986,0.951955073876429,0.953641345068472,0.954666708673855,0.955861078320213,0.956177816938357
"7","hseal",7.4,0.950710696045626,0.00234095781338679,0.948426181163165,0.949265758882529,0.949415513659117,0.952827722684697,0.95361830383862
