"","var","importance","mean","sd","min","q25","med","q75","max"
"1","log_depth",0.04,0.999785328856143,7.28098707085253e-06,0.999775862829251,0.999780142747219,0.999786865556649,0.99978999172158,0.999793781426018
"2","brick_tbtm",3.52,0.981253676654365,0.000746012751689097,0.980400059938357,0.980560141749658,0.981407576701756,0.981844880092903,0.982055724789149
"3","brick_mld",1.17,0.993764517361359,0.000100621520508535,0.99367701002251,0.993689148451831,0.993740602503264,0.993790298657534,0.993925527171656
"4","brick_sss",63.62,0.661264681479566,0.0153623892546965,0.64086708057217,0.649976860943282,0.665772077522181,0.672519615370474,0.677187772989721
"5","brick_sbtm",2.32,0.987627910148272,0.000728524990356076,0.986686327097616,0.987391258998524,0.987673978477739,0.987675635018453,0.988712351149028
"6","gseal",15.77,0.916031749718182,0.0023083739617285,0.912082487048184,0.916159224455293,0.916571624574678,0.917562039273175,0.917783373239577
"7","hseal",13.55,0.927854158957772,0.00253877792212189,0.92379065064592,0.927357118487607,0.928347415534846,0.929383975063659,0.930391635056828
