"","var","importance","mean","sd","min","q25","med","q75","max"
"1","log_depth",4.71,0.970846573665336,0.0020984623080947,0.968687946841477,0.969503537258324,0.970651992199106,0.971231517060154,0.974157874967621
"2","brick_sst",31.04,0.80768347680771,0.00664225954469686,0.797472101966432,0.805887162335859,0.808386388053791,0.811821528063011,0.814850203619458
"3","brick_tbtm",4.07,0.97478728926936,0.00074760334474463,0.973611191185564,0.97471400439691,0.974846789019356,0.975121832690325,0.975642629054646
"4","brick_sss",5.12,0.968264133249307,0.000593019030513984,0.96758720975922,0.967934787603961,0.968164071761349,0.968487149889064,0.969147447232943
"5","brick_sbtm",10.42,0.935463394114638,0.00284662586038612,0.932592923772683,0.933043300398845,0.935503686475558,0.936583146015483,0.939593913910622
"6","brick_mld",11.9,0.92628038116137,0.0077597086317139,0.919178416211478,0.920333311443355,0.925285253364456,0.92803761487393,0.938567309913634
"7","dfs",25.02,0.845007594182515,0.0160135620471144,0.824679639786806,0.834152523570977,0.844944912239234,0.858823881937059,0.862437013378497
"8","vel_mag",3.67,0.977277422664467,0.00184082250446476,0.974095096514232,0.977596930424339,0.977611149373386,0.978453370666983,0.978630566343393
"9","brick_xbtm",4.05,0.9749047474285,0.00202767746310558,0.973415769652355,0.97385277601259,0.974201521485608,0.974607806332829,0.978445863659118
