"","var","importance","mean","sd","min","q25","med","q75","max"
"1","log_depth",2.69,0.992241096965204,0.000172271865479836,0.992001089906916,0.992191161052573,0.992247537366289,0.992286970549824,0.992478725950417
"2","brick_sst",35.07,0.898923962319353,0.00434781672270086,0.892507929003804,0.896336663230715,0.901242642542691,0.902132356395478,0.902400220424079
"3","brick_tbtm",1.82,0.994764423384118,0.000306558482356576,0.994376665875025,0.994576423878348,0.994782551030108,0.994912072439811,0.995174403697298
"4","brick_sss",18.49,0.946712689442935,0.00102802240498853,0.945178864409695,0.946603191492407,0.94672406768152,0.947013414332811,0.948043909298243
"5","brick_sbtm",22.48,0.935201215264496,0.00157792950985406,0.933249259431152,0.934262614340551,0.934893723796374,0.936626982842665,0.936973495911738
"6","brick_mld",2.71,0.992194942231233,0.000526501071411303,0.991313093212929,0.992192002858328,0.992293698064345,0.992508993720585,0.99266692329998
"7","dfs",7.22,0.979177198754641,0.000481395222193639,0.978378287584613,0.979109930115535,0.979327848236443,0.97948255103168,0.979587376804933
"8","vel_mag",5.4,0.984442463252839,0.000382538913912793,0.984076118543897,0.98429965871314,0.984343685978983,0.984402771001914,0.985090082026261
"9","brick_xbtm",4.12,0.988134961302962,0.000284784181094931,0.987829895574547,0.987894305392376,0.988201027117093,0.988210429539239,0.988539148891553
