"","var","importance","mean","sd","min","q25","med","q75","max"
"1","log_depth",11.24,0.71001527990432,0.0139720163256052,0.692038630586592,0.699761377362643,0.712593267202762,0.719935235465642,0.725747888903961
"2","brick_sst",33.09,0.146515373410064,0.0354099448298932,0.11515194776247,0.126289061510977,0.129566343004206,0.158573975971575,0.202995538801092
"3","brick_tbtm",12.54,0.676575259692375,0.0167061358710068,0.659779108903553,0.667189029437748,0.67108525701658,0.682056312039689,0.702766591064304
"4","brick_sss",0,0.999999999966273,1.9163762813035e-12,0.999999999964242,0.999999999965076,0.999999999966012,0.999999999966795,0.999999999969238
"5","brick_sbtm",9.55,0.753598863317055,0.0169940841635155,0.726117038855788,0.752532233520721,0.758017999159667,0.759024002730058,0.77230304231904
"6","brick_mld",12.21,0.685073690304131,0.0117317061703103,0.666045831436531,0.685095076400496,0.686423802111958,0.689979148192609,0.697824593379063
"7","dfs",12.69,0.672777517294894,0.00951687414478249,0.660712617233447,0.666459604558888,0.672463924448852,0.681143476091005,0.683107964142281
"8","vel_mag",8.55,0.779371678796415,0.0145158971011153,0.761962083581285,0.771091107856218,0.775004015292034,0.793970379995121,0.794830807257418
"9","brick_xbtm",0.12,0.996943387437386,0.000493362266087151,0.9964092078875,0.996788082705951,0.996808195450251,0.99696467851306,0.997746772630169
