"","var","importance","mean","sd","min","q25","med","q75","max"
"1","log_depth",27.6,0.717593200527038,0.0246607436241106,0.688864355636897,0.695412326560919,0.727748899254174,0.728438995800845,0.747501425382354
"2","brick_tbtm",23.8,0.756463441674927,0.0126657822741186,0.734721390370321,0.758656045354624,0.758834642107222,0.762707871598518,0.767397258943952
"3","brick_mld",0.01,0.999874394745846,2.17871954438435e-05,0.999853442747335,0.99985857029635,0.999866500241139,0.999888091417746,0.999905369026662
"4","brick_sss",2.89,0.970421599671959,0.00742801429086032,0.957702366629574,0.970411531263985,0.972862362472423,0.975427561661098,0.975704176332713
"5","brick_sbtm",10.84,0.889141025117644,0.0104180041086007,0.877713501838282,0.880319901130357,0.888404472820203,0.898051393553047,0.901215856246332
"6","gseal",17.26,0.823396523493979,0.0318963970976559,0.783728454712114,0.806693528800075,0.815907829397699,0.847520634516035,0.863132170043972
"7","hseal",17.59,0.820005060458848,0.0139060992809437,0.803393532257275,0.810223373409764,0.818313390545769,0.832522382766274,0.835572623315158
