"","var","importance","mean","sd","min","q25","med","q75","max"
"1","log_depth",28.32,0.850010684446726,0.0163262941288455,0.827894000987869,0.845182379919563,0.845524284770993,0.861274555006291,0.870178201548912
"2","brick_tbtm",12.64,0.933026621365545,0.00563506138898609,0.925513527463829,0.9307207958419,0.933898646896088,0.934002328156755,0.940997808469154
"3","brick_mld",9.53,0.94950223232349,0.00596831306938152,0.941989933747384,0.947212391466493,0.948778339722488,0.951238043580371,0.958292453100715
"4","brick_sss",7.57,0.959917460095462,0.00455867064649049,0.952581352543852,0.959801746018336,0.959892131468217,0.96283764687382,0.964474423573086
"5","brick_sbtm",13.16,0.930282457929343,0.00471405873221699,0.925628650104923,0.926378848879492,0.930816090348766,0.931170411457428,0.937418288856106
"6","gseal",12.79,0.932225821036447,0.00285352261201002,0.929853671844725,0.930541717401042,0.930997039504208,0.932790915509673,0.936945760922589
"7","hseal",15.98,0.915330008890235,0.0083958074275719,0.905836822586959,0.911261825331744,0.911496022661578,0.921872580368324,0.926182793502572
