"","var","importance","mean","sd","min","q25","med","q75","max"
"1","log_depth",5.98,0.955960690986122,0.00693788154143296,0.948453569626126,0.94940484202221,0.956443272818282,0.962136713691471,0.963365056772519
"2","brick_tbtm",15.14,0.88855983219656,0.0161174095689443,0.867931451999065,0.881651160523985,0.883349163042243,0.903823273459259,0.906044111958247
"3","brick_mld",2.47,0.981840042164487,0.00142408948976171,0.980418568467606,0.98057679308779,0.981606911968609,0.982995278729409,0.983602658569022
"4","brick_sss",5.75,0.957653852621742,0.0071621858084008,0.948288784563939,0.954493392303291,0.955908163396184,0.963646361192332,0.965932561652963
"5","brick_sbtm",29.54,0.782657193784645,0.0448680135324171,0.746339931100964,0.752971396428235,0.770777705840016,0.785003409738133,0.858193525815876
"6","gseal",4.62,0.965997459560564,0.00785597339206424,0.956344409411092,0.964457679881376,0.965236160090714,0.965678382829059,0.978270665590581
"7","hseal",36.49,0.731484572030577,0.013974801635984,0.711333263716704,0.7222237252584,0.740718846658954,0.741075237451914,0.742071787066912
