"","var","importance","mean","sd","min","q25","med","q75","max"
"1","sbtm",38.85,0.242675333069847,0.0694308502361515,0.160868774080327,0.191942610038976,0.250590051981554,0.271910689602656,0.338064539645722
"2","log_depth",21.63,0.578352873625925,0.0170513967550687,0.558771699134876,0.573050504150017,0.576027946973548,0.57824749026791,0.605666727603276
"3","tbtm",13.12,0.744186111824786,0.0126541181877326,0.736185933445397,0.736611008560126,0.739243109941542,0.742524923521836,0.766365583655028
"4","mld",11.7,0.771973174617276,0.0166853529965354,0.752627731889379,0.758258391548707,0.774627689633419,0.780774369460344,0.793577690554532
"5","sss",6.37,0.875807534885844,0.00981726715586766,0.862421833937972,0.87185460635556,0.874408013445588,0.882608099723607,0.887745120966495
"6","gseal",5.71,0.888702344761969,0.0105068369508556,0.873402212193162,0.883709450787609,0.891312331285146,0.894429827026545,0.900657902517381
"7","fish_biomass",2.37,0.953822649175796,0.00202531483879665,0.952266504961199,0.952741790750182,0.952772969132069,0.954097532958263,0.957234448077269
"8","hseal",0.25,0.995095681181905,0.000438550184646656,0.994602811170718,0.994969877400209,0.995039867488913,0.995058775378688,0.995807074470994
