"","var","importance","mean","sd","min","q25","med","q75","max"
"1","log_depth",8.73,0.950919244323807,0.00151440568221386,0.94885190082553,0.950537520297463,0.950786977898564,0.951371776756577,0.953048045840899
"2","brick_sst",23.27,0.869128154413497,0.00117595685376777,0.867458908669997,0.868825231195413,0.869063176632052,0.869610934578144,0.870682520991879
"3","brick_tbtm",1.43,0.991964540400637,0.000376527342672788,0.991489822278685,0.991767181555894,0.991901728390967,0.992211969685901,0.992452000091737
"4","brick_sss",13.55,0.923773520051899,0.00160016182205791,0.922575663368733,0.92282629777778,0.923313413273714,0.923609009284644,0.926543216554626
"5","brick_sbtm",12.45,0.929975246287021,0.00136142444952694,0.928405161099732,0.928646395169421,0.930630377743441,0.930753371156147,0.931440926266364
"6","brick_mld",8.71,0.951007936104545,0.00264425161340133,0.948471474117347,0.949698744718955,0.950339704945217,0.951121687383273,0.955408069357935
"7","dfs",30.06,0.830977585169196,0.00804492090615812,0.821830139668083,0.825125698797591,0.831733996505728,0.833685423034246,0.842512667840332
"8","vel_mag",0.94,0.994687113972335,0.000146448543874593,0.994525465297534,0.994604467367428,0.994621304899656,0.99482776545562,0.994856566841437
"9","brick_xbtm",0.85,0.99519502589742,0.00016396051737362,0.994962044197024,0.995160295745789,0.99518380654561,0.995253811988973,0.995415171009705
