"","var","importance","mean","sd","min","q25","med","q75","max"
"1","log_depth",0.29,0.999241120530056,0.000101134119318692,0.999108551891092,0.999204505872744,0.999208485680207,0.999325191436397,0.999358867769841
"2","brick_sst",40.51,0.892833142534134,0.00657164859076084,0.884287774519692,0.888022895227306,0.894654184099,0.896763981904953,0.90043687691972
"3","brick_tbtm",0.4,0.998929512090267,0.000144161771046407,0.998739503748145,0.998854886668977,0.998935195157327,0.998996145125771,0.999121829751116
"4","brick_sss",6.55,0.982678934194385,0.0008963023566489,0.981385510736396,0.982601873913823,0.982607346586173,0.98290517725495,0.983894762480582
"5","brick_sbtm",9.89,0.97383627340231,0.00318662695537528,0.969921322408193,0.971924526264872,0.973464658756661,0.975865591270346,0.978005268311478
"6","brick_mld",1.11,0.997071286328492,0.000791232900229528,0.996152457101126,0.996484992214961,0.997110270382883,0.997458012130467,0.998150699813023
"7","dfs",41.07,0.891351700043341,0.00803269872049752,0.877228925028764,0.892716944626766,0.89467546420012,0.895282788416426,0.896854377944627
"8","vel_mag",0.19,0.999502892383669,6.12294680366112e-05,0.999402753500042,0.999488527726397,0.999526773612492,0.99954166378366,0.999554743295756
"9","brick_xbtm",0,0.999990247537559,1.25607578683802e-06,0.999988700868146,0.999989360825936,0.999990330254866,0.999990996952985,0.99999184878586
