"","var","importance","mean","sd","min","q25","med","q75","max"
"1","log_depth",52.92,0.260687460698476,0.00660181000700052,0.252364151491899,0.258291378983691,0.260263355346207,0.261955241026865,0.270563176643715
"2","tbtm",14.56,0.796565512471474,0.00323297787389663,0.792981963576076,0.793492314825088,0.797060582973743,0.799262946877018,0.800029754105443
"3","sbtm",13.41,0.812683478497054,0.00127631372223727,0.811240680287214,0.81233137749883,0.812489542933204,0.81260669977466,0.814749091991365
"4","gseal",7.4,0.896577161344097,0.00515394146393526,0.890237093054431,0.893436320033305,0.896116635047941,0.899736396186663,0.903359362398146
"5","hseal",6.12,0.91452819634387,0.00152705301846849,0.91243172251565,0.914400467039239,0.914522663319537,0.914540759084204,0.916745369760719
"6","mld",4.38,0.93885092300181,0.000917198216168177,0.937409592177361,0.938597236602422,0.939008905021648,0.939527185499696,0.939711695707922
"7","sss",1.2,0.983197091778253,0.000544449111733462,0.982625365452146,0.982850320001495,0.982952844434539,0.983740173299778,0.983816755703309
