"","var","importance","mean","sd","min","q25","med","q75","max"
"1","log_depth",1.68,0.993973127274607,0.000275787691270808,0.993586784117191,0.993808541641381,0.994080846427659,0.994099692287741,0.994289771899061
"2","brick_sst",3.2,0.988524390089577,0.00077623433166571,0.987617175586008,0.987988889578832,0.988369711012904,0.989305760271382,0.989340413998759
"3","brick_tbtm",0.12,0.999556507947366,1.1012057694592e-05,0.999542273455615,0.999549734850371,0.999556860867281,0.999563434264605,0.999570236298957
"4","brick_sss",32.09,0.885043586036422,0.00270607047844637,0.881169746132523,0.883375185600646,0.886041765925565,0.88701522623022,0.887616006293155
"5","brick_sbtm",5.91,0.978839885818685,0.000579605753172997,0.978047018190434,0.978469719694535,0.97900533258389,0.979175665891949,0.979501692732619
"6","brick_mld",0.45,0.998404953371501,6.99364770635948e-05,0.99831131394123,0.998377276338954,0.998388274286786,0.998463215577569,0.998484686712967
"7","dfs",56.19,0.798690144979401,0.0102256036987501,0.784692017255991,0.795682774191658,0.799651694041036,0.800245617881988,0.813178621526336
"8","vel_mag",0.24,0.999126981984063,9.96010950723822e-05,0.999016601019788,0.999073992448936,0.999089212079146,0.999188601142537,0.99926650322991
"9","brick_xbtm",0.12,0.999567715311006,3.21441434520898e-05,0.999529087175082,0.99954928348778,0.999560284323005,0.999590840528943,0.99960908104022
