"","var","importance","mean","sd","min","q25","med","q75","max"
"1","log_depth",9.66,0.957040155955751,0.00112054353967856,0.955697865581705,0.956253080328562,0.957033614524192,0.957708017973265,0.958508201371031
"2","brick_sst",5.86,0.973917468596999,0.00168914859911428,0.971930884917619,0.972582894289658,0.974009093800904,0.975051635109637,0.976012834867174
"3","brick_tbtm",4.94,0.978012177713886,0.000485352043457579,0.977428026960334,0.977609054512227,0.978085394279962,0.978381414367535,0.978556998449373
"4","brick_sss",21.91,0.902543670923403,0.00261762014128799,0.900120938342291,0.900680314521669,0.901341058105032,0.904405749401633,0.906170294246391
"5","brick_sbtm",14.51,0.935481564600001,0.000736035454850287,0.9347040360891,0.934932581412839,0.935281997845287,0.93607611788256,0.936413089770218
"6","brick_mld",4.71,0.979053586342403,0.000477448340931815,0.978506083654218,0.978556002303741,0.979385987151609,0.979406207919073,0.979413650683374
"7","dfs",31.94,0.857955968176964,0.00386215708888343,0.853321636783823,0.855723492363297,0.857012642242763,0.860908380524123,0.862813688970813
"8","vel_mag",3.32,0.985238286875399,0.000295673331904452,0.984937935447593,0.98506079963216,0.985079462568089,0.985550170864851,0.9855630658643
"9","brick_xbtm",3.15,0.986008928972903,0.000917747973824009,0.98476054638686,0.985653572166178,0.985817097288523,0.986773540394366,0.987039888628587
