"","var","importance","mean","sd","min","q25","med","q75","max"
"1","log_depth",16.14,0.804093831632245,0.0418705550603458,0.76728445935375,0.773957561055131,0.794619680586756,0.812810535771264,0.871796921394323
"2","brick_tbtm",0.42,0.99496253460103,0.000349218257011883,0.994405676077356,0.994859602112496,0.995075006172741,0.995187728291304,0.995284660351251
"3","brick_mld",18.2,0.779131964903751,0.0559848605891339,0.715302612939111,0.74674161012269,0.764865350834825,0.810851229108459,0.857899021513671
"4","brick_sss",52.63,0.361367710005251,0.0565723931433516,0.288608278656199,0.332697299105013,0.365131331799318,0.37936005829006,0.441041582175663
"5","brick_sbtm",11.63,0.858892467363079,0.0206267187348291,0.828227569109969,0.849729433191696,0.864675234803256,0.870232977421178,0.881597122289293
"6","gseal",0.03,0.999643994680401,3.52667295972564e-05,0.999603738708126,0.999625041874476,0.999629887992699,0.999673282226733,0.99968802259997
"7","hseal",0.95,0.988459342677563,0.000930661526215387,0.987249419386876,0.988102289755219,0.988461162597751,0.988672595818301,0.989811245829666
