"","var","importance","mean","sd","min","q25","med","q75","max"
"1","hseal",45.25,0.242642819407998,0.04970378520552,0.185532535670774,0.196066467293558,0.256326007950611,0.277315359703165,0.297973726421879
"2","sss",23.76,0.602297576843593,0.0132398017565012,0.585031934652601,0.591590472262281,0.60733710940573,0.6135883033447,0.613940064552655
"3","gseal",18.83,0.68491808399556,0.0157871243583417,0.661124734549435,0.683208257454966,0.687338574067973,0.687638366056803,0.705280487848625
"4","mld",6.43,0.892465469990293,0.0073980745766454,0.885360715144989,0.88798166852719,0.888188512009692,0.898950060811675,0.901846393457918
"5","tbtm",5.38,0.910025021031943,0.00573737417295838,0.900931879101162,0.910037983399476,0.910603822264833,0.911774438142679,0.916776982251566
"6","sbtm",0.36,0.994020046205176,0.000362481740665989,0.993652967092448,0.993741075724546,0.994028458308918,0.994104729414845,0.994573000485123
"7","log_depth",0,1,0,1,1,1,1,1
