"","var","importance","mean","sd","min","q25","med","q75","max"
"1","log_depth",1.61,0.985463176259788,0.000857847661789058,0.984274109359655,0.985404655630227,0.985421327726231,0.985519153386639,0.986696635196186
"2","brick_tbtm",5.56,0.949871637832089,0.00357200030684654,0.945956322694457,0.947128923781539,0.94946315525426,0.952170001109961,0.954639786320226
"3","brick_mld",3.57,0.967786134018564,0.00136399666715872,0.966332565103213,0.966704731526758,0.967516774259852,0.968909945180321,0.969466654022675
"4","brick_sss",14.18,0.87210596363251,0.0134257756276167,0.852918991335533,0.869088705465763,0.87120180172388,0.877497950626023,0.889822369011351
"5","brick_sbtm",18.38,0.83419993772666,0.0235478521191266,0.814003413965561,0.820135895924608,0.824778681871408,0.839166345617264,0.87291535125446
"6","gseal",21.03,0.810287242142877,0.0183345777958589,0.785282891576478,0.802164179896999,0.81022677464367,0.819715153823631,0.834047210773607
"7","hseal",35.68,0.678168825754406,0.0159623764662958,0.662338903937307,0.664014967294873,0.676778822070105,0.68776546135591,0.699945974113837
