"","var","importance","mean","sd","min","q25","med","q75","max"
"1","log_depth",1.03,0.987722358316665,0.00074947282348916,0.987079402730183,0.987133966031329,0.987460283019301,0.988079582518696,0.988858557283818
"2","brick_tbtm",1.74,0.979359707879359,0.00163344166547213,0.977574875132985,0.977977333262821,0.979696853807388,0.979921026717528,0.981628450476075
"3","brick_mld",0,1,0,1,1,1,1,1
"4","brick_sss",10.61,0.873943585777303,0.0230418375597566,0.843313641945379,0.860709323616659,0.87955921175172,0.881946864891449,0.90418888668131
"5","brick_sbtm",0.38,0.995487234680627,0.000234957615843284,0.995232648571822,0.995401301886665,0.995433833328587,0.995499555287443,0.995868834328615
"6","gseal",2.43,0.971088377549137,0.00222703670390272,0.969004111639668,0.969651863171458,0.970341265541485,0.971850207937667,0.974594439455408
"7","hseal",83.81,0.00418609643382642,0.0477390294226813,-0.0741669320464633,-0.00117158267928098,0.0118960350888893,0.0416136241615066,0.0427593376444804
