"","var","importance","mean","sd","min","q25","med","q75","max"
"1","log_depth",9.61,0.910124469998928,0.00522616983969545,0.902742094072428,0.907165544346164,0.911339846183141,0.913487788372612,0.915887077020294
"2","brick_tbtm",7.96,0.925588402624918,0.00639020925106112,0.920543455105537,0.920658564130009,0.922576656209746,0.928904510888732,0.935258826790566
"3","brick_mld",5.76,0.946118841631059,0.0061894762333506,0.938257738467212,0.941930218325029,0.946690183688919,0.949896673350275,0.953819394323859
"4","brick_sss",13.39,0.874810627682012,0.0129159704107363,0.85529124445918,0.870827262277289,0.876611665460658,0.881680918994954,0.889642047217982
"5","brick_sbtm",5.87,0.945070130867588,0.0112248008396437,0.931445393247997,0.941474711478503,0.94208806803718,0.948371735002344,0.961970746571918
"6","gseal",6.86,0.935838596642928,0.00547946175805907,0.93106881666409,0.932862086020174,0.933373653458783,0.937053391290839,0.944835035780752
"7","hseal",50.55,0.527276744401302,0.0191052132995062,0.502637411640752,0.517839094316355,0.527406753571384,0.534563763110133,0.553936699367887
