"","var","importance","mean","sd","min","q25","med","q75","max"
"1","log_depth",7.29,0.904184284583773,0.00967606453359705,0.891347486630209,0.900715984780597,0.901176692163512,0.912802169007344,0.914879090337201
"2","brick_tbtm",3.95,0.94806050361971,0.00280434619106693,0.945679197924662,0.946967242151061,0.947154708782628,0.947588228717225,0.952913140522972
"3","brick_mld",3.52,0.953790203918918,0.0071339609175172,0.944339208144491,0.949935422645556,0.954081403052705,0.957593928781837,0.963001056970001
"4","brick_sss",13.96,0.816538152553171,0.0183584635710617,0.786034117441239,0.815236434197146,0.819925389231716,0.830171785461916,0.831323036433836
"5","brick_sbtm",4.71,0.938162042387825,0.0105410109384999,0.929467299073643,0.929745124853126,0.93451443764045,0.942658223397427,0.954425126974479
"6","gseal",9.73,0.872143258960023,0.00603724649103978,0.864831935943758,0.868979951628886,0.870581774987387,0.876230103146853,0.880092529093229
"7","hseal",56.84,0.25299972172796,0.0470099725244652,0.18920377077999,0.236004732634138,0.258726022954876,0.261976336544162,0.319087745726633
