"","var","importance","mean","sd","min","q25","med","q75","max"
"1","log_depth",1.88,0.967623367822579,0.00535475940030006,0.958801719565799,0.967141578678011,0.968634868342832,0.970982268200077,0.972556404326175
"2","brick_tbtm",4.16,0.928210316814142,0.00562204260166277,0.918855596678013,0.928233136088033,0.928792811169717,0.932195927706072,0.932974112428873
"3","brick_mld",5.57,0.904000026145475,0.00696400211162747,0.898315082115565,0.899992593174599,0.901176834004111,0.904811663240547,0.915703958192551
"4","brick_sss",13.98,0.758915895686715,0.011341441873803,0.744418637741227,0.748930638560472,0.765402653175235,0.767349993013343,0.768477555943298
"5","brick_sbtm",5.88,0.898535057687415,0.00624292368516707,0.893602238847979,0.894832674907516,0.896925715568365,0.898054173109403,0.909260486003812
"6","gseal",11.64,0.799168323637639,0.0150289537229719,0.777553247563043,0.797612355576121,0.799837604056725,0.800926244202592,0.819912166789713
"7","hseal",56.89,0.0188202598898905,0.0417975074237444,-0.0528296193744704,0.0242552096558863,0.0253706796343132,0.0476406430165362,0.0496643865171871
