"","var","importance","mean","sd","min","q25","med","q75","max"
"1","log_depth",2.19,0.973400433471417,0.00392714031357755,0.96994642777032,0.970524619034221,0.971380725263634,0.976445435044574,0.978704960244334
"2","brick_tbtm",3.98,0.95177704600789,0.00353857493530881,0.948320096016651,0.948809127238387,0.951995786002531,0.952641680035657,0.957118540746225
"3","brick_mld",4.27,0.948182454812274,0.00315089673243261,0.945115338544058,0.946299857692255,0.946669289918728,0.950074647725405,0.952753140180924
"4","brick_sss",0,1,0,1,1,1,1,1
"5","brick_sbtm",0.24,0.997084449746562,0.000214310669539625,0.996879408554066,0.997006086852596,0.997029663601656,0.997059449807475,0.997447639917017
"6","gseal",3.18,0.961458748393742,0.00251997077691796,0.958618579971155,0.959669279831833,0.961832560473819,0.962015594618258,0.965157727073646
"7","hseal",86.14,-0.0449480874442012,0.0345258153449192,-0.0785569527621258,-0.0741490561908355,-0.0545799967061899,-0.0146093299034022,-0.00284510165845249
