"","var","importance","mean","sd","min","q25","med","q75","max"
"1","log_depth",23.86,0.663343496286153,0.0146146606011879,0.648465981328269,0.652711889572324,0.657632816642619,0.678827210099581,0.679079583787971
"2","brick_tbtm",2.41,0.966060910343812,0.00414127524694195,0.962133240909768,0.964408656654611,0.965146247233997,0.965532115572502,0.97308429134818
"3","brick_mld",10.86,0.846769557716368,0.0157603679714591,0.820095331728601,0.845560644814373,0.852307912672295,0.857579367424091,0.858304531942479
"4","brick_sss",4.02,0.943261884426452,0.0115366844682639,0.929285458592127,0.938551739904413,0.943009996437826,0.944501339490295,0.960960887707601
"5","brick_sbtm",10.01,0.858781616726205,0.0262908151728944,0.816434806235605,0.85820239904892,0.858247179792821,0.876868474348867,0.884155224204814
"6","gseal",13.37,0.811376079782687,0.0312114342848935,0.776335019348272,0.788074950757214,0.805121769764642,0.843270767848683,0.844077891194624
"7","hseal",35.48,0.499379897872878,0.0490864547695037,0.438061497233217,0.464399835379686,0.502500494280973,0.53364865281346,0.558289009657054
