"","var","importance","mean","sd","min","q25","med","q75","max"
"1","log_depth",1.05,0.986475910347547,0.000920487168854317,0.985343411081245,0.986157313652501,0.986455304391732,0.986532883482831,0.987890639129425
"2","brick_tbtm",4.42,0.943228493144668,0.00326670949162509,0.938270925096486,0.94280996366578,0.943124681046513,0.944762746080443,0.947174149834115
"3","brick_mld",3.08,0.960482795356732,0.0025808987958164,0.957787035495107,0.95817551121353,0.960511505291156,0.962053270228325,0.963886654555542
"4","brick_sss",15.81,0.796843450577414,0.009798241763948,0.782916579873536,0.795077038323389,0.795480237308114,0.800920640130768,0.809822757251263
"5","brick_sbtm",16.24,0.791309711121321,0.0205363120726935,0.766475197688315,0.778067129332806,0.790099973163312,0.803154078802931,0.818752176619238
"6","gseal",22.01,0.717148419732049,0.0281407142931793,0.684221421127465,0.689118581889031,0.731194683243206,0.740337518417357,0.740869893983187
"7","hseal",37.39,0.519588455458669,0.0235408153604854,0.496995792555673,0.505137345475529,0.50747000259284,0.53574051636401,0.552598620305296
