"","var","importance","mean","sd","min","q25","med","q75","max"
"1","log_depth",16.08,0.929625527445126,0.00371007734775138,0.924390415287427,0.927966153137406,0.93012141769179,0.931378822548574,0.934270828560433
"2","brick_tbtm",13.42,0.941270774381818,0.00274437832844274,0.938480762022259,0.939147865520237,0.94035409634081,0.944146037776758,0.944225110249029
"3","brick_mld",8.23,0.964005620601312,0.00153310293207814,0.962466504827051,0.962736219318574,0.963584296307337,0.965502410668429,0.965738671885168
"4","brick_sss",12.94,0.943372737193721,0.00352999780902547,0.939848960676939,0.941291061252398,0.941428176759067,0.946511151212578,0.947784336067623
"5","brick_sbtm",26.62,0.883513023813104,0.00548843228299415,0.876813336148049,0.878465259951788,0.886476772030479,0.886729015041168,0.889080735894038
"6","gseal",8.25,0.963919541056363,0.00153118776139034,0.962516257882171,0.962998912795043,0.96309530649679,0.964812949096813,0.966174279011
"7","hseal",14.47,0.936701404707522,0.00322253161241417,0.933336871586579,0.933961638279293,0.936483685554507,0.938704598247729,0.941020229869501
