"","var","importance","mean","sd","min","q25","med","q75","max"
"1","log_depth",20.71,0.495431902895332,0.0141086030725123,0.475927908327973,0.490301648635259,0.494730792932707,0.502266330534948,0.513932834045774
"2","brick_tbtm",10.51,0.743904923442133,0.00483681039849167,0.737719699062769,0.741742258180336,0.742807684987252,0.747072549699763,0.750182425280546
"3","brick_mld",8.16,0.801215147426738,0.00688052649187123,0.793990809472274,0.794449950829344,0.803550471642654,0.804038622551827,0.810045882637592
"4","brick_sss",14.89,0.637220205024514,0.0273687423212401,0.598564705210919,0.625480621937505,0.641266647365592,0.648697200575685,0.672091850032871
"5","brick_sbtm",24.04,0.414183105370537,0.030399634185821,0.382001336361122,0.399699536787421,0.40567621170033,0.421071923740197,0.462466518263614
"6","gseal",7.85,0.808712382227902,0.0065667793553166,0.800326240306237,0.806012711689158,0.807318844742392,0.812207450416848,0.817696663984874
"7","hseal",13.85,0.662632025818838,0.0236704294357846,0.643268794519215,0.649547967996772,0.654787921733921,0.662507035814575,0.703048409029707
