"","var","importance","mean","sd","min","q25","med","q75","max"
"1","log_depth",1.07,0.994225318574812,0.000143060703672817,0.994064399999594,0.994153855443048,0.994182808733917,0.994287684642539,0.994437844054962
"2","brick_tbtm",6.42,0.965215593185996,0.00216107602053397,0.962998126304555,0.963593569041345,0.965017429444375,0.966021515031508,0.968447326108195
"3","brick_mld",4.06,0.977978471364141,0.00146847242119795,0.976127913700243,0.976728239701396,0.978476423413499,0.979243386990149,0.979316393015418
"4","brick_sss",44.22,0.760288019727178,0.00609309903431336,0.755371702073529,0.757556159930642,0.758705439810217,0.758913315516116,0.770893481305384
"5","brick_sbtm",7.47,0.959484751829164,0.00212274773877973,0.956229659658345,0.958975209650236,0.959463582290259,0.961343230770272,0.961412076776707
"6","gseal",19.56,0.893938035384155,0.00332114908427069,0.889154199340412,0.89181177209524,0.895513331746614,0.89657063674267,0.896640236995837
"7","hseal",17.2,0.906761313739832,0.00135657371027914,0.905305438794537,0.90554545928878,0.906714547858925,0.907938902784724,0.908302219972195
