"","var","importance","mean","sd","min","q25","med","q75","max"
"1","log_depth",9.56,0.926495870710749,0.0017661805747923,0.923893398474747,0.926025320775706,0.926346556281404,0.927740109229756,0.928473968792132
"2","brick_tbtm",13.7,0.894666193783519,0.00158732499988303,0.892907464737203,0.893790641745942,0.893983472938757,0.895970205860199,0.896679183635495
"3","brick_mld",10.41,0.919958590950092,0.00618374389630868,0.912280568625161,0.915148930560518,0.920770197338456,0.92478524137871,0.926808016847615
"4","brick_sss",14.78,0.886399001469685,0.00461611744544795,0.880833667264915,0.883566673588554,0.886168752007538,0.888595684069505,0.89283023041791
"5","brick_sbtm",25.63,0.803038319581673,0.0044361101833254,0.797940280498091,0.80157830645594,0.802573644022011,0.802963642656647,0.810135724275678
"6","gseal",10.91,0.91617075454721,0.00171160935943682,0.913627137589218,0.915896758290748,0.915978697114642,0.917124490759615,0.918226688981828
"7","hseal",15.01,0.884653986490647,0.005194302016801,0.881341103238244,0.882371204561756,0.882570641277035,0.883112372966755,0.893874610409446
