"","var","importance","mean","sd","min","q25","med","q75","max"
"1","log_depth",7.03,0.947052928219918,0.000985542534794812,0.945768944299879,0.946311314728974,0.947274750825702,0.947882138142089,0.948027493102944
"2","brick_tbtm",12.95,0.902481972724168,0.00450014293924613,0.896601081024633,0.900733613936307,0.901171900606854,0.906031996327831,0.907871271725217
"3","brick_mld",12.89,0.902949570853822,0.00298373997445441,0.899286161050221,0.901755042489476,0.902019799235624,0.904588419772412,0.907098431721375
"4","brick_sss",28.78,0.783245116334015,0.00384789223045766,0.778781294586695,0.781499452128621,0.782916941688165,0.783796056945519,0.789231836321073
"5","brick_sbtm",10.09,0.924016477325582,0.001111398524497,0.923037032339956,0.92326861649166,0.923320064845071,0.925224954744881,0.925231718206341
"6","gseal",14.51,0.890716503466325,0.00278916799068679,0.88716194329156,0.889583832839507,0.889728747915483,0.893307424687664,0.893800568597414
"7","hseal",13.75,0.896483974639548,0.00443226060111434,0.89048416955998,0.895821542067217,0.896323728900903,0.896825652869506,0.902964779800134
