"","var","importance","mean","sd","min","q25","med","q75","max"
"1","log_depth",8.45,0.926644163850159,0.000714684995792713,0.925628377946672,0.92632614250156,0.926628964836668,0.927318543155878,0.927318790810016
"2","brick_sst",14.43,0.874767586946243,0.00174470148033684,0.872947648888636,0.873769862302403,0.874568234707719,0.874995982480791,0.877556206351666
"3","brick_tbtm",11.01,0.904437156985034,0.00136767475750659,0.903023593089517,0.903208150371754,0.904622645468317,0.904987286319821,0.906344109675759
"4","brick_sss",21.16,0.816345868377044,0.00349193778395062,0.812376867344045,0.812672246927838,0.818727358298887,0.818890405478405,0.819062463836047
"5","brick_sbtm",11.85,0.89712473257559,0.00246295812243082,0.894280626771451,0.895120970873688,0.897501488648782,0.898354483090424,0.900366093493603
"6","brick_mld",10.01,0.913084768277331,0.00108593768172298,0.911257183199054,0.912964341067622,0.913585474367657,0.913628952076023,0.913987890676298
"7","dfs",15.53,0.865176777571397,0.0026136126488171,0.861830199206843,0.863657945656612,0.865387014790396,0.866292355566601,0.868716372636531
"8","vel_mag",4.11,0.964323817673036,0.00108987162186379,0.963348812523886,0.96352719617062,0.963725773654032,0.965489764421121,0.96552754159552
"9","brick_xbtm",3.44,0.97018563753976,0.000578733332625983,0.969465324336128,0.969675712250783,0.970406861382599,0.970652336802415,0.970727952926875
