"","var","importance","mean","sd","min","q25","med","q75","max"
"1","log_depth",10.56,0.93582009024428,0.00125319257014181,0.934306895681176,0.934798773300893,0.935944896118582,0.936902054363545,0.937147831757204
"2","brick_sst",19.47,0.881649829457176,0.00247067932906917,0.87858370533299,0.880567365391881,0.881167209303782,0.882763932022131,0.885166935235097
"3","brick_tbtm",25.53,0.844806640240078,0.00149498585456098,0.843153896175804,0.843792055929923,0.844577642790504,0.845572089784104,0.846937516520058
"4","brick_sss",1.5,0.990885569721773,0.000154857592077989,0.990725757719104,0.99078363684754,0.990824067008636,0.991002661380672,0.991091725652911
"5","brick_sbtm",9.58,0.941754029858093,0.00230404097229405,0.939683309495326,0.939733698898024,0.940956823668368,0.943822838260841,0.944573478967907
"6","brick_mld",10.28,0.937539077262283,0.00122047391434466,0.935562681433431,0.937708710637347,0.937735213278233,0.937757968171661,0.938930812790745
"7","dfs",21.51,0.869229387243322,0.00332933699894817,0.864653372820883,0.867831735639889,0.86872399638283,0.872152614863652,0.872785216509355
"8","vel_mag",1.57,0.990432027940074,0.000661017779372615,0.989732014560842,0.989755724451554,0.990562381818539,0.990995139325602,0.991114879543834
"9","brick_xbtm",0,1,0,1,1,1,1,1
