"","var","importance","mean","sd","min","q25","med","q75","max"
"1","log_depth",33.29,0.559258336502541,0.0115383607462423,0.540159056504399,0.560090001447626,0.561205781873925,0.563539349346136,0.571297493340619
"2","brick_sst",8.45,0.888194008595959,0.00188569391391381,0.885300842381401,0.887703660291247,0.888444647103699,0.889193772873057,0.890327120330391
"3","brick_tbtm",9.54,0.873711891334892,0.00365728999159695,0.870043069878367,0.871297523492415,0.873614186240216,0.874054395361517,0.879550281701947
"4","brick_sss",2.59,0.965772740485704,0.000747970409621283,0.964897309529268,0.965383051447024,0.965658433864647,0.966041070874109,0.966883836713473
"5","brick_sbtm",8.97,0.881294059648053,0.00197704173692031,0.878272226830494,0.881019859321165,0.881660868111314,0.881757824933293,0.883759519043996
"6","brick_mld",3.85,0.949086398605661,0.00136534768664962,0.947082150051093,0.948274973970832,0.949828913880689,0.949921788332697,0.950324166792994
"7","dfs",8.57,0.88661107133817,0.00181030775071944,0.88427101730474,0.886174860561462,0.886354119921369,0.886949439340737,0.889305919562544
"8","vel_mag",17.96,0.762219553815202,0.0093096304558238,0.754163736346918,0.757888340964249,0.760257734535337,0.7605557717899,0.778232185439606
"9","brick_xbtm",6.79,0.910095495416915,0.00309624822791542,0.90607095142565,0.908371318623117,0.909789816200327,0.912507897512673,0.913737493322806
