"","var","importance","mean","sd","min","q25","med","q75","max"
"1","log_depth",8.24,0.918130539787888,0.00150689447863415,0.916720423101321,0.917013289458305,0.918079477726228,0.918297370497284,0.9205421381563
"2","brick_sst",20.22,0.798996028199002,0.00627405039007747,0.794374427428874,0.795434927967119,0.795856476823546,0.79968419136956,0.809630117405912
"3","brick_tbtm",6.92,0.931216784866987,0.00144621579768438,0.929423754350679,0.930475584539153,0.93093377717222,0.932099422041856,0.933151386231025
"4","brick_sss",29.99,0.701864518726227,0.00996152571866276,0.692003359581462,0.697179333228166,0.699213495484296,0.702626369748551,0.718300035588657
"5","brick_sbtm",7.81,0.922412419961457,0.00154580635381321,0.920220220798012,0.921669682896445,0.922596296785105,0.923350514523899,0.924225384803821
"6","brick_mld",6.15,0.938826928608186,0.00182344517709214,0.936879389771022,0.937057081709913,0.939037960078186,0.940277823347154,0.940882388134656
"7","dfs",17.44,0.826668377364177,0.00237533905496125,0.823636110598509,0.824765051522591,0.827289756075613,0.828653264635185,0.828997703988985
"8","vel_mag",1.71,0.983044403514251,0.000318784556500538,0.982654553345981,0.982773992016181,0.983129261775687,0.983266365661863,0.983397844771545
"9","brick_xbtm",1.53,0.984815624294714,0.000272080600065918,0.984422720141962,0.984728224882804,0.98482505274559,0.984943478165112,0.985158645538101
