"","var","importance","mean","sd","min","q25","med","q75","max"
"1","log_depth",13.09,0.955141912990039,0.00105013578750974,0.953778308940243,0.95433895174897,0.955518164206882,0.955751762552946,0.956322377501154
"2","brick_sst",18.34,0.937169664715838,0.0017885797326794,0.935092291056142,0.935364129259814,0.938190815910484,0.938396765274789,0.938804322077962
"3","brick_tbtm",6.13,0.979012774930323,0.000418674859010744,0.978534489745734,0.978703387704609,0.978939015948785,0.979433367181788,0.9794536140707
"4","brick_sss",31.44,0.892297855383869,0.00147430457724169,0.89017583560857,0.891906649831872,0.892521542190518,0.892615806305919,0.894269442982463
"5","brick_sbtm",3.36,0.988484382914154,0.000156197180889554,0.988207691992628,0.988529856404416,0.988538696262625,0.988559287523625,0.988586382387475
"6","brick_mld",10.74,0.9631968963259,0.00124368390078171,0.961396580145352,0.962531289219583,0.963476088979603,0.964159909347822,0.96442061393714
"7","dfs",9.67,0.966863497150011,0.00172688039208328,0.964424018914032,0.965943232543397,0.967036967107817,0.968346489891221,0.968566777293587
"8","vel_mag",1.84,0.993687288846459,0.000183813013293024,0.993388551995445,0.993678545596443,0.993692106678211,0.993837333761205,0.993839906200992
"9","brick_xbtm",5.38,0.981562232015584,0.000424026837618401,0.980820211730419,0.981635502484231,0.981735591715432,0.981737563058233,0.981882291089604
