"","var","importance","mean","sd","min","q25","med","q75","max"
"1","log_depth",0.01,0.999803246267694,2.32861163032449e-05,0.999770999599316,0.99979554945596,0.999805010291942,0.999809337205086,0.999835334786166
"2","brick_sst",7.77,0.891211710373558,0.00818856762261694,0.880210888403972,0.889412435187045,0.891514039143464,0.891726199496782,0.903194989636528
"3","brick_tbtm",0,1,0,1,1,1,1,1
"4","brick_sss",1.79,0.974949701354044,0.00360613603653237,0.971103104164409,0.971942468247425,0.974919622603826,0.976894642025004,0.979888669729554
"5","brick_sbtm",1.47,0.97938520939136,0.00156357778363213,0.977623639852005,0.977845830667617,0.979960322378068,0.980387264229945,0.981108989829167
"6","brick_mld",10.74,0.849698813199729,0.0248707911476858,0.816383794522371,0.832999795538292,0.859298212242425,0.860507796009739,0.879304467685816
"7","dfs",49.91,0.301344654035722,0.0773390271964311,0.195953716343244,0.272336578585408,0.314465667676341,0.314812451018864,0.409154856554751
"8","vel_mag",28.1,0.60658865080542,0.0685345420109066,0.540673768252956,0.54269305852634,0.599236245724366,0.653961252196816,0.696378929326624
"9","brick_xbtm",0.2,0.99717453251441,0.00181836868840022,0.994142382801479,0.997053643292188,0.997803909558932,0.997969050647538,0.99890367627191
