"","var","importance","mean","sd","min","q25","med","q75","max"
"1","log_depth",14.26,0.91138849923957,0.00774292706621632,0.902553962618973,0.904073795687165,0.913221336608592,0.917446981266776,0.919646420016345
"2","brick_sst",4.05,0.974854467117897,0.00149913738710721,0.972770056178638,0.97379905146164,0.975604956210074,0.975811144566567,0.976287127172566
"3","brick_tbtm",6.99,0.956541147498009,0.00848391285934685,0.945646090367754,0.949780386072159,0.959419969980664,0.962193339207049,0.965665951862422
"4","brick_sss",44.24,0.725057981060017,0.0214015792119207,0.687449541945147,0.728069947438155,0.734720625980357,0.736036750941025,0.739013038995399
"5","brick_sbtm",6.65,0.958650076212129,0.00504181611030923,0.952754094373126,0.95550822383569,0.958147485204834,0.961045068189159,0.965795509457836
"6","brick_mld",5.24,0.967433587751535,0.00279342331484996,0.9644666095193,0.965664615034863,0.966211646329051,0.970272445810717,0.970552622063744
"7","dfs",13.38,0.916817236942599,0.00242191986001546,0.913670709495003,0.915053378141211,0.917238393380625,0.918748016309498,0.919375687386658
"8","vel_mag",2.48,0.984591640830746,0.000772583645536201,0.983890489092087,0.984218940490996,0.98431482641438,0.984647197327051,0.985886750829216
"9","brick_xbtm",2.71,0.983142601275209,0.00131215229859744,0.981419030981055,0.982186756542216,0.983674136652975,0.983761888730254,0.984671193469544
