"","var","importance","mean","sd","min","q25","med","q75","max"
"1","log_depth",26.47,0.676109263367811,0.0111187518640413,0.664145207367297,0.664202031856191,0.680450315556043,0.685760377088403,0.68598838497112
"2","tbtm",23.12,0.717071986625531,0.0210269893792753,0.695801629863412,0.702875526311815,0.70775935109236,0.735908918350892,0.743014507509175
"3","hseal",21.05,0.74235037522832,0.0150471094093181,0.720815546950321,0.734853552541417,0.745560263513486,0.750677277390953,0.759845235745423
"4","mld",14.83,0.818525886470598,0.0136118703331525,0.79733136634754,0.81356218273309,0.822805780331626,0.82726984480814,0.831660258132594
"5","gseal",14.53,0.822207022584118,0.00643771470686358,0.812243143549781,0.820175563149484,0.823479480500691,0.826291408256468,0.828845517464168
