"","var","importance","mean","sd","min","q25","med","q75","max"
"1","log_depth",11.22,0.766865002573101,0.00512201591565362,0.762904394394189,0.764083586944241,0.764192723889764,0.767695178254184,0.775449129383128
"2","brick_tbtm",24.91,0.482392241697859,0.0113184067170475,0.463167109245884,0.481060677812456,0.488898086007517,0.489357208059009,0.489478127364427
"3","brick_mld",9.2,0.808773262628124,0.00218570878059229,0.806422514004207,0.80676171369149,0.80877324693769,0.810849407761817,0.811059430745413
"4","brick_sss",0.08,0.998398478160576,5.76208022250045e-05,0.998348555090416,0.998353120798123,0.99839831318555,0.998400505766207,0.998491895962584
"5","brick_sbtm",0.59,0.987724113986826,0.000143750551082821,0.987575733589117,0.987661481944835,0.987675724385176,0.987752003648696,0.987955626366303
"6","gseal",48.26,-0.00282513750929975,0.0188817257454557,-0.0263355548721627,-0.0154902717351967,-0.000865213597732116,0.00641702223827639,0.0221483304203164
"7","hseal",5.74,0.880659099358558,0.00364018568273314,0.876512988059616,0.878219505431651,0.879654259850515,0.884305942159434,0.884602801291572
