"","var","importance","mean","sd","min","q25","med","q75","max"
"1","log_depth",3.25,0.973781664438513,0.00113217740326066,0.972550784768428,0.972837147702901,0.973634342128259,0.974921680367419,0.974964367225556
"2","brick_tbtm",5.97,0.951908630672086,0.000956915975731427,0.950851210643841,0.951412641084519,0.951839774875512,0.952020479352828,0.953419047403729
"3","brick_mld",18.99,0.846958694742289,0.00497458358241511,0.842037081489954,0.843710887330705,0.845658738662815,0.848719247649461,0.854667518578512
"4","brick_sss",66.54,0.463659500403904,0.0163493617045185,0.436916833874377,0.458893632718178,0.473672803930296,0.474276566948907,0.474537664547761
"5","brick_sbtm",0.24,0.998049304266566,5.75043910761657e-05,0.997955235238153,0.998034109246844,0.998075193218908,0.998090214611578,0.998091769017348
"6","gseal",4.3,0.965358062420557,0.000779913739222335,0.964460971205931,0.96479731986494,0.965209225609227,0.966138933003206,0.966183862419479
"7","hseal",0.72,0.994219543964682,0.000230077581299438,0.993990433084066,0.993998967027135,0.994201450970958,0.994432698022526,0.994474170718726
