"","var","importance","mean","sd","min","q25","med","q75","max"
"1","log_depth",21,0.780722210717147,0.00345222813096755,0.776091806539383,0.778732957665927,0.781533187687045,0.782086148480445,0.785166953212937
"2","brick_tbtm",14.11,0.852691715788085,0.00143184814822786,0.851524192271359,0.85207448253778,0.852317941299141,0.85235900895337,0.855182953878773
"3","brick_mld",20.8,0.782824525817962,0.00416176116861813,0.778436135886959,0.779881304551493,0.782804433303149,0.783823034864268,0.789177720483942
"4","brick_sss",17.79,0.814241801449265,0.00543560940398444,0.807116791194726,0.812507818911448,0.812779551135479,0.817280074516133,0.82152477148854
"5","brick_sbtm",10.04,0.895218222588047,0.00177705915840513,0.893415149721048,0.893822265131879,0.894917392768939,0.896188095309067,0.897748210009301
"6","gseal",9,0.906050890329994,0.00176768304233977,0.903748131262225,0.904882755835206,0.906339963599339,0.907056128944763,0.908227472008435
"7","hseal",7.26,0.92421088986128,0.00116885140965302,0.92330185598839,0.923398828647163,0.923713794692398,0.92452255760655,0.926117412371897
