"","var","importance","mean","sd","min","q25","med","q75","max"
"1","gseal",63.04,0.483265992750305,0.0347041689961491,0.443684531976028,0.459560541046291,0.479023342567745,0.503053007660777,0.531008540500685
"2","log_depth",23.75,0.805325444602781,0.0249749896667072,0.777621856376498,0.793786340368908,0.796232338266663,0.816387974818786,0.842598713183051
"3","hseal",5.25,0.95698563326739,0.00281502925557172,0.953320662174045,0.954987500869968,0.957956196540324,0.958254626083441,0.960409180669174
"4","tbtm",4.54,0.96274867267749,0.00523461263008477,0.95667441115344,0.95938694596833,0.962164986874837,0.965427287375493,0.970089732015348
"5","sbtm",3.38,0.9722879954617,0.00427148393436662,0.967324983806446,0.970940859144842,0.971586173544006,0.972518341217996,0.979069619595211
"6","mld",0.03,0.999713413991108,2.19079501286937e-05,0.999691433539876,0.999701872546685,0.999704389664786,0.99972209823853,0.999747275965663
"7","sss",0,1,0,1,1,1,1,1
