"","var","importance","mean","sd","min","q25","med","q75","max"
"1","log_depth",10.45,0.929819549066687,0.00975073939216118,0.917854138315197,0.922716560357362,0.92965611392865,0.938506561189167,0.940364371543061
"2","brick_sst",40.81,0.725860155695935,0.00839064095863989,0.713545676564119,0.722476894659181,0.727331764300435,0.730219902595924,0.735726540360019
"3","brick_tbtm",6.18,0.958453803777869,0.00332138781628422,0.953239876655992,0.958174098629581,0.958276489816586,0.960676112445193,0.961902441341994
"4","brick_sss",18.62,0.874938819455454,0.00522491493634367,0.869729417534186,0.870834053645635,0.873710123244706,0.878194527088694,0.882225975764049
"5","brick_sbtm",1.19,0.991986690743396,0.000244552832761391,0.991731210206474,0.991790766139687,0.991950895277993,0.992141961927887,0.992318620164938
"6","brick_mld",5.31,0.964304310265597,0.00689958045864439,0.95713920671292,0.960226435209868,0.960862180276984,0.970469027134994,0.972824701993222
"7","dfs",8.65,0.941912791698101,0.00228440992583108,0.939586732885641,0.940432094493451,0.94161319959289,0.94242481389366,0.945507117624865
"8","vel_mag",4.23,0.971570807669187,0.00318990080728538,0.96827950694828,0.970308169726997,0.970512597566921,0.971988677901259,0.976765086202476
"9","brick_xbtm",4.55,0.969422107609748,0.00299346677566248,0.965649100674418,0.968824767262201,0.969013383159392,0.969613444494118,0.974009842458613
