"","var","importance","mean","sd","min","q25","med","q75","max"
"1","sbtm",22.48,0.709327397439424,0.0106665189358964,0.699798163621388,0.699844350267212,0.705744912915398,0.718854453344994,0.722395107048128
"2","hseal",18.13,0.765655454846702,0.00561811941125574,0.756773428185061,0.76413721277114,0.767003821468823,0.769115796275858,0.771247015532631
"3","tbtm",15.92,0.79411681944299,0.00768117288654642,0.784090102108383,0.788874703889113,0.795294659073449,0.79924901003665,0.803075622107354
"4","gseal",14.44,0.813354117013154,0.0075790441124254,0.800193435087131,0.814535208144903,0.815136443194227,0.818440017443234,0.818465481196275
"5","sss",12.86,0.83371680869031,0.00425102126802188,0.828674034736297,0.831357328486142,0.833755828958296,0.834735919104207,0.84006093216661
"6","log_depth",9.44,0.877918949977941,0.00453663175822394,0.873585972928735,0.873634893774142,0.877919541051554,0.880217849676233,0.884236492459039
"7","mld",6.73,0.912977537556339,0.00373664186922383,0.907675298361078,0.911650387727398,0.912503353867389,0.91601957894397,0.917039068881862
