"","var","importance","mean","sd","min","q25","med","q75","max"
"1","sbtm",34.61,0.607067930933863,0.00842342197129527,0.598014457349513,0.60060256629633,0.604988801086368,0.615202533309006,0.616531296628096
"2","gseal",23.59,0.732154035567526,0.0087311494594365,0.72525087268028,0.725866859588682,0.727531984421216,0.73671594305336,0.745404518094093
"3","tbtm",14.99,0.829823231744881,0.00375726224539364,0.825699768444853,0.828506109593996,0.828984143057423,0.830021207625286,0.835904930002849
"4","hseal",10.7,0.878541354030133,0.00540824313199045,0.872078585735284,0.875615731335461,0.877115396823074,0.882193347867084,0.885703708389762
"5","sss",10.18,0.884402805258941,0.00423860926144483,0.877512125396518,0.884057412079528,0.884694070166972,0.887698498805956,0.888051919845734
"6","mld",5.84,0.933747983656251,0.00411679641075326,0.926939571308493,0.932892449745859,0.935435862830376,0.93673392213405,0.936738112262479
"7","log_depth",0.09,0.998991560516652,9.62780672450278e-05,0.998875728525857,0.998898124252716,0.999046451008521,0.999067953631404,0.999069545164762
