"","var","importance","mean","sd","min","q25","med","q75","max"
"1","sst",55.33,0.318354261769545,0.0582579990989097,0.236968860801651,0.277715692234954,0.346578606055926,0.358004852092538,0.372503297662657
"2","dfs",12.98,0.840119422929534,0.0185674777885448,0.808631909667719,0.84193959777237,0.842375909592522,0.852509693153957,0.855140004461102
"3","sss",9.36,0.884651573970864,0.00788612039917166,0.877036279043471,0.882138033163658,0.883007393154356,0.883039826260304,0.898036338232531
"4","sbtm",6.66,0.91797413300951,0.00626935038912769,0.91214838734315,0.914998892877915,0.916026956560898,0.918206489770504,0.928489938495085
"5","log_depth",5.77,0.928970525547748,0.00716147540983405,0.918631727450947,0.924807361870527,0.931129852605083,0.934928262619573,0.935355423192608
"6","tbtm",4.26,0.947550278207039,0.00304237861856016,0.943940905160187,0.94600662990943,0.94636266362463,0.950495222700721,0.950945969640225
"7","mld",4.18,0.948482430595311,0.00472820676352047,0.943639494102917,0.943923680086722,0.94838721547602,0.953027318562663,0.953434444748235
"8","fish_biomass",1.46,0.981995793465032,0.00206513311437733,0.979824833531511,0.980481253779252,0.981542573119541,0.98326443768245,0.984865869212408
