"","var","importance","mean","sd","min","q25","med","q75","max"
"1","dfs",45.2,0.419673622489886,0.0438271875168372,0.369502031827985,0.376893211985881,0.437184152856549,0.447812839267469,0.466975876511549
"2","mld",19.11,0.754615201045417,0.0284020398547508,0.722862678870661,0.724860375510347,0.768372583266021,0.777105265581664,0.779875101998394
"3","log_depth",15.02,0.807144615583408,0.0162050131115332,0.790812428311309,0.794941852482089,0.80239027141051,0.81840086433882,0.82917766137431
"4","tbtm",6.84,0.912142518145811,0.00750835874410916,0.899840380684897,0.911683985876371,0.912955675625985,0.917137444203937,0.919095104337863
"5","fish_biomass",5.8,0.925469059550108,0.00434187280037656,0.92036875301267,0.922368964389445,0.926043848183269,0.92700388983197,0.931559842333188
"6","sss",4.06,0.947895796756367,0.00433133274289156,0.941167078138073,0.946626501640114,0.948948704593225,0.950158154244907,0.952578545165516
"7","sst",3.97,0.9490208576029,0.00475932394658928,0.941800862485819,0.948358507486279,0.949906885378497,0.949991334949712,0.955046697714191
"8","sbtm",0,1,0,1,1,1,1,1
