"","var","importance","mean","sd","min","q25","med","q75","max"
"1","log_depth",1.99,0.977129908074637,0.00220846443341941,0.974321836825799,0.975934594370407,0.976917915858102,0.978442116117952,0.980033077200924
"2","brick_sst",1.61,0.981467552929347,0.0018661948944988,0.978621503608682,0.981031399525967,0.981423583994706,0.982899484274272,0.983361793243109
"3","brick_tbtm",3.42,0.960735267280027,0.00387305749640645,0.957457874923328,0.957702934283728,0.959781848115512,0.961838963832058,0.966894715245507
"4","brick_sss",6.46,0.925860985250602,0.00766360505086407,0.916264869990594,0.922580324052993,0.923008036758387,0.933391359364206,0.934060336086832
"5","brick_sbtm",0.31,0.996457255265938,0.000206790215570594,0.99625015309003,0.996354078849651,0.996414488369688,0.996470434012706,0.996797122007615
"6","brick_mld",0,0.999951708149517,4.80418322186143e-06,0.999944272982237,0.999950319889634,0.999952739416657,0.999954246043813,0.999956962415247
"7","dfs",79.01,0.0930832179708458,0.0418625022259158,0.0610096214115214,0.0714206081880697,0.0804521548847979,0.0865803239172753,0.165953381452564
"8","vel_mag",7.14,0.917993507585049,0.00808307450089927,0.909550205316145,0.91159604381354,0.915998819985754,0.925101186812188,0.927721281997617
"9","brick_xbtm",0.04,0.999498802510668,0.000114607959194019,0.999396070433809,0.999398699177936,0.999459876402373,0.999594926222828,0.999644440316393
