"","var","importance","mean","sd","min","q25","med","q75","max"
"1","gseal",29.24,0.770002353357175,0.00461498284421137,0.766991092538896,0.767626557211929,0.768199004799665,0.769049087376913,0.77814602485847
"2","log_depth",25.66,0.798127796758813,0.00496303323410986,0.793450836706691,0.79434642749906,0.795985316580937,0.802540709393255,0.804315693614123
"3","tbtm",22.93,0.819633253732908,0.00612099768710197,0.810914266424057,0.816193533629991,0.820847908797653,0.824534093049867,0.825676466762973
"4","hseal",11.5,0.90953106896529,0.000338597148867229,0.909050320547313,0.909425929257891,0.90957714372778,0.909615777644164,0.909986173649302
"5","mld",10.67,0.916096321469641,0.00232896044332212,0.913394013514937,0.91417457806339,0.916353064014609,0.91753901329315,0.919020938462119
