"","var","importance","mean","sd","min","q25","med","q75","max"
"1","brick_sst",35.21,0.488690660830124,0.0206013138858654,0.464743506932192,0.470470582708536,0.491230758576644,0.507950997987025,0.509057457946225
"2","dfs",52.21,0.241814878560122,0.0263434499117848,0.205405218279391,0.226810587475109,0.247100758504896,0.256715664703272,0.273042163837942
"3","vel_mag",7.14,0.896290074703488,0.00551705608058144,0.888087570949233,0.895628537265357,0.896751154866651,0.897448903445521,0.903534206990676
"4","brick_xbtm",5.43,0.921131431166108,0.00702987969734371,0.912009618412392,0.916634848122729,0.922909787013458,0.923811521764355,0.930291380517607
