"","var","importance","mean","sd","min","q25","med","q75","max"
"1","brick_sst",5.48,0.937065728250046,0.0034023568177325,0.933039002046179,0.933947448210597,0.937989149973127,0.939894413539768,0.940458627480557
"2","dfs",62.62,0.280704600587299,0.0282783745858338,0.249049636542852,0.268364472489225,0.273591425637062,0.287715195821781,0.324802272445577
"3","vel_mag",0,0.99995643709745,3.7663775373064e-06,0.999952124293217,0.999953245208499,0.999956598687974,0.999959413208725,0.999960804088836
"4","brick_xbtm",31.9,0.633632399073271,0.0122218919700051,0.618062094709237,0.627698265508735,0.630512827645199,0.6440805891333,0.647808218369883
