"","var","importance","mean","sd","min","q25","med","q75","max"
"1","dfs",39.99,0.470186763109376,0.0110303637316159,0.455046529687749,0.464862328131239,0.471499715653274,0.475073193256927,0.484452048817689
"2","mld",15.46,0.795224466008895,0.0050132371473866,0.789118531448519,0.791601078104984,0.795471624465893,0.798368362113449,0.801562733911631
"3","log_depth",13.51,0.821031615762584,0.00377369840490949,0.81614935443248,0.819203579384807,0.820133326045786,0.824707885656541,0.824963933293308
"4","tbtm",11.78,0.843951784919382,0.00542014554362645,0.837864169358965,0.83882214702547,0.844956667966372,0.848356679129307,0.849759261116795
"5","sst",11.63,0.845979657083297,0.00400357395079937,0.839706614241087,0.844826053886861,0.846629238699633,0.849216049038955,0.849520329549949
"6","sss",5.28,0.930037397515374,0.000636566626986605,0.929362273267914,0.929444327227619,0.930195629124701,0.930298868266392,0.930885889690245
"7","sbtm",2.36,0.96875974762985,0.000841727191226364,0.967358098836401,0.968617649922566,0.969117461152269,0.969258129341415,0.969447398896599
