"","var","importance","mean","sd","min","q25","med","q75","max"
"1","dfs",43.58,0.395249806345981,0.00876869247514827,0.387530587453516,0.390051410433245,0.390560273348239,0.399365488188895,0.408741272306007
"2","mld",19.52,0.729191166983304,0.00751190872760769,0.717793395335115,0.726868365751314,0.729609879253648,0.734902571074388,0.736781623502055
"3","sst",13.72,0.809635341252143,0.003602169954487,0.80468677350946,0.807176755513846,0.811288978379154,0.811491424157052,0.813532774701201
"4","log_depth",8.54,0.88152621332242,0.00344899774302207,0.876685891898014,0.879641132441603,0.882007358249394,0.883987575500946,0.885309108522141
"5","tbtm",8.53,0.881697807817155,0.00486574655688811,0.875443272402687,0.878333663918787,0.882944166335066,0.88392641955597,0.887841516873267
"6","sss",4.9,0.932025343677398,0.00161077655369784,0.929849413471149,0.931217220992992,0.932301697717002,0.932589103931039,0.934169282274807
"7","sbtm",1.23,0.982981723757729,0.000332468392074648,0.982588900390104,0.982824189926274,0.982837740707641,0.983304109701973,0.983353678062652
