"","var","importance","mean","sd","min","q25","med","q75","max"
"1","sst",36.22,0.721094227712738,0.00560309045971258,0.714149735177119,0.716503964004518,0.72289206010004,0.724282518678909,0.727642860603106
"2","dfs",32.34,0.750985481694136,0.0086363350205151,0.74008825669623,0.748825919274576,0.749544812792259,0.752413202161972,0.764055217545645
"3","fish_biomass",14.49,0.888400143212215,0.00396465904630224,0.884867631634629,0.886003576416621,0.887670208775356,0.888416955481191,0.895042343753277
"4","sbtm",8.31,0.936023165018227,0.00204209114647402,0.933125519005578,0.934604455613251,0.937348362628031,0.937374184261504,0.937663303582771
"5","mld",6.22,0.952124114625566,0.00119889698932278,0.950535571288949,0.951208467899435,0.952582937280642,0.95294033409564,0.953353262563166
"6","tbtm",2.43,0.981322187475538,0.000837187598654408,0.980408988439339,0.980789459506089,0.981086947557988,0.981833148576263,0.982492393298012
"7","sss",0,1,0,1,1,1,1,1
"8","log_depth",0,1,0,1,1,1,1,1
