"","var","importance","mean","sd","min","q25","med","q75","max"
"1","sst",32.99,0.552479484904551,0.0136960005646639,0.536541134122821,0.540815738893906,0.553264532367351,0.565723142447838,0.566052876690838
"2","log_depth",26.96,0.634267166724802,0.00977952168498368,0.622072355817209,0.625337682694343,0.640096955755352,0.640657502058337,0.643171337298772
"3","dfs",21.31,0.710919527682686,0.00456955811052943,0.706040344252095,0.707166936667237,0.710085226383143,0.715392064735436,0.715913066375517
"4","fish_biomass",7.3,0.900975168018315,0.00277415887898453,0.897697698938935,0.900173315630864,0.900545679138261,0.901102378671308,0.905356767712207
"5","mld",5.08,0.931043040284159,0.00265508770424339,0.926623022871873,0.930966054710825,0.931862640217541,0.932100047653212,0.933663435967343
"6","tbtm",2.36,0.967937541465701,0.00193330777754647,0.965738050830174,0.966438607666515,0.967700694875972,0.96972231236161,0.970088041594234
"7","sbtm",2.34,0.968220941418866,0.000337891240715658,0.967858319645232,0.96799163753051,0.96815570344872,0.968387629557121,0.968711416912747
"8","sss",1.65,0.97755457969171,0.000584545095601117,0.976867008520723,0.977277953254086,0.977316429398049,0.978017986134734,0.978293521150956
