"","var","importance","mean","sd","min","q25","med","q75","max"
"1","dfs",50.38,0.49374842656227,0.0158475115171319,0.474071798054136,0.485754438677998,0.493641814372055,0.498480012040238,0.516794069666924
"2","tbtm",17.73,0.821873733490854,0.00822221410967293,0.810968941113814,0.81771839397237,0.820671194255901,0.829478505004723,0.830531633107461
"3","log_depth",14.14,0.857877443612119,0.00463245686333098,0.853220460614353,0.855579640558248,0.855614383274855,0.860113030680793,0.864859702932346
"4","sbtm",10.5,0.894524913926378,0.00775642378551348,0.882906501986064,0.892293798120739,0.894199780887293,0.901370531337904,0.90185395729989
"5","sst",2.55,0.974395750087045,0.0037687217477314,0.970874442658268,0.97276057624507,0.973497965609712,0.974060847037432,0.980784918884743
"6","sss",2.41,0.975789692333204,0.000909057503602581,0.974879319896733,0.974985634518347,0.975864053677993,0.976119924470222,0.977099529102724
"7","fish_biomass",1.73,0.982656290258615,0.000744253599602383,0.98171802317162,0.982107319806668,0.98270736517915,0.983369380692559,0.983379362443079
"8","mld",0.57,0.994259799167212,0.00022447069266488,0.994054939969267,0.994095001852298,0.994147159224757,0.994459533451337,0.994542361338398
