"","var","importance","mean","sd","min","q25","med","q75","max"
"1","dfs",54.95,0.490894407506878,0.0248495730416142,0.465099667249827,0.479893241378758,0.48447238294926,0.493682192577082,0.531324553379463
"2","sst",13.39,0.875947540712634,0.00639682338182016,0.871169404852261,0.87244221070152,0.873098174701337,0.876106988132094,0.886920925175957
"3","sss",7.88,0.927023225828702,0.00137543745692231,0.925988298917219,0.926156830076672,0.926311885584838,0.927373892905099,0.92928522165968
"4","fish_biomass",6.75,0.937506330275495,0.00104286216354908,0.936606467335204,0.936682563944339,0.936972202387007,0.938517150837718,0.938753266873209
"5","log_depth",5.98,0.944632030657765,0.000588323289368545,0.943641769360284,0.944662754793265,0.94470931287755,0.945010802982927,0.945135513274802
"6","sbtm",4.64,0.956999221008013,0.0011310054305558,0.9551628895441,0.95695345997929,0.957052134218308,0.95773113937698,0.958096481921389
"7","mld",3.6,0.966688017243678,0.00119999210866252,0.965280065847555,0.966192364384438,0.966255987138644,0.967300100041143,0.96841156880661
"8","tbtm",2.82,0.97387368323026,0.000498116723061925,0.973236571181709,0.973497480539546,0.973996533121099,0.974189522970271,0.974448308338672
