"","var","importance","mean","sd","min","q25","med","q75","max"
"1","sst",54.7,0.448010142009866,0.0262762190902502,0.410083512818081,0.440147292601976,0.448895390510852,0.459225563800813,0.481698950317606
"2","dfs",37.6,0.620564683617316,0.0440299408369938,0.582126947945204,0.582455931203879,0.613804506540853,0.636633782752542,0.6878022496441
"3","v",4.79,0.951613272152222,0.00296942002350143,0.94776692891281,0.95042676296618,0.950996906456427,0.953269351928178,0.955606410497517
"4","xbtm",2.84,0.971383400868129,0.00190680136252921,0.968183218195689,0.971519018056086,0.971847541580529,0.972097322589324,0.973269903919018
"5","u",0.07,0.999308944202818,0.000365392028282819,0.998721744115666,0.999253099167131,0.999423283042493,0.999444293100706,0.999702301588094
