"","var","importance","mean","sd","min","q25","med","q75","max"
"1","brick_sst",7.23,0.790084334963628,0.00627763705534288,0.782499414929201,0.784626621247427,0.792179288238613,0.793825752918194,0.797290597484704
"2","dfs",28.71,0.16689114014998,0.0157175074278658,0.14802242812131,0.155900266084724,0.164984004581218,0.181522885232392,0.184026116730255
"3","vel_mag",26.19,0.239907833303704,0.0175739182525724,0.216998988674131,0.230675208408671,0.242659810094932,0.244962315969228,0.264242843371557
"4","brick_xbtm",37.87,-0.0991758840035565,0.00757541521302731,-0.108479298706301,-0.105965155588902,-0.0955151311967458,-0.0947237671224835,-0.09119606740335
