"","var","importance","mean","sd","min","q25","med","q75","max"
"1","brick_sst",24.4,0.446168158610791,0.0121710082847046,0.429996283468388,0.43689069011551,0.45159321158753,0.453440276995628,0.458920330886897
"2","dfs",29.68,0.326474494747847,0.0104929461348676,0.316453516246511,0.319341186625061,0.326174622120298,0.326934476386058,0.343468672361307
"3","vel_mag",23.19,0.47373763911098,0.00182632933999196,0.471311110534511,0.472842244613461,0.473471276096903,0.475264111262224,0.475799453047799
"4","brick_xbtm",22.73,0.484239431643847,0.00599571262670779,0.47686896550085,0.48089481218076,0.482966124358656,0.488684122427991,0.491783133750979
