"","var","importance","mean","sd","min","q25","med","q75","max"
"1","month",31.77,0.513429623701627,0.022609411136595,0.491628809626869,0.500157559605809,0.509818412244008,0.514994598105842,0.550548738925608
"2","brick_sst",15.75,0.758750394619508,0.0230230863243322,0.723438799108052,0.751144159665846,0.764938180497454,0.769951282419085,0.784279551407103
"3","dfs",47.65,0.2701859673531,0.0208943777830367,0.235196570276245,0.268881332810164,0.274989427322602,0.285083068776398,0.286779437580089
"4","vel_mag",4,0.938686435906518,0.00616040021571258,0.929960992353514,0.936796094932,0.937878452693722,0.942638874194978,0.946157765358374
"5","brick_xbtm",0.82,0.98742856313191,0.000391650773229902,0.987018416783375,0.98732559432467,0.987358466687057,0.987359782117071,0.988080555747376
