"","var","importance","mean","sd","min","q25","med","q75","max"
"1","brick_sst",2.15,0.938641856891178,0.0012618613529752,0.93680475253912,0.937939682218943,0.939232648387404,0.939259843577867,0.939972357732558
"2","dfs",30.49,0.128265637364968,0.0175423062447591,0.10515571832376,0.118339840278702,0.132665323091045,0.133392029352445,0.151775275778888
"3","vel_mag",26.48,0.242796568560259,0.021500559674824,0.214444611683104,0.235080369751646,0.243915655615081,0.246600842681006,0.273941363070458
"4","brick_xbtm",40.88,-0.168704818638727,0.00231957912605184,-0.170898818038745,-0.170460818836681,-0.169737083461914,-0.166485319617573,-0.16594205323872
