"","var","importance","mean","sd","min","q25","med","q75","max"
"1","brick_sst",7.91,0.912126058609526,0.000801726038210941,0.911029849329474,0.91177061703474,0.912038841390317,0.912735210481855,0.913055774811243
"2","dfs",81.18,0.0977042631462564,0.0263893974235956,0.0749950621524175,0.0803302123185141,0.0919812124139134,0.0995577856015199,0.141657043244917
"3","vel_mag",9.59,0.893436703377003,0.00766187968559211,0.88217689173707,0.891602237922255,0.894190717489325,0.895867891362588,0.903345778373776
"4","brick_xbtm",1.33,0.985233395601676,0.000719013935707164,0.984631715951954,0.984651551762908,0.984861658209631,0.985911636370817,0.986110415713072
