"","var","importance","mean","sd","min","q25","med","q75","max"
"1","month",20.7,0.593711868899564,0.0102800784571358,0.578541262721689,0.591221282051818,0.594968417377539,0.596902472793216,0.606925909553559
"2","brick_sst",20.08,0.605915098889085,0.0127368077685194,0.596804942107982,0.601065612197962,0.60120294706502,0.602100516200397,0.628401476874063
"3","dfs",28.92,0.432298413603179,0.0112021542105478,0.414368113906098,0.43101397231639,0.432821548606102,0.440257518739687,0.443030914447621
"4","vel_mag",14.98,0.705969117369945,0.0077977932016988,0.697758425027999,0.698389506314653,0.706699120128356,0.712013146716986,0.71498538866173
"5","brick_xbtm",15.33,0.699138700458765,0.00314724937588462,0.694621074055754,0.697171094667732,0.700625766983561,0.701072939601671,0.702202626985107
