"","var","importance","mean","sd","min","q25","med","q75","max"
"1","brick_sst",34.3,0.580985615446966,0.00385402419751893,0.575724984467584,0.580461808888022,0.581035275571048,0.581112648673091,0.586593359635083
"2","dfs",56.53,0.309420577367155,0.00941213439562009,0.293995324117111,0.307787261871236,0.313415398937562,0.313456695190154,0.318448206719711
"3","vel_mag",5.47,0.933124895584715,0.00174826739259865,0.931468690577817,0.931679684055093,0.933227588111252,0.933422719925956,0.93582579525346
"4","brick_xbtm",3.69,0.954921655489642,0.00072776271578568,0.953991498659726,0.954523674817372,0.954821390750419,0.955455919901129,0.955815793319565
