"","var","importance","mean","sd","min","q25","med","q75","max"
"1","log_depth",20.47,0.471974924421665,0.0179268038404883,0.449291646228912,0.456906135173254,0.477807137350818,0.487472033639166,0.488397669716177
"2","brick_tbtm",22.54,0.418650181871243,0.0419653575506218,0.363473144006788,0.392341683003803,0.421090922811298,0.448745882836924,0.467599276697403
"3","brick_mld",13.39,0.654489829619413,0.0100145424539645,0.64086311520623,0.649957486946738,0.653173068569379,0.662895980309506,0.665559497065212
"4","brick_sss",12.34,0.68165972513201,0.019657252962667,0.651583731752064,0.678467799538736,0.68237936040098,0.690839385029718,0.705028348938551
"5","brick_sbtm",23.22,0.400965514670031,0.0135488913423587,0.384585574822053,0.389738400042397,0.40553692176269,0.4073006264189,0.417666050304114
"6","gseal",8.04,0.792646244462601,0.00752577483957807,0.783483247406254,0.787611458021785,0.793581110960408,0.795508545287793,0.803046860636763
"7","hseal",0,1,0,1,1,1,1,1
