"","var","importance","mean","sd","min","q25","med","q75","max"
"1","log_depth",6.28,0.959553156710648,0.00504458167891259,0.953645957130883,0.954633624050816,0.961621147728515,0.963759252900498,0.964105801742527
"2","brick_tbtm",6.82,0.956066249894209,0.005701851902767,0.947108219464349,0.954998796225181,0.956339466024451,0.960224511450245,0.961660256306817
"3","brick_mld",24.88,0.839771636933314,0.00480959589175735,0.833036041147045,0.838087336703449,0.839114110195457,0.84315026439753,0.845470432223089
"4","brick_sss",22.82,0.853012378889357,0.00765863986507971,0.842133673856522,0.849000972330463,0.855251890322059,0.856585661626017,0.862089696311727
"5","brick_sbtm",7.98,0.948633027973715,0.00364591529646999,0.945538331702052,0.945555669061281,0.947268942047428,0.951010762477034,0.953791434580777
"6","gseal",13.44,0.91342361075568,0.00940402376538044,0.902972424432186,0.907116269986585,0.913655354448711,0.91585125833554,0.927522746575375
"7","hseal",17.78,0.885464139203098,0.0137711886363124,0.872124194189102,0.872678432731348,0.887750976979655,0.889390424754897,0.905376667360488
