"","var","importance","mean","sd","min","q25","med","q75","max"
"1","log_depth",6.28,0.924756078631546,0.00555717797805279,0.918212733459275,0.920885280550773,0.924278811854981,0.928442341305599,0.931961225987103
"2","brick_tbtm",19.21,0.76990814377553,0.00934715204726108,0.755301499432635,0.768893112905188,0.769221965720794,0.777154111290605,0.778970029528428
"3","brick_mld",15.92,0.809347503507401,0.00712041989203234,0.799478815451511,0.806876342780238,0.807916663280767,0.815128167783281,0.81733752824121
"4","brick_sss",40.61,0.513649331734733,0.0210129532762427,0.487164471655885,0.505074755140332,0.507344248972179,0.52740555933935,0.541257623565922
"5","brick_sbtm",4.54,0.945646095582148,0.00416852005560019,0.940864763669192,0.94261363547578,0.946183771739958,0.946972307714473,0.951595999311336
"6","gseal",6.67,0.920131833665441,0.00680854815810366,0.91372647505786,0.916506267328542,0.918704036021395,0.920223722381627,0.931498667537782
"7","hseal",6.78,0.918850955542195,0.00589639310421342,0.911618083945538,0.9138483181124,0.920660858545497,0.922630821986156,0.925496695121385
