"","var","importance","mean","sd","min","q25","med","q75","max"
"1","log_depth",10.17,0.926279038709508,0.0037331379195777,0.9231893484007,0.923870708893987,0.923966392721729,0.928676483808932,0.93169225972219
"2","brick_tbtm",13.69,0.900751760441348,0.00353079898980025,0.897104046716388,0.89913922966915,0.899925207589111,0.901079247251579,0.906511070980513
"3","brick_mld",21.91,0.841211007788532,0.00743567062146616,0.835736256604227,0.836532027090278,0.839734662962907,0.839973312867654,0.854078779417596
"4","brick_sss",32.94,0.761245304363576,0.0136797198349264,0.743628643595958,0.75515801226774,0.762884052370075,0.763474073829402,0.781081739754704
"5","brick_sbtm",5.71,0.958597956546924,0.00264844557940154,0.955233061039986,0.95629473532455,0.959841131177315,0.960593440585988,0.96102741460678
"6","gseal",9.55,0.930782659842292,0.0031769184734349,0.926022784773216,0.929158809424841,0.932088171722619,0.932832146838209,0.933811386452575
"7","hseal",6.03,0.956316783190376,0.00211665684105701,0.953074124088115,0.955334914609517,0.95723625061037,0.957709593511625,0.958229033132254
