"","var","importance","mean","sd","min","q25","med","q75","max"
"1","log_depth",16.44,0.680085748508587,0.00942714535177527,0.664634760320818,0.677771324900828,0.684491826391992,0.685593822165584,0.687937008763713
"2","brick_tbtm",21.06,0.590137467313834,0.0128761634996942,0.575323714655243,0.585666797928898,0.586832543585034,0.592552770818105,0.610311509581887
"3","brick_mld",22.66,0.558978158673438,0.0195207572180024,0.525518119606143,0.560333469117476,0.563579355634444,0.571419270421665,0.574040578587461
"4","brick_sss",4.32,0.915982749309296,0.00365358383712297,0.911462617898813,0.914697446307179,0.915056047306914,0.917375051992707,0.921322583040865
"5","brick_sbtm",13.73,0.732801978065055,0.0123540577255389,0.714624793813474,0.726260808254427,0.736551024893114,0.741986100198974,0.744587163165286
"6","gseal",21.81,0.575541825977553,0.0242701710859157,0.552068123870505,0.55580117156301,0.568741126939146,0.592853436265533,0.608245271249569
"7","hseal",0,1,0,1,1,1,1,1
