"","var","importance","mean","sd","min","q25","med","q75","max"
"1","log_depth",8.56,0.964212366597471,0.00141937833139092,0.963115409473209,0.963378783903824,0.96365568284822,0.964281813354813,0.966630143407287
"2","brick_tbtm",14.85,0.937927786180051,0.00309669775135658,0.933462384856097,0.936984634564162,0.93758540431629,0.940141833518565,0.941464673645138
"3","brick_mld",21.08,0.911891569568815,0.00648582553116408,0.906226958688185,0.906951352839347,0.909400821443451,0.915291398147255,0.921587316725839
"4","brick_sss",20.59,0.913938282136182,0.00625863082110455,0.907777472529533,0.910071625933526,0.912351976232006,0.915633050491407,0.923857285494439
"5","brick_sbtm",10.25,0.957140707497421,0.00206409596070146,0.953763783964988,0.956873671205192,0.957650498767058,0.958263014184217,0.959152569365652
"6","gseal",13.34,0.944250520850988,0.00318732636914229,0.940568172999366,0.942565425320639,0.943012147821698,0.946888225366898,0.948218632746341
"7","hseal",11.33,0.952659437314267,0.00166460894436984,0.950580111386681,0.951232678076245,0.953404043825583,0.95361760565416,0.954462747628668
