"","var","importance","mean","sd","min","q25","med","q75","max"
"1","log_depth",3.84,0.9745674997446,0.0017054521910954,0.971638568873274,0.974519703347924,0.975311094377024,0.975625013126405,0.975743118998373
"2","brick_tbtm",6.76,0.955229002938696,0.00264803322171149,0.95057058367788,0.955800155174959,0.956050980820735,0.956776410616655,0.95694688440325
"3","brick_mld",34.02,0.774798605828539,0.0147003450806768,0.756914859205418,0.771190827233675,0.773279834083614,0.77480348101932,0.797804027600671
"4","brick_sss",26.96,0.821492137129265,0.012460112783721,0.808042965051678,0.815958958165129,0.818292097570532,0.82382970850116,0.841336956357828
"5","brick_sbtm",3.03,0.979928337948799,0.00139892692616391,0.978025797915582,0.979274712451569,0.979775671813624,0.981071910397554,0.981493597165664
"6","gseal",9.87,0.934669731141277,0.00380437213815656,0.930996909222713,0.931441075132358,0.935149159052126,0.935318732080315,0.940442780218874
"7","hseal",15.51,0.897288367884625,0.00817083516973954,0.891916419178501,0.892729146056858,0.895047110549688,0.895058975456424,0.911690188181652
