"","var","importance","mean","sd","min","q25","med","q75","max"
"1","log_depth",8.26,0.933074708514949,0.00183147930198171,0.930526940072426,0.932160931273836,0.933218282271929,0.934201683870053,0.935265705086501
"2","brick_tbtm",11.89,0.903672444650237,0.00128926993794481,0.901614965887548,0.903469137336078,0.90406076538035,0.904123672714425,0.905093681932784
"3","brick_mld",13.08,0.894077810858077,0.000669151040677511,0.89329738933012,0.893706265960663,0.893892159964162,0.894506960605903,0.894986278429538
"4","brick_sss",11.59,0.906158493106683,0.00437029774918498,0.901055852435679,0.902752087623836,0.905873964508151,0.910474550844905,0.910636010120846
"5","brick_sbtm",29.39,0.761981153002095,0.0122177742435336,0.748160605378336,0.751611485068723,0.76370008493801,0.768573280012363,0.777860309613042
"6","gseal",7.27,0.941124881346679,0.00202559974378647,0.939569068171828,0.939754815873795,0.939909871527125,0.942179241001604,0.94421141015904
"7","hseal",18.52,0.849976283317932,0.00269363164436537,0.846029850517786,0.848293137796133,0.851714389131995,0.851815943920073,0.852028095223672
