"","var","importance","mean","sd","min","q25","med","q75","max"
"1","log_depth",0.68,0.99623180899094,8.36681758728943e-05,0.99611452707862,0.996197801872763,0.99622502975235,0.996294242272353,0.996327443978615
"2","brick_tbtm",3.17,0.982532588652283,0.000742475455136732,0.981648687864065,0.982015117637664,0.982650563726529,0.982775193887146,0.983573380146009
"3","brick_mld",0.59,0.996728462179707,0.000150401897420399,0.996526870127232,0.996638002800286,0.996733234698885,0.996858439567084,0.996885763705051
"4","brick_sss",53.06,0.707406546474617,0.0107165269786382,0.696112632713052,0.701780004482502,0.702189850422229,0.71473850115338,0.722211743601923
"5","brick_sbtm",2.57,0.985824765549435,0.000532943837948289,0.984949430783103,0.985861665551239,0.985944791996134,0.985964786713029,0.98640315270367
"6","gseal",26.11,0.85601590687966,0.00414320134578526,0.851765018498197,0.852332314082035,0.855867046910079,0.858585639907242,0.861529515000746
"7","hseal",13.82,0.923772266941956,0.00147454180102716,0.921238280703271,0.923910305620264,0.924279792917098,0.924387614160947,0.9250453413082
