"","var","importance","mean","sd","min","q25","med","q75","max"
"1","log_depth",2.88,0.982398210247892,0.000952014759145871,0.981268527999157,0.98144983751752,0.983009269363798,0.983119381110771,0.983144035248215
"2","brick_tbtm",12.82,0.921704432071918,0.00231091490906917,0.918049480075197,0.921275111183348,0.922397531542755,0.922508978683467,0.924291058874822
"3","brick_mld",7.93,0.951593002135673,0.0018440179200441,0.950211834038613,0.950526994073889,0.950656263784461,0.951878777963337,0.954691140818066
"4","brick_sss",30.92,0.811125448145795,0.00473871020545947,0.805776555561162,0.806659748933765,0.812008767134321,0.815041399690668,0.81614076940906
"5","brick_sbtm",10.69,0.93467662530254,0.00164862755401706,0.932890457614807,0.9337007493078,0.934700371553631,0.934825228651222,0.937266319385239
"6","gseal",19.84,0.878842528066068,0.00467609488960004,0.874288145992523,0.875368237147529,0.877297632311435,0.881835287907691,0.885423336971164
"7","hseal",14.92,0.908856541630359,0.00349742678935379,0.90481567413356,0.905916510688801,0.909671551891994,0.910476226634847,0.913402744802591
