"","var","importance","mean","sd","min","q25","med","q75","max"
"1","log_depth",9.29,0.944793444956104,0.000990955179883344,0.943138383790556,0.944825534525239,0.945105446651122,0.945109043622052,0.945788816191551
"2","brick_tbtm",15.15,0.909941031576332,0.00287515604571663,0.906571148235405,0.909155705216336,0.909614271275857,0.909842952866372,0.91452108028769
"3","brick_mld",15.56,0.907552998501546,0.00366097323850363,0.902834155690985,0.905595508749853,0.907342643763376,0.909626273447165,0.912366410856352
"4","brick_sss",20.81,0.876312077643191,0.0042011421921316,0.870204876559464,0.875619732136636,0.87606853374472,0.877838721881292,0.881828523893841
"5","brick_sbtm",9.09,0.9459769285271,0.00104929476358598,0.944804260175121,0.945405197962507,0.945511701251597,0.946932760535233,0.947230722711043
"6","gseal",15.38,0.908623237275575,0.00144709726201373,0.907105373782379,0.90713340102033,0.90917990783844,0.909329528341515,0.910367975395209
"7","hseal",14.72,0.912519347355932,0.0023298366838353,0.909273252167196,0.911192282018397,0.913084216256378,0.91379478137553,0.915252204962161
