"","var","importance","mean","sd","min","q25","med","q75","max"
"1","log_depth",6,0.955033970415522,0.000675382051928488,0.953924226046938,0.95496792012562,0.95526365763931,0.955296842544592,0.955717205721149
"2","brick_tbtm",15.99,0.880064515957731,0.00384135894813064,0.876395114172036,0.877250367781023,0.878918644157599,0.881978811825041,0.885779641852955
"3","brick_mld",13.91,0.895679335090031,0.00348654657814271,0.891250496418748,0.894335195751896,0.895586997986632,0.896376682958425,0.900847302334455
"4","brick_sss",26.52,0.801140544578895,0.00388016763038471,0.795640482150455,0.799717440691011,0.801293814545327,0.802943144500398,0.806107841007283
"5","brick_sbtm",11.3,0.915242346158326,0.000943491618693765,0.914484343574798,0.914579760615152,0.914649194251367,0.915959634948889,0.916538797401423
"6","gseal",13.78,0.89665692330002,0.00416856472263052,0.893532969524405,0.894705538368809,0.895371533750563,0.89571060118033,0.903963973675995
"7","hseal",12.49,0.906306969448375,0.00355711060405196,0.901137765613283,0.905414327399759,0.90676544825513,0.907213184553148,0.911004121420558
