"","var","importance","mean","sd","min","q25","med","q75","max"
"1","log_depth",0.06,0.999626651915033,7.98534605017546e-06,0.999618187927576,0.999620803794789,0.999624902306551,0.999631752507022,0.999637613039229
"2","brick_tbtm",3.25,0.98000468643709,0.000777946159468316,0.978733978823779,0.979985200376293,0.980064931667584,0.980468486441081,0.980770834876712
"3","brick_mld",0.39,0.997604502817076,0.000195161221744894,0.997324147669553,0.997473811453594,0.997733240458851,0.997734480502906,0.997756834000478
"4","brick_sss",50.22,0.690826292977461,0.0161154817846078,0.673449432119947,0.674999205506843,0.695399533248278,0.699868613105705,0.710414680906534
"5","brick_sbtm",2.5,0.984592635304976,0.000278544114233404,0.984117428071795,0.98458547798407,0.984704989442323,0.9847364285845,0.984818852442193
"6","gseal",36.33,0.776370411789462,0.00706994510469242,0.767938460229962,0.773091775537148,0.773340957973468,0.783368123364491,0.784112741842242
"7","hseal",7.25,0.955386870174843,0.0017650511395495,0.953016397445797,0.954663568548055,0.955168466385031,0.956415921111355,0.957669997383979
