"","var","importance","mean","sd","min","q25","med","q75","max"
"1","log_depth",69.36,-0.20214875777606,0.0239223676439683,-0.231476722979203,-0.215806056055825,-0.204508233798007,-0.189694693363406,-0.169258082683858
"2","brick_tbtm",5.13,0.911105766701725,0.00112902593228484,0.909462714765811,0.910543861870319,0.911285399638018,0.912108299023165,0.912128558211313
"3","brick_mld",6.26,0.891439161590466,0.00173203150797983,0.889835427586032,0.890130863056766,0.890613500729359,0.893151111927245,0.893464904652929
"4","brick_sss",0.44,0.992402303878613,0.000209199889955046,0.992248150200417,0.992260324014076,0.992292182159495,0.992470360647615,0.992740502371462
"5","brick_sbtm",4.96,0.914071880405025,0.000876807067477298,0.913144198707784,0.913593834417947,0.913791137982167,0.91442260443439,0.915407626482836
"6","gseal",12.87,0.776951067998125,0.0037598255421315,0.771347333190389,0.775395115221081,0.777410381619232,0.780122586347876,0.780479923612045
"7","hseal",0.99,0.982908062929705,0.000351286796888665,0.982359675351982,0.982753459924125,0.983090402784312,0.983158584807058,0.983178191781047
