"","var","importance","mean","sd","min","q25","med","q75","max"
"1","log_depth",9.74,0.935251279026497,0.00181657497942472,0.933795465105844,0.934282317082789,0.934516629799169,0.935312636498363,0.93834934664632
"2","brick_tbtm",11.67,0.922419156879897,0.00344573166420695,0.919718447823544,0.920011520515522,0.920641217772797,0.923921912614132,0.927802685673487
"3","brick_mld",11.57,0.923096187916512,0.000953773273631909,0.921821531613996,0.922475137487358,0.92335974770255,0.923575463291057,0.924249059487599
"4","brick_sss",21.42,0.857623335958037,0.0077928894683007,0.849094048199107,0.852445125227493,0.856125736886019,0.861654219153354,0.868797550324213
"5","brick_sbtm",10.85,0.927852274422598,0.00163558973225128,0.925455628247822,0.927377455893381,0.927816240716155,0.928804437326731,0.929807609928903
"6","gseal",19.87,0.867953790857853,0.00575191927218267,0.85807353617311,0.86771185478177,0.870761486299868,0.871496450178035,0.87172562685648
"7","hseal",14.88,0.901118103202075,0.00425972010544286,0.894005666812719,0.901198784667089,0.901546231918234,0.904406372504588,0.904433460107745
