"","var","importance","mean","sd","min","q25","med","q75","max"
"1","log_depth",1.46,0.989396828327806,0.000955528238648395,0.988096336717756,0.988811872381586,0.989552561917409,0.99003978801687,0.990483582605413
"2","brick_tbtm",11.74,0.914679054144359,0.00198306869595741,0.911620911776173,0.91413809700672,0.914956558203062,0.915843933637295,0.916835770098543
"3","brick_mld",0.97,0.992947462540667,0.000338278887452748,0.992430951436828,0.992836696330588,0.992997589055759,0.993166707718342,0.993305368161819
"4","brick_sss",22.02,0.839992095273736,0.00446924398769405,0.832577061665405,0.839991381007468,0.841048917276484,0.841833835985886,0.844509280433437
"5","brick_sbtm",12.21,0.91130725639302,0.00433547856978429,0.905317316092797,0.909942871002065,0.910213502142903,0.915000617687805,0.916061975039532
"6","gseal",33.26,0.75836328786454,0.00702694536225451,0.749546612058261,0.754024353042892,0.757475917560438,0.764501139815212,0.766268416845899
"7","hseal",18.33,0.866823474501359,0.00295665643277924,0.864206061068838,0.865282166166832,0.865961847193228,0.866844027526477,0.871823270551419
