"","var","importance","mean","sd","min","q25","med","q75","max"
"1","log_depth",8.66,0.917512895232535,0.00794594702677039,0.908099119802201,0.913736694592617,0.917319703651674,0.918723533596431,0.929685424519755
"2","brick_tbtm",2.12,0.979763436043108,0.00152698469999234,0.978078264634749,0.978530151116582,0.980127019149405,0.980154855324546,0.981926889990256
"3","brick_mld",9.28,0.911528454186008,0.0127252345509801,0.895137509771925,0.90754269412449,0.908957405466895,0.916173456220252,0.929831205346478
"4","brick_sss",60.69,0.421699632348178,0.0211550554696075,0.39171046229206,0.409200638183116,0.426485256118312,0.439869969832902,0.441231835314501
"5","brick_sbtm",2.1,0.979951789513155,0.00215255373739088,0.976863116398708,0.978712237167107,0.980858177836326,0.98103759439081,0.982287821772822
"6","gseal",9.17,0.9125861433227,0.005843411538126,0.907156754705322,0.907384579369453,0.91257284916207,0.914487949866396,0.921328583510258
"7","hseal",7.97,0.924074361869174,0.0040352283363414,0.919719976760302,0.920599572541816,0.923856107767471,0.927184497331943,0.929011654944339
