"","var","importance","mean","sd","min","q25","med","q75","max"
"1","log_depth",16.66,0.543207509424871,0.0324830890916644,0.503974536182961,0.518362159974911,0.544677228947393,0.567370100494069,0.58165352152502
"2","brick_tbtm",19.6,0.462691234682758,0.025781136034248,0.423179850291127,0.453031220142065,0.468487134320081,0.480512907426941,0.488245061233577
"3","brick_mld",4.76,0.869565229824316,0.0205829559952557,0.840214543680011,0.856478414498449,0.877309196328469,0.886672105603616,0.887151889011036
"4","brick_sss",31.31,0.141402499953813,0.0231406442197972,0.104637252261371,0.139046359548716,0.141146927368113,0.158924763493879,0.163257197096985
"5","brick_sbtm",11.64,0.680914191072769,0.00737590687366721,0.671522985283346,0.677312108385044,0.67963657920727,0.685501634906405,0.69059764758178
"6","gseal",15.81,0.566621635741804,0.020430384188863,0.545490667215473,0.548940586391736,0.569413155962419,0.573363913487677,0.595899855651717
"7","hseal",0.23,0.993696081339603,0.000696146307518963,0.992697482664636,0.993244983397723,0.994041397907173,0.99418224530644,0.994314297422043
