"","var","importance","mean","sd","min","q25","med","q75","max"
"1","log_depth",12.26,0.891921865272142,0.0191808627519689,0.869907556151262,0.877791228341555,0.894354255001471,0.898455049642501,0.919101237223924
"2","brick_tbtm",0.53,0.995366916948886,0.000599074023337097,0.994823081143008,0.994922853166195,0.995154893937389,0.995668760961244,0.996264995536592
"3","brick_mld",11.35,0.899993160493135,0.0179239073394866,0.878670431736961,0.887031880062782,0.901124393693193,0.909100301573297,0.924038795399444
"4","brick_sss",63.93,0.436601004278908,0.034897437105369,0.407237487866227,0.4098935811431,0.418058241234996,0.46473219345067,0.483083517699545
"5","brick_sbtm",1.19,0.989471796936379,0.00151818659774991,0.986908234191673,0.989248434504904,0.990329984421463,0.990410502964197,0.990461828599657
"6","gseal",7.23,0.936296803487544,0.0186066494079634,0.914703102326207,0.91818348699761,0.943148802250456,0.951350736481407,0.954097889382038
"7","hseal",3.51,0.969095352944996,0.00609169148206001,0.962479451094258,0.96498160699805,0.96938413413976,0.970244391206216,0.978387181286695
