"","var","importance","mean","sd","min","q25","med","q75","max"
"1","log_depth",10.26,0.930150326649152,0.0118776189791366,0.911643412581483,0.928577909576409,0.931677386767371,0.934687914173242,0.944165010147256
"2","brick_tbtm",3.33,0.977366486838854,0.00402126475918771,0.971897719419092,0.976718278739429,0.976974292845755,0.978069970830199,0.983172172359792
"3","brick_mld",4.02,0.972639694959941,0.00506594324016407,0.966924278622792,0.968227419462994,0.972830075204499,0.976863488609393,0.978353212900026
"4","brick_sss",57.65,0.60759738919497,0.0616985297472255,0.52674188537931,0.57445741122308,0.617261926903557,0.627707538593031,0.691818183875871
"5","brick_sbtm",6.01,0.959072796950153,0.00287682914875027,0.956765949485302,0.957404092056776,0.958143980788689,0.9590643565122,0.9639856059078
"6","gseal",6.85,0.953395125294893,0.0110394120284937,0.945711040353207,0.948221528742059,0.948689457102085,0.951563500232393,0.972790100044721
"7","hseal",11.88,0.919154071764091,0.012252497943898,0.900305015279029,0.913773146420151,0.9248838298557,0.925924842130331,0.930883525135245
