"","var","importance","mean","sd","min","q25","med","q75","max"
"1","log_depth",11.37,0.883237768203321,0.0162980928935753,0.866488675678359,0.873706080071345,0.876633353598349,0.892373183653909,0.906987548014642
"2","brick_tbtm",2.52,0.974090522529363,0.0029278058011173,0.969528308905249,0.972957448389549,0.975335763001045,0.975707906152975,0.976923186198
"3","brick_mld",8.84,0.909141046263883,0.016808813959842,0.89013007759029,0.891519601215973,0.919861644721655,0.92015140319764,0.924042504593857
"4","brick_sss",62.68,0.356084985335156,0.0336831007324903,0.314055505504231,0.330345159613188,0.359710331309945,0.383751151456478,0.392562778791935
"5","brick_sbtm",1.12,0.988506824859216,0.000938137043667434,0.987058612409674,0.988297228129385,0.988517549071249,0.989224077858244,0.989436656827532
"6","gseal",7.55,0.922478714256111,0.0089852212992591,0.909388189360489,0.919357099919776,0.924390666553614,0.925390455784742,0.933867159661935
"7","hseal",5.93,0.939108437715569,0.00906834082858368,0.92946521556105,0.930314968066399,0.94002396552961,0.946404677778534,0.949333361642251
