"","var","importance","mean","sd","min","q25","med","q75","max"
"1","log_depth",10.38,0.918173797205189,0.00528252271739487,0.911117322672443,0.914858805054404,0.919284506556288,0.92097077864216,0.924637573100649
"2","brick_tbtm",23.81,0.812395083548359,0.0138044601228002,0.799764003430751,0.801803620504368,0.812409616876817,0.81348188514482,0.834516291785039
"3","brick_mld",7.52,0.94077536258902,0.00193123647161034,0.939437199839289,0.939546208368042,0.939973826425024,0.940831883807525,0.944087694505218
"4","brick_sss",30.13,0.762612044296658,0.0198109593597731,0.741643197386602,0.748462315235738,0.756351981531714,0.779135741733651,0.787466985595587
"5","brick_sbtm",7.02,0.944643497990902,0.0057857845222408,0.938761983708384,0.940730186702385,0.943383774591316,0.946906835808665,0.953434709143759
"6","gseal",16.09,0.873193987921139,0.00317890148748301,0.869374524742437,0.871471563913602,0.872294865978217,0.875603660917485,0.877225324053952
"7","hseal",5.05,0.960196880616376,0.00464652630800401,0.954062908511662,0.957820087631736,0.960765225395519,0.961799332418396,0.966536849124568
