"","var","importance","mean","sd","min","q25","med","q75","max"
"1","log_depth",8.56,0.935340169770518,0.00511870984780548,0.929290017898257,0.932881721297019,0.934193547887708,0.937500379943235,0.94283518182637
"2","brick_tbtm",44.74,0.661923106720074,0.0252282274025596,0.635547849884133,0.642249707973726,0.65759734437139,0.677738714187767,0.696481917183355
"3","brick_mld",7.11,0.946281771637177,0.00446956500366029,0.940000383495656,0.944583582895829,0.946393877559134,0.948397919994003,0.952033094241263
"4","brick_sss",18.84,0.857605967724781,0.0158969274668753,0.839022271908186,0.850810392317015,0.856497425373021,0.859289497874198,0.882410251151487
"5","brick_sbtm",4.17,0.968465919537116,0.00219438232736213,0.96652149722534,0.967099044921116,0.968138287464558,0.968430136622184,0.972140631452381
"6","gseal",13.54,0.897719974020726,0.00411308085998493,0.893649161083523,0.894963159668016,0.89638140869231,0.899758188277079,0.903847952382703
"7","hseal",3.04,0.97704065204298,0.0025954359417984,0.974452665697646,0.975530172616733,0.976513161979349,0.977484412205846,0.981222847715326
