"","var","importance","mean","sd","min","q25","med","q75","max"
"1","log_depth",8.13,0.947675462024239,0.00411685980943627,0.940981319091963,0.946631028759814,0.949129546701658,0.950695296094135,0.950940119473623
"2","brick_tbtm",42.79,0.724449639895577,0.042019647260605,0.688978730813068,0.704395270221686,0.711852967071949,0.720279322353395,0.796741909017786
"3","brick_mld",34.23,0.779613157782739,0.0464771951949316,0.728583524848618,0.751527649363151,0.770899916881077,0.797886887327557,0.849167810493292
"4","brick_sss",5.25,0.966202027867547,0.00856469467268539,0.955754738179107,0.961740359746395,0.965299481196794,0.969717608833785,0.978497951381653
"5","brick_sbtm",1.96,0.987392816445963,0.00187108748509068,0.984351179665601,0.987275346202993,0.987483362052343,0.988821534722233,0.989032659586644
"6","gseal",4.23,0.972790355224889,0.00229919734732354,0.970275787331356,0.970723080888009,0.972779267906824,0.975065197725889,0.975108442272365
"7","hseal",3.42,0.977964326116872,0.00687651582724326,0.969660359675853,0.974428841403013,0.975559148224015,0.984611898698331,0.985561382583147
