"","var","importance","mean","sd","min","q25","med","q75","max"
"1","log_depth",99.99,0.0553010949541026,0.0426148541482811,0.00164990407401431,0.0381371568599678,0.0403309062261078,0.0885142598778644,0.107873247732559
"2","brick_tbtm",0,1,0,1,1,1,1,1
"3","brick_mld",0.01,0.999926804118671,6.83350721045002e-06,0.999917400016974,0.999922377787004,0.999928559906631,0.999931663218075,0.999934019664668
"4","brick_sss",0,1,0,1,1,1,1,1
"5","brick_sbtm",0,1,0,1,1,1,1,1
"6","gseal",0,1,0,1,1,1,1,1
"7","hseal",0,1,0,1,1,1,1,1
