"","var","importance","mean","sd","min","q25","med","q75","max"
"1","log_depth",19.78,0.918659767766883,0.00920820508089942,0.908347573414036,0.912007616138941,0.920176304156984,0.920597724221719,0.932169620902733
"2","brick_tbtm",25.62,0.894642006014796,0.00531491863786089,0.887535504123269,0.890445210159116,0.897182215806132,0.898902193339394,0.89914490664607
"3","brick_mld",28.93,0.881025048619672,0.0216706451930364,0.852460663025989,0.872209398233821,0.875040111232303,0.900616159778146,0.9047989108281
"4","brick_sss",6.96,0.971382919309306,0.00270756625700839,0.967335589840051,0.970048743044313,0.972218499795294,0.973399128086674,0.973912635780197
"5","brick_sbtm",6.26,0.974232049862109,0.00101522364312096,0.973388894884615,0.973424733528664,0.974192535824154,0.974261426326272,0.975892658746839
"6","gseal",4.13,0.983032505115563,0.00283430159178038,0.979704277064631,0.981370165932682,0.982178900504326,0.985461247635799,0.986447934440376
"7","hseal",8.33,0.965719209832263,0.003052501385181,0.960686795691838,0.965047282719697,0.96712870098853,0.967489244694925,0.968244025066323
