"","var","importance","mean","sd","min","q25","med","q75","max"
"1","sbtm",22.61,0.738669373408375,0.0260199743242997,0.702109254037758,0.732091287023377,0.736064145204594,0.749810263109615,0.77327191766653
"2","sss",20.71,0.760599032151964,0.0260651460158926,0.730849870887521,0.740978799412062,0.760196908887626,0.775266240256008,0.795703341316601
"3","fish_biomass",17.73,0.795027002185063,0.0237468827293812,0.767316404662192,0.773900138484546,0.799070052218258,0.814121157519558,0.820727258040762
"4","hseal",15.36,0.822420055175166,0.0344175435321354,0.798179554718378,0.804840704819442,0.805913159605396,0.821020775367116,0.882146081365499
"5","log_depth",13.7,0.841628967764564,0.0245718336631095,0.817425938558329,0.829159247067125,0.838261653506262,0.840901984314656,0.882396015376446
"6","mld",6.52,0.924605563820165,0.0180670338684817,0.909871805020644,0.909926137650975,0.914960595640953,0.941192993290978,0.947076287497276
"7","gseal",3.34,0.961399808158342,0.00917979042568162,0.952904913477553,0.955589828172437,0.960417374615349,0.961515546411239,0.976571378115135
"8","tbtm",0.04,0.999591697979221,3.94342724506556e-05,0.999528534447638,0.999582973135507,0.999599594721593,0.999618967821048,0.999628419770321
