"","var","importance","mean","sd","min","q25","med","q75","max"
"1","log_depth",6.51,0.975894689878132,0.00307389150930645,0.972201135232814,0.974083189368362,0.975309760771881,0.977943373869195,0.979935990148407
"2","brick_sst",8.81,0.967365622774292,0.00358819661886209,0.96285311353697,0.966289504649526,0.966653512446519,0.968322466917975,0.972709516320468
"3","brick_tbtm",5.51,0.979589705335564,0.00682140634485845,0.97057283684383,0.977513617863844,0.978665954618302,0.98189276878265,0.989303348569197
"4","brick_sss",8.29,0.969292444578423,0.00410590267212942,0.963221351002268,0.968747407632082,0.968779335421928,0.971340127648972,0.974374001186865
"5","brick_sbtm",4.59,0.983013100158312,0.00166545818687719,0.980938211733559,0.981802536590716,0.983536336216437,0.983608179068575,0.985180237182272
"6","brick_mld",3.71,0.98624859437481,0.00299529858234833,0.983646925696332,0.984287142121624,0.985037701481702,0.987246765652118,0.991024436922272
"7","dfs",55.84,0.793161998370287,0.0159121573874168,0.781782199998367,0.782681755268377,0.784264962062201,0.798021613064393,0.819059461458096
"8","vel_mag",2.67,0.990100516688298,0.000815528603792948,0.989159868373409,0.98925688174771,0.990658346150368,0.990697307546936,0.99073017962307
"9","brick_xbtm",4.08,0.984901543990564,0.00192474871403442,0.982436931239026,0.983224464258435,0.985951550478543,0.986289362887427,0.986605411089389
