"","var","importance","mean","sd","min","q25","med","q75","max"
"1","log_depth",4.79,0.976216595388146,0.00081835001018594,0.975043336315671,0.97600889515957,0.976037315198467,0.976926730492474,0.977066699774547
"2","brick_sst",3.97,0.98029312380235,0.00151678131225117,0.978821832267094,0.979512247715344,0.9800934454736,0.980218587198885,0.982819506356829
"3","brick_tbtm",2.99,0.985156100592644,0.00107670841109377,0.98407648007388,0.984497028702032,0.98473446673247,0.985723444128995,0.986749083325841
"4","brick_sss",10.07,0.950010838751504,0.00342076128836989,0.94644868641525,0.947152731847939,0.950412564798745,0.951061027488566,0.954979183207021
"5","brick_sbtm",11.32,0.943818846673675,0.0034606299001142,0.939932227670134,0.941797843462091,0.943986148370042,0.944218182548797,0.949159831317313
"6","brick_mld",2.38,0.988184163340785,0.000218949459944668,0.987904900131301,0.988050283166032,0.988182990924082,0.988320563002644,0.988462079479864
"7","dfs",59.53,0.704492810048881,0.0181239574626704,0.674765683377784,0.702180988931248,0.709401644488853,0.714011474582229,0.722104258864293
"8","vel_mag",2.61,0.98706146793451,0.000892740824651882,0.986064459509562,0.986314304512761,0.987248430757164,0.987399470203887,0.988280674689176
"9","brick_xbtm",2.34,0.98838365293638,0.00101435500169904,0.987151426305614,0.987626478585692,0.988361552229835,0.989375071136878,0.98940373642388
