"","var","importance","mean","sd","min","q25","med","q75","max"
"1","log_depth",21.57,0.908374633717304,0.00687694821684562,0.899351561861739,0.905745659959065,0.906975202224244,0.912281841906465,0.917518902635009
"2","brick_tbtm",10.87,0.953846534628808,0.0027355925509536,0.950984269498843,0.952224299678689,0.952854240498897,0.955334457131472,0.957835406336139
"3","brick_mld",7.27,0.969103396122401,0.00278296442443846,0.966418044877744,0.966543611071279,0.968732730976801,0.97110199233582,0.97272060135036
"4","brick_sss",5.24,0.977765153306025,0.000830055955687202,0.976848128536567,0.977074675951699,0.977941703626224,0.978042852663219,0.978918405752414
"5","brick_sbtm",30.65,0.869831122447098,0.0102048214075871,0.863298290841518,0.865246924187204,0.865898603862097,0.866769310804665,0.887942482540006
"6","gseal",9.92,0.957873607482261,0.00285252467972347,0.954276307517217,0.955750700058626,0.958153435067337,0.960259794730779,0.960927800037345
"7","hseal",14.49,0.938471764720927,0.00277330333534212,0.935950316333369,0.93615986575298,0.937737660407604,0.940025633131701,0.94248534797898
