"","var","importance","mean","sd","min","q25","med","q75","max"
"1","log_depth",12.42,0.966958298892852,0.00191757782283287,0.965060381106648,0.965451534259534,0.967160369472799,0.967205575007522,0.969913634617759
"2","brick_tbtm",8.64,0.97700535106503,0.00112380020871658,0.975453575647703,0.976478776565737,0.976945174920514,0.97787948341904,0.978269744772158
"3","brick_mld",1.82,0.995163236628037,0.000311259506404797,0.994829277146546,0.994850414570545,0.995260581303979,0.995343809089888,0.995532101029226
"4","brick_sss",9.4,0.975002021766697,0.00148949515184989,0.973416415902069,0.97383430853943,0.975012035443051,0.975588269955995,0.977159078992941
"5","brick_sbtm",36.19,0.903721721464113,0.00419861868485224,0.897426140007539,0.901926276657429,0.904829413605927,0.906202159592783,0.908224617456888
"6","gseal",9.29,0.975291174915513,0.000540287373986893,0.974335865716761,0.975414085716063,0.975512677609129,0.975550477174149,0.97564276836146
"7","hseal",22.24,0.940828293470128,0.00428109204888582,0.936366091520171,0.936534245138722,0.941248151773154,0.944860653884778,0.945132325033817
