"","var","importance","mean","sd","min","q25","med","q75","max"
"1","log_depth",20.67,0.942102569353498,0.00335196944300751,0.937118473475199,0.941066559048911,0.942524630444847,0.943640426263064,0.946162757535468
"2","brick_tbtm",4.18,0.988302599056928,0.00072222597436142,0.98730407029089,0.987834497730107,0.988611762739758,0.988652403828322,0.989110260695562
"3","brick_mld",1.76,0.995059183977882,0.000120431874940191,0.994911319854914,0.995004014832285,0.995026312467031,0.995131300552892,0.995222972182289
"4","brick_sss",10.54,0.970472662434102,0.0016957237073289,0.967725348451269,0.970389233557368,0.970542589659482,0.971596867432314,0.972109273070078
"5","brick_sbtm",33.34,0.906643350214425,0.00258815163317561,0.903128761551825,0.905884625265016,0.90657629664127,0.907323193467284,0.91030387414673
"6","gseal",12.96,0.963713950792975,0.00142774513729021,0.96147455512948,0.963097440930137,0.964548517056271,0.96462602959433,0.964823211254658
"7","hseal",16.55,0.953655308867719,0.00122321274251344,0.952613436928626,0.953062338178415,0.953064075025981,0.953840817966616,0.955695876238956
