"","var","importance","mean","sd","min","q25","med","q75","max"
"1","log_depth",0.2,0.998118491515498,5.79496487072734e-05,0.998035993060606,0.998096247388641,0.998120519692976,0.998149201526838,0.99819049590843
"2","brick_tbtm",0,1,0,1,1,1,1,1
"3","brick_mld",22.54,0.783193425511116,0.00803035805337459,0.771596422121116,0.778139594114995,0.787102069134082,0.788711382867395,0.790417659317994
"4","brick_sss",50.35,0.515648556820584,0.0232718314830147,0.491134745261804,0.498116559528737,0.513833062801029,0.525479379479101,0.549679037032247
"5","brick_sbtm",3.14,0.969836974041458,0.00149546890866589,0.968381237802652,0.968748325184449,0.96936488273521,0.970686065235831,0.972004359249147
"6","gseal",20.52,0.8026362355247,0.0247240652347426,0.772020959275608,0.781328888630534,0.811960790980417,0.818477503541331,0.82939303519561
"7","hseal",3.27,0.96856778237015,0.00507025767578199,0.963352270327683,0.963695528860911,0.969037760836442,0.971730796588158,0.975022555237556
