"","var","importance","mean","sd","min","q25","med","q75","max"
"1","log_depth",15.35,0.815831485133784,0.00856317368534408,0.808229085194483,0.810315501652635,0.811752223022637,0.819926457859146,0.828934157940017
"2","brick_tbtm",0.15,0.998209602499124,9.5530479265246e-05,0.99807175706234,0.998151887570311,0.998252848318612,0.998267026765977,0.998304492778382
"3","brick_mld",19.55,0.765492198166503,0.0138748011962432,0.749150077272947,0.756265680894395,0.762481498073129,0.779338418339307,0.780225316252739
"4","brick_sss",36.35,0.563961582250225,0.0283972861883102,0.524311613598577,0.547061180061637,0.568829427396282,0.587724120031344,0.591881570163283
"5","brick_sbtm",0.08,0.999062899729197,6.57774820045801e-05,0.998991885320353,0.999028779338619,0.999029022096854,0.999120373921709,0.999144437968451
"6","gseal",0.78,0.990604292295001,0.000362392228710301,0.990259919070058,0.990379970747426,0.990517369578266,0.990673328233712,0.991190873845543
"7","hseal",27.73,0.667336508036682,0.00729969964966519,0.65545950109225,0.667027917345175,0.66802224668789,0.671444742993484,0.674728132064612
