"","var","importance","mean","sd","min","q25","med","q75","max"
"1","log_depth",2.77,0.984490903029346,0.0014485973323924,0.982976317674313,0.983474259838464,0.984019914637243,0.985581084854379,0.98640293814233
"2","brick_tbtm",5.42,0.969593929090736,0.00131624271701413,0.967700333593441,0.969095522918766,0.969541434906479,0.970586687025975,0.971045667009018
"3","brick_mld",1.18,0.993393785187148,0.00152518173771296,0.991716260722346,0.992527434825982,0.992716022923769,0.994791025174234,0.995218182289409
"4","brick_sss",2.4,0.986522894337217,0.00097061265621534,0.985745220670867,0.985961082004903,0.986099786528251,0.986657345339188,0.988151037142873
"5","brick_sbtm",69.05,0.612822210109,0.0166756219285242,0.585451553637229,0.613613078151595,0.613803268291901,0.621503493847151,0.629739656617125
"6","gseal",0.67,0.996216265878432,0.000277204597386557,0.995930291023978,0.995996535006556,0.996180934827393,0.996364928611904,0.996608639922327
"7","hseal",18.5,0.896250438822808,0.00366742953400631,0.893402308662748,0.893661038560595,0.893769600240629,0.899349834250652,0.901069412399416
