"","var","importance","mean","sd","min","q25","med","q75","max"
"1","log_depth",19.54,0.936712615223782,0.00269025396377997,0.932572959019008,0.935505341745789,0.937997573269834,0.938266799801941,0.939220402282335
"2","brick_tbtm",14.77,0.952171594447315,0.00122813889997572,0.950560149708545,0.951544220920122,0.952096569817154,0.95290402456879,0.953753007221965
"3","brick_mld",9.78,0.968328902942126,0.00115238188987495,0.96717787801474,0.967401190492555,0.9681113038406,0.969006700408625,0.969947441954111
"4","brick_sss",11.34,0.96326606662488,0.00100471734531397,0.96238521470791,0.96270711934134,0.9628107366642,0.963525727517232,0.96490153489372
"5","brick_sbtm",16.94,0.945140859171713,0.000724322973325119,0.944473877149702,0.944666544236486,0.945033992267728,0.945199981654273,0.946329900550375
"6","gseal",11.58,0.962475121629845,0.00169018182509951,0.960860324211269,0.962051719235162,0.962054181333162,0.962055579447402,0.965353803922232
"7","hseal",16.06,0.947992377772295,0.00150735439549746,0.946560137820535,0.946870860331835,0.947455938648405,0.948938755620602,0.950136196440098
