"","var","importance","mean","sd","min","q25","med","q75","max"
"1","log_depth",0,1,0,1,1,1,1,1
"2","brick_tbtm",4.52,0.960850042018061,0.00193919581256067,0.958419060717527,0.95996125486698,0.960692692473758,0.96152267999257,0.963654522039472
"3","brick_mld",26.36,0.771429017041156,0.008880916313915,0.759378231356504,0.769060888871445,0.769372579855442,0.776152030286683,0.783181354835708
"4","brick_sss",41.85,0.637186674719424,0.0213241598906154,0.616786205589309,0.625962574663759,0.631755690386715,0.638971288646173,0.672457614311163
"5","brick_sbtm",4.06,0.964808618341465,0.00335274210906352,0.959856986952558,0.962974438952258,0.966133304408809,0.967084254095168,0.967994107298532
"6","gseal",12.44,0.892122242142413,0.015958850486433,0.879343180692972,0.879365989667106,0.889930229318793,0.893667098713044,0.918304712320152
"7","hseal",10.78,0.906568469589755,0.0131475607988949,0.893250545098542,0.901394909451876,0.904150984283135,0.905558578528042,0.928487330587179
