"","var","importance","mean","sd","min","q25","med","q75","max"
"1","dfs",72.86,0.0875218798923466,0.0683319716159113,-0.0201559063294538,0.0676216235324276,0.101169894578531,0.142227071077194,0.146746716603033
"2","sst",11.9,0.850950043710464,0.0260646261351267,0.826275608013574,0.835764666143933,0.837662182843186,0.865500349799475,0.889547411752153
"3","v",6.96,0.912791153466882,0.0154350227408588,0.886579881054346,0.911093593203748,0.920597681458267,0.922678004832206,0.923006606785844
"4","u",4.38,0.945134597037756,0.00879803014165711,0.932812114554134,0.939786312547972,0.947697493121022,0.950629248845123,0.954747816120528
"5","xbtm",3.9,0.95116436154389,0.00519321688180348,0.945882652856995,0.948469603283713,0.948745510492546,0.953828477664132,0.958895563422063
