"","var","importance","mean","sd","min","q25","med","q75","max"
"1","log_depth",29.76,0.0497949089601453,0.0399021364133497,-0.0136744650896802,0.0392831749762129,0.0628069118051911,0.0702311817022812,0.0903277414067215
"2","brick_tbtm",12.97,0.585918365205001,0.0108914483550491,0.567650546339021,0.586798123254404,0.588594920340777,0.589764897217064,0.59678333887374
"3","brick_mld",8.02,0.743922834826623,0.0159167243829726,0.722781411507616,0.733954020550596,0.746232263135617,0.75347789864413,0.763168580295159
"4","brick_sss",24.97,0.202625509108714,0.0307509639747526,0.163430859374763,0.176051704058321,0.217558465960214,0.224508973599199,0.231577542551076
"5","brick_sbtm",15.62,0.501402586739145,0.00806085823573967,0.493440931259117,0.495033562534722,0.498955612085294,0.507643765521892,0.511939062294699
"6","gseal",7.28,0.767415758190897,0.0252957352250218,0.741570664461538,0.742750413399447,0.767277160477509,0.79225698877219,0.793223563843801
"7","hseal",1.38,0.955962867841175,0.00320516464417735,0.952152098141015,0.953209550092952,0.956987454722325,0.957593147697223,0.959872088552358
