"","var","importance","mean","sd","min","q25","med","q75","max"
"1","log_depth",13.51,0.946227441567263,0.0023959736153035,0.943049742775225,0.944525849995481,0.94690007179307,0.947752347660364,0.948909195612174
"2","brick_tbtm",10.15,0.95960839115459,0.00205391720656255,0.956608357006166,0.958699665196177,0.959926456366009,0.960903435988001,0.961904041216596
"3","brick_mld",12.59,0.94987922841624,0.00444909503288387,0.94463178150735,0.947291438709943,0.948451886111429,0.954438262630091,0.954582773122388
"4","brick_sss",23.65,0.905872967731625,0.000837923021037856,0.904863285131784,0.905208580548911,0.905962500852125,0.906460057750689,0.906870414374616
"5","brick_sbtm",17.27,0.931267422225269,0.00135500505586998,0.929652394745194,0.930583442922296,0.930751684424145,0.932532256205189,0.932817332829521
"6","gseal",9.76,0.96115119256364,0.00255551434609718,0.957542595988923,0.959903638674532,0.961800496701531,0.962188341728371,0.964320889724846
"7","hseal",13.08,0.947915077531219,0.00228342140167321,0.945371859182795,0.946060319892098,0.947688341861851,0.949909172692712,0.950545694026641
