"","var","importance","mean","sd","min","q25","med","q75","max"
"1","log_depth",12.59,0.948020840148112,0.00195972017125422,0.946209992411581,0.946609114537279,0.947001782682218,0.949974802660673,0.950308508448809
"2","brick_tbtm",11.81,0.951223046269615,0.001812844847787,0.948339361804692,0.951178240063472,0.951362701547202,0.951939350016959,0.953295577915748
"3","brick_mld",11.01,0.954525992291883,0.00191019299123552,0.952642104989034,0.952897558929683,0.954290356865078,0.955588979899368,0.957210960776255
"4","brick_sss",22.65,0.906462576727988,0.00341605464824057,0.902715057171457,0.90296167923871,0.907685541094305,0.908871627018695,0.910078979116774
"5","brick_sbtm",17.43,0.928010856775894,0.00345620791087652,0.925319593654299,0.92604910569757,0.926805792517674,0.927933286075776,0.93394650593415
"6","gseal",11.2,0.953745000226988,0.00210467166210034,0.95112063072869,0.952498039298349,0.953381396513326,0.955565143272321,0.956159791322254
"7","hseal",13.31,0.945021775389194,0.00190665035270261,0.943531879932487,0.943635612047296,0.943932019697888,0.946183520276091,0.947825844992207
