"","var","importance","mean","sd","min","q25","med","q75","max"
"1","log_depth",16.32,0.930361836082035,0.00344666934267419,0.925189191392438,0.929806643118788,0.929890916892065,0.932747222963564,0.934175206043318
"2","brick_tbtm",12.09,0.94843542217428,0.00306030139832678,0.944952786764019,0.946513812031611,0.947459501191155,0.951216384815841,0.952034626068772
"3","brick_mld",11.7,0.950062929385617,0.00334883508428894,0.9468702055174,0.947967471762661,0.948130644323677,0.95318681753992,0.954159507784425
"4","brick_sss",23.67,0.899011077970004,0.00706901961065641,0.891094475626753,0.895093972093831,0.895944549359261,0.905608050618229,0.907314342151947
"5","brick_sbtm",15.58,0.933546560512475,0.00189299484659418,0.93164347495814,0.932241774049592,0.933368528800811,0.933965611223937,0.936513413529892
"6","gseal",8.05,0.965663343252658,0.00330780319852262,0.961642306396189,0.963362369600931,0.965684139970343,0.967707164095132,0.969920736200696
"7","hseal",12.59,0.946275839601999,0.00545402601081197,0.940912316633831,0.944117745617905,0.945316017942926,0.945583395999548,0.955449721815784
