"","var","importance","mean","sd","min","q25","med","q75","max"
"1","log_depth",21.6,0.381022816825557,0.0465301462775225,0.305837585582636,0.365541601397561,0.406961353112196,0.413196816496348,0.413576727539045
"2","brick_tbtm",5.76,0.834823500495265,0.00659935466676879,0.823666611288225,0.834593539578421,0.837406108759533,0.837767940653814,0.840683302196333
"3","brick_mld",13.25,0.620219754550747,0.00571681660506159,0.610818514873465,0.620210857518065,0.621035335171851,0.622976543577856,0.626057521612496
"4","brick_sss",30.15,0.135923090904307,0.0386446904105296,0.0832317968252619,0.114579961552272,0.144791167990018,0.15207797131359,0.184934556840394
"5","brick_sbtm",16.71,0.521173679534168,0.0380888047639856,0.47082856681819,0.489419807789316,0.545652297408657,0.549338342724858,0.550629382929821
"6","gseal",4.85,0.861048177742662,0.0124585656407342,0.851040071645057,0.853108541910729,0.857699539717757,0.861215858421916,0.882176877017849
"7","hseal",7.68,0.779940538592421,0.0181701605697644,0.748834822357869,0.782156563256339,0.782780364907227,0.792340875620409,0.79359006682026
