"","var","importance","mean","sd","min","q25","med","q75","max"
"1","log_depth",13.84,0.943059120385268,0.0033104171509201,0.94050296612987,0.940850224456723,0.942487655856593,0.942739357100301,0.948715398382851
"2","brick_tbtm",10.96,0.954929290596639,0.00160834081330597,0.953006913853759,0.953404582663237,0.95562616608569,0.956132184085451,0.956476606295058
"3","brick_mld",12.3,0.949382319356176,0.00181973741866733,0.947978706236334,0.948190896336787,0.94823857061431,0.950368892134453,0.952134531458996
"4","brick_sss",32.3,0.867115141723621,0.00779532629054806,0.860532248120156,0.860735216289554,0.863368455201026,0.873828391650341,0.877111397357029
"5","brick_sbtm",12.79,0.947400529086771,0.0024716598033714,0.944574772702024,0.945949419201638,0.946488034915558,0.949839624630302,0.950150793984334
"6","gseal",5.93,0.975615550880947,0.00167421037859291,0.973515440560192,0.974745166438449,0.975552802268695,0.976283741942717,0.977980603194681
"7","hseal",11.89,0.951088064405001,0.00510724567799543,0.945067701152004,0.948916077726998,0.949744750635564,0.953018238695974,0.958693553814464
