"","var","importance","mean","sd","min","q25","med","q75","max"
"1","log_depth",2.56,0.977043185224945,0.00113587732800395,0.976089118974505,0.976172531617728,0.976922447296337,0.977125518572087,0.978906309664066
"2","brick_sst",11.71,0.894965076527284,0.00235697619317732,0.892259599691044,0.893198834292143,0.894719156991161,0.896779103612644,0.897868688049428
"3","brick_tbtm",3.15,0.971757356186142,0.000515188197440639,0.970909586783332,0.9717596245125,0.97180485602341,0.972050767540006,0.972261946071461
"4","brick_sss",35.45,0.68214331681872,0.00934137219275509,0.672750707180895,0.673092188801991,0.68176116989049,0.690676514217074,0.692436004003149
"5","brick_sbtm",8.19,0.926568428479666,0.00160441642624496,0.92443370922421,0.925478752417606,0.926797932680976,0.927979765159054,0.928151982916486
"6","brick_mld",6.85,0.938592143046218,0.00137653742675345,0.937098857044202,0.937482565964654,0.938587327625236,0.93929667437038,0.940495290226616
"7","dfs",30.74,0.724348482839423,0.00855880454767361,0.717081599933581,0.717440658407934,0.720810455062548,0.729806410869726,0.736603289923327
"8","vel_mag",0.66,0.994066735813455,0.000139350425829866,0.993894591167602,0.993939483559281,0.994135795100513,0.994165316125065,0.994198493114814
"9","brick_xbtm",0.68,0.993886731277643,0.000156209904147635,0.993688287919356,0.993846623255115,0.993855582500898,0.993923401972363,0.994119760740484
