"","var","importance","mean","sd","min","q25","med","q75","max"
"1","log_depth",48.9,0.481156215626132,0.0279600297768797,0.450111507400967,0.452445355368224,0.493143586366978,0.499826475225052,0.510254153769439
"2","hseal",18.81,0.800387291475842,0.00987641247048865,0.789136909416476,0.792305859990569,0.801455065915236,0.805622789673231,0.8134158323837
"3","tbtm",11.17,0.881455859304885,0.0147560965732203,0.855774590704441,0.885164695702495,0.885479938212811,0.887234600465293,0.893625471439386
"4","gseal",9.89,0.895074729781328,0.00554200659303807,0.88760437961073,0.894059460935698,0.8943851535707,0.896238088301677,0.903086566487834
"5","mld",4.42,0.953129630460454,0.00461271291410683,0.948766431080395,0.950516291651252,0.952622340832203,0.95293579469589,0.960807294042527
"6","sbtm",3.82,0.959489013552332,0.00348120545587595,0.955832622129065,0.957173150666058,0.95888642703755,0.960805980956229,0.964746886972755
"7","sss",2.98,0.968348033964439,0.00650940813686336,0.960920753261715,0.961999608336646,0.970261067321703,0.974253208272116,0.974305532630014
