"","var","importance","mean","sd","min","q25","med","q75","max"
"1","log_depth",4.48,0.973217045887745,0.00171896862546507,0.971048193079647,0.972429752504615,0.972832201611171,0.974268491286482,0.97550659095681
"2","brick_sst",36.82,0.780044238934642,0.014707812337559,0.758070076934277,0.776268937903244,0.780203711397696,0.788327414108905,0.797351054329088
"3","brick_tbtm",2.98,0.982216713729683,0.000820737905240569,0.981391957630665,0.981474608802218,0.982158852337036,0.982764224906406,0.983293924972088
"4","brick_sss",8.55,0.948940771260983,0.00122980705781918,0.946938707817045,0.948580780712949,0.949560175161267,0.949742187412905,0.949882005200751
"5","brick_sbtm",7.73,0.953806594117142,0.00330738961659983,0.948659438022433,0.95292628360025,0.954701415143103,0.955251664973037,0.957494168846888
"6","brick_mld",5.43,0.967551683699815,0.00262297897532404,0.9639620658541,0.966566883135214,0.967012928004914,0.969719455902052,0.970497085602794
"7","dfs",24.27,0.855011978634187,0.0195124361565232,0.821510509177904,0.854705497555094,0.863340317595743,0.865944612620681,0.869558956221515
"8","vel_mag",4.42,0.973600486178388,0.00245599004761946,0.97028735621011,0.972181561074868,0.973656541154493,0.975620886468601,0.976256085983871
"9","brick_xbtm",5.32,0.96818859297552,0.0022042950342602,0.965838983117747,0.96594506953595,0.968626924961698,0.970095288348713,0.970436698913493
