"","var","importance","mean","sd","min","q25","med","q75","max"
"1","log_depth",1.58,0.968175467679513,0.00188498067385332,0.965299725183675,0.967605393188906,0.968272151119378,0.969845954499809,0.969854114405799
"2","brick_sst",47.36,0.0484885013091837,0.0330904757222543,0.023482843284078,0.0246016920696507,0.028586152891458,0.0683671464575557,0.0974046718431758
"3","brick_tbtm",10.37,0.791539995723032,0.0171419539776064,0.764325396943031,0.78709424518028,0.794753777661178,0.805597045081978,0.805929513748695
"4","brick_sss",0,1,0,1,1,1,1,1
"5","brick_sbtm",2.92,0.941335767051206,0.00201542059536195,0.938755253503639,0.939988965073534,0.941664702544533,0.942362821398123,0.9439070927362
"6","brick_mld",1.94,0.961081525683461,0.00622818059887237,0.951883004173413,0.958746625173355,0.961226628773117,0.966437737676633,0.967113632620788
"7","dfs",12.92,0.740324447769091,0.0106123249331859,0.72156959078144,0.742347873846945,0.745248724766917,0.745638999034432,0.746817050415722
"8","vel_mag",19.67,0.604801373497969,0.012661755226608,0.58836459472437,0.600306224622285,0.601669093165077,0.611756475971485,0.621910479006627
"9","brick_xbtm",3.24,0.934966896051415,0.00806287961787907,0.926784600425066,0.929800045457751,0.934741000101178,0.935663362621389,0.94784547165169
