"","var","importance","mean","sd","min","q25","med","q75","max"
"1","log_depth",7.77,0.974376168508903,0.000730885390134416,0.973635524571475,0.974106168817277,0.974258281441355,0.974282926286434,0.975597941427974
"2","brick_sst",19.48,0.935725188986247,0.00117640540212911,0.933931831532461,0.935456955973273,0.935686914865396,0.9366311452007,0.936919097359406
"3","brick_tbtm",9.14,0.969837985094633,0.00191953934801842,0.966470304449127,0.970252313545704,0.970382391030555,0.970924782020657,0.971160134427122
"4","brick_sss",10.23,0.966260982669994,0.00194355089572956,0.964074893471974,0.965214496337997,0.965704390934154,0.967221020405792,0.969090112200052
"5","brick_sbtm",9.84,0.967546271941267,0.00161993147127621,0.965310451390055,0.966584575390091,0.967738808357548,0.968946455492705,0.969151069075937
"6","brick_mld",8.14,0.973140517694113,0.00127467147876066,0.971497766206955,0.972188412189691,0.973578557457955,0.973785219573356,0.974652633042606
"7","dfs",12.32,0.959353251586464,0.00444689692740409,0.955220523603052,0.956425428003347,0.956764979888838,0.963862280878416,0.964493045558666
"8","vel_mag",11.38,0.962444349871273,0.00167140793986974,0.960190748517434,0.961579702052881,0.962753567724411,0.963040429096262,0.964657301965377
"9","brick_xbtm",11.69,0.961435329170486,0.00124491718542829,0.959899517730873,0.961147616304767,0.961351188291603,0.961406535992497,0.963371787532691
