"","var","importance","mean","sd","min","q25","med","q75","max"
"1","log_depth",0.38,0.992599031536691,0.00105723273505972,0.991313894255873,0.991636255766988,0.993010110433325,0.993382386595742,0.993652510631525
"2","brick_sst",49.31,0.0463758215448975,0.0337618804883822,-0.00823679493582301,0.0482807817885432,0.0513062807382403,0.0559876585727821,0.0845411815607447
"3","brick_tbtm",7.67,0.851753890682136,0.0105454399187432,0.836044245281792,0.845811334182719,0.857757800942882,0.858122560301723,0.861033512701564
"4","brick_sss",0,1,0,1,1,1,1,1
"5","brick_sbtm",5.4,0.895495890841133,0.00632534744629502,0.889296401685038,0.892128225289472,0.893794449626401,0.896446188644306,0.905814188960451
"6","brick_mld",7.56,0.853729099659037,0.0183734991066893,0.826999976118502,0.842987820851566,0.861189611832798,0.866035455670444,0.871432633821873
"7","dfs",16.94,0.672340588343494,0.0098865358246075,0.656867701533469,0.670027918026606,0.673514076060693,0.678794840966743,0.682498405129959
"8","vel_mag",12.33,0.761506117660133,0.0096226086367428,0.747163889621226,0.758631536353762,0.76104904079128,0.770234389525172,0.770451732009224
"9","brick_xbtm",0.4,0.992293426427051,0.000623219033710091,0.991226407700474,0.992343157551993,0.992422661714691,0.992709296834262,0.992765608333835
