"","var","importance","mean","sd","min","q25","med","q75","max"
"1","log_depth",4.78,0.977268342336058,0.00417259494987418,0.972573925985964,0.973317203449462,0.978204145725889,0.980287369487533,0.981959067031443
"2","brick_sst",27.74,0.868174050030566,0.00657877678560935,0.860662223713211,0.862383400483787,0.870068073370565,0.8711858479952,0.876570704590064
"3","brick_tbtm",3.7,0.982416347001909,0.00156133307446037,0.980372731193197,0.981740076118729,0.982596344468591,0.982722077356584,0.984650505872442
"4","brick_sss",6.91,0.967161773621428,0.0034984298413529,0.962675979509383,0.965469620121788,0.966549362624394,0.969429836940034,0.971684068911541
"5","brick_sbtm",7.95,0.962200149606387,0.00866888972789224,0.949169344824221,0.96111562994716,0.96327805836957,0.964056693290814,0.973381021600168
"6","brick_mld",7.33,0.965161773754266,0.00371166920910007,0.959182361245946,0.964126711829177,0.966605193480029,0.967364445913736,0.968530156302444
"7","dfs",30.71,0.854071629108202,0.0116667275521949,0.834063722198959,0.855319114070056,0.856233605931195,0.862097689234603,0.862644014106195
"8","vel_mag",6.96,0.966931398144733,0.0036817858380871,0.963734765504806,0.963948222886136,0.965971466551286,0.968416203826799,0.972586331954638
"9","brick_xbtm",3.92,0.981383091775089,0.00334957494012246,0.977655622859915,0.977775606923941,0.983671933445481,0.983895711859286,0.983916583786819
