"","var","importance","mean","sd","min","q25","med","q75","max"
"1","brick_sst",22.65,0.809937117850321,0.0041281416738947,0.806311790073667,0.807445217802176,0.80934242602228,0.809692032252323,0.816894123101158
"2","dfs",34,0.71463090486623,0.0322723968580755,0.67035327518944,0.691897741958232,0.725889392692027,0.740530707179249,0.744483407312203
"3","brick_u",14.57,0.877694398972984,0.00585839009607336,0.871840628894675,0.872245608243738,0.877942343053482,0.88075561307918,0.885687801593848
"4","brick_v",18.51,0.844658424428965,0.00938962789184459,0.833777895517658,0.836998850556808,0.847424694123953,0.847879169452598,0.85721151249381
"5","brick_xbtm",10.26,0.913880135671974,0.00274582565970042,0.911553302145722,0.911559515904514,0.913463746670293,0.914628216208397,0.918195897430942
