"","var","importance","mean","sd","min","q25","med","q75","max"
"1","brick_sst",30.45,0.63408486851037,0.0520757136420395,0.559951839743834,0.603401475196308,0.64843378665848,0.671826386496123,0.686810854457105
"2","dfs",35.86,0.56900761281957,0.0330741465357164,0.527436289364629,0.55592373589929,0.557054231481288,0.59472906110763,0.609894746245014
"3","brick_u",10.85,0.869542447523205,0.022925127710779,0.832153990791274,0.866093235603883,0.873622124074407,0.887579822301903,0.888263064844559
"4","brick_v",17.29,0.792177934221356,0.0197419279863985,0.770052645766455,0.774096804808966,0.796479864345184,0.803827538582931,0.816432817603242
"5","brick_xbtm",5.54,0.93336153117972,0.00875106074816195,0.920987715441402,0.929941542538705,0.933772158094066,0.937659970216198,0.944446269608229
