"","var","importance","mean","sd","min","q25","med","q75","max"
"1","brick_sst",10.03,0.916632694789873,0.00237247788363057,0.912416040360579,0.91738571120024,0.917453044974023,0.917932691195644,0.91797598621888
"2","dfs",89.7,0.254447215398255,0.0113799266715313,0.23973300607744,0.251122985153743,0.253905529313222,0.256070841530414,0.271403714916454
"3","brick_u",0,0.999995209582908,2.01760366927385e-07,0.999995060655203,0.999995077249413,0.999995122223122,0.999995239677775,0.999995548109028
"4","brick_v",0.14,0.998831607598482,4.02915915512811e-05,0.998771484120213,0.998827666298061,0.998836109547581,0.998838268134936,0.99888450989162
"5","brick_xbtm",0.13,0.998884995008276,8.68363358764918e-05,0.998800305521615,0.998825350074541,0.998858412439777,0.998925069429811,0.999015837575636
