"","var","importance","mean","sd","min","q25","med","q75","max"
"1","log_depth",1.94,0.988424877845984,0.00159767245013614,0.986676792397694,0.986715883285848,0.989318750939001,0.989432857530439,0.989980105076939
"2","brick_sst",33.45,0.80019827574651,0.034022642428131,0.76327154567706,0.766692968474639,0.806258584437175,0.828177911594791,0.836590368548885
"3","brick_tbtm",5.31,0.968292332946184,0.00600906018381314,0.960890115119857,0.964361948613354,0.968910690754756,0.97078461786282,0.976514292380132
"4","brick_sss",28.17,0.831718435043015,0.0335674164226651,0.787094217220301,0.808069512051421,0.838487393199229,0.85936469560732,0.865576357136803
"5","brick_sbtm",3.91,0.976621519740174,0.00459169426429849,0.970774696488672,0.973832105354615,0.977771454689897,0.977812834905062,0.982916507262624
"6","brick_mld",4.17,0.97506341311033,0.00319637164006491,0.970382628171929,0.973070707601499,0.976981649898075,0.977422429401707,0.977459650478439
"7","dfs",16.15,0.903552180544562,0.0106474967776589,0.890173774459107,0.896040375180363,0.904047660033289,0.91153034221927,0.915968750830779
"8","vel_mag",6.77,0.959538615317151,0.00900864331564836,0.949660070974627,0.950855697146434,0.961467442206002,0.965663899789371,0.970045966469318
"9","brick_xbtm",0.13,0.999228294904658,0.000236966334598552,0.998953297361127,0.999028173206198,0.999311362256027,0.999312099407148,0.999536542292788
