"","var","importance","mean","sd","min","q25","med","q75","max"
"1","log_depth",0.09,0.999037354263383,0.000211879034318065,0.998667866141557,0.999056855577867,0.999119921070353,0.999164167837483,0.999177960689652
"2","brick_sst",24.88,0.731582241384754,0.0375795140773689,0.677597741422039,0.722525689166946,0.723001205589512,0.76474411375277,0.770042456992504
"3","brick_tbtm",0.4,0.995716598335993,0.000486648182657809,0.994980135521865,0.995675355419768,0.99574139778215,0.995848942474692,0.996337160481493
"4","brick_sss",1.9,0.97945239531866,0.00155672247418229,0.978363652522372,0.978387700274676,0.978489081806214,0.980119266476591,0.981902275513445
"5","brick_sbtm",0.98,0.989420740421071,0.00233236341250885,0.986963584552356,0.987326171031942,0.989966036819874,0.990196812601465,0.992651097099718
"6","brick_mld",4.47,0.95181409370067,0.00630124610541477,0.942055106772596,0.950898765532049,0.951565576102736,0.956044400716633,0.958506619379338
"7","dfs",64.53,0.303789596590352,0.0274883762189302,0.285641156923163,0.287916604840701,0.290787974028339,0.303150558501692,0.351451688657863
"8","vel_mag",2.53,0.97268861182238,0.00678213510003155,0.966575323837511,0.968072292622942,0.969026652308478,0.977842559033671,0.981926231309296
"9","brick_xbtm",0.22,0.997610952763049,0.000207845840707072,0.997284765119641,0.99753219570584,0.997686385083118,0.997765237997123,0.997786179909521
