"","var","importance","mean","sd","min","q25","med","q75","max"
"1","log_depth",1.98,0.984467320340641,0.00136275403346876,0.982707309219294,0.983765199121243,0.984321422538887,0.98531549328555,0.986227177538233
"2","brick_sst",60.37,0.525756756556143,0.0218662546956525,0.488026283909367,0.526658550308435,0.533206198502922,0.539716096861516,0.541176653198475
"3","brick_tbtm",1.19,0.990641377268193,0.00124974582450527,0.989260075332622,0.989399978231859,0.991030420475278,0.991482141143126,0.992034271158078
"4","brick_sss",2.6,0.979556156584589,0.00123191626667538,0.978299935580603,0.97887871041476,0.978950989220966,0.980354204419487,0.981296943287131
"5","brick_sbtm",5.4,0.957608055119798,0.00430024042017641,0.952893386989421,0.954404858213939,0.95724137756704,0.959875702544573,0.963624950284016
"6","brick_mld",3.55,0.972122399787124,0.00354479244773179,0.968225038323191,0.969562516864802,0.972636662565775,0.972792173228415,0.977395607953437
"7","dfs",22,0.827176628529378,0.00519224502896105,0.819908005017439,0.823805084961798,0.828938993603753,0.830865921267574,0.832365137796325
"8","vel_mag",1.55,0.987827616854723,0.00196136746809395,0.984977099181654,0.987395519436856,0.987407010839911,0.989534559688557,0.989823895126635
"9","brick_xbtm",1.37,0.989258386098778,0.00206898897569758,0.986169126255548,0.988146406554719,0.990297655606795,0.990476239676619,0.991202502400207
