"","var","importance","mean","sd","min","q25","med","q75","max"
"1","log_depth",31.16,0.682883156354009,0.0121334081414167,0.672471369991955,0.67360220377956,0.676333808851561,0.694117470456192,0.697890928690776
"2","brick_tbtm",2.06,0.978986315053563,0.000878758865501509,0.977614538913616,0.978932680850194,0.979049177415739,0.97929880591555,0.980036372172718
"3","brick_mld",10.22,0.895985305923919,0.0016918147995998,0.893511040665868,0.895010140008334,0.896708568280285,0.897086755579314,0.897610025085792
"4","brick_sss",10.95,0.888564458584096,0.00350001388551238,0.882812786413734,0.887810424840118,0.890186880892898,0.890375780778016,0.891636419995712
"5","brick_sbtm",1.6,0.983667443527361,0.000672506778140493,0.983064593021306,0.98335600235694,0.98353686852043,0.983563093770292,0.984816659967837
"6","gseal",37.41,0.619254966804117,0.00988870656702879,0.602903545421286,0.61822491740196,0.621316313684727,0.626168758670993,0.627661298841619
"7","hseal",6.6,0.932841879576174,0.0022511627129697,0.929853375132233,0.93119118238734,0.933832178998114,0.933967389481212,0.935365271881969
