"","var","importance","mean","sd","min","q25","med","q75","max"
"1","log_depth",14.99,0.853599840950449,0.00833286073291713,0.848444424579205,0.84871982722203,0.84998280178539,0.852645475053525,0.868206676112096
"2","brick_tbtm",20.47,0.800041072572558,0.0145230342195776,0.77585974681574,0.797473935597,0.806012312749478,0.809779612179788,0.811079755520783
"3","brick_mld",9.96,0.902685563002044,0.00515670479566569,0.893673738852065,0.903483878537783,0.904268930533787,0.905878778985864,0.906122488100722
"4","brick_sss",20.09,0.803768357025179,0.00795203335812202,0.791888304840109,0.79960169747018,0.807046566780768,0.809108896926657,0.811196319108184
"5","brick_sbtm",17.09,0.833086514694969,0.00808043356295335,0.824205666695183,0.828834269589523,0.829696937371983,0.838498812952418,0.84419688686574
"6","gseal",7.28,0.928901344604111,0.00462370802938772,0.921343306350645,0.927882187939938,0.930387083361824,0.932435107591831,0.932459037776319
"7","hseal",10.12,0.901190260866991,0.00457110028493316,0.896092382127381,0.897272710078229,0.901666517907405,0.903792708053294,0.907126986168647
