"","var","importance","mean","sd","min","q25","med","q75","max"
"1","log_depth",14.83,0.874208857250266,0.00561072154879295,0.867557547355873,0.871331287836538,0.872713742277457,0.877440408993955,0.882001299787508
"2","brick_tbtm",8.35,0.929130767452075,0.00292480229233222,0.926014866168747,0.926037752400423,0.930175842662567,0.931204022552223,0.932221353476417
"3","brick_mld",23.51,0.800551146662418,0.00747321428580836,0.792523491702758,0.797239761223985,0.797426427485371,0.803682833228074,0.811883219671903
"4","brick_sss",23.3,0.802359580512204,0.00971797372079345,0.787076107598085,0.801207233795293,0.802307653794566,0.808743612367158,0.812463295005918
"5","brick_sbtm",5.46,0.953717919277706,0.000795830413872378,0.952927212234871,0.953090565734555,0.953533994249215,0.954204597971137,0.954833226198755
"6","gseal",7.53,0.936088638326493,0.00531779794954707,0.927272224551198,0.936508069996103,0.937423405938154,0.937559189339228,0.94168030180778
"7","hseal",17.02,0.855570504541788,0.00764310747663193,0.849130910349585,0.851227928895381,0.852290927291053,0.856956910066953,0.868245846105968
