"","var","importance","mean","sd","min","q25","med","q75","max"
"1","brick_sst",13.53,0.845211069776476,0.0116467496734563,0.830713891400983,0.841963202799812,0.842286759136318,0.848485026853812,0.862606468691456
"2","dfs",80.48,0.0794630739567274,0.0674888024071664,-0.00974200084540477,0.0311858585894362,0.0944972935111188,0.130490880768893,0.150883337759594
"3","vel_mag",2.99,0.965792573260333,0.00309962547313332,0.962097797262389,0.962782429663377,0.967534290081386,0.967845158462479,0.968703190832035
"4","brick_xbtm",3,0.965662879199052,0.00510944285970779,0.957572830224842,0.964101916433418,0.966967654709681,0.969773309772638,0.969898684854681
