"","var","importance","mean","sd","min","q25","med","q75","max"
"1","sst",62.8,0.363255120705494,0.0425958515426602,0.316347326641121,0.337688478253456,0.361746596008191,0.371396843925293,0.429096358699408
"2","fish_biomass",21.96,0.77736454257153,0.0162272013501966,0.752216325274177,0.771145993502857,0.784384816817751,0.785264325216186,0.793811252046679
"3","dfs",9.03,0.908492641946357,0.0124632385321222,0.89101125126669,0.899694491547175,0.915727169741204,0.916493943410838,0.919536353765877
"4","tbtm",5.13,0.947993612085054,0.00309229451252409,0.945237043107825,0.945701022907785,0.946563059797697,0.95014840965895,0.952318524953016
"5","sbtm",0.57,0.994256726732181,0.000691907195755929,0.993215580158921,0.993890518653362,0.994614321540291,0.994686802080537,0.994876411227792
"6","sss",0.52,0.994715051303531,0.00119155649178418,0.992964980462713,0.994498704234974,0.994517908499649,0.995488359031394,0.996105304288927
"7","mld",0,1,0,1,1,1,1,1
"8","log_depth",0,1,0,1,1,1,1,1
