"","var","importance","mean","sd","min","q25","med","q75","max"
"1","sst",39.76,0.40554487433841,0.05529102201826,0.341916326180175,0.373978888558283,0.388938684709485,0.443308003212609,0.479582469031496
"2","fish_biomass",29.9,0.552983511938917,0.0510489701987837,0.487777626974654,0.532381565861383,0.538633483792719,0.586844856464342,0.61928002660149
"3","dfs",28.77,0.569840023292725,0.0234000825194685,0.552113217590226,0.556548694808137,0.559759039695448,0.570983894581048,0.609795269788768
"4","tbtm",1.12,0.983217482226587,0.00164706935359952,0.981611078146014,0.981773075785466,0.983471127036693,0.983565326749994,0.985666803414769
"5","log_depth",0.45,0.993222005751105,0.000451929947501655,0.992734966734904,0.992870296644773,0.993239944047358,0.993388617470033,0.993876203858454
"6","mld",0,1,0,1,1,1,1,1
"7","sss",0,1,0,1,1,1,1,1
"8","sbtm",0,1,0,1,1,1,1,1
