"","var","importance","mean","sd","min","q25","med","q75","max"
"1","log_depth",0.15,0.998115406007969,0.000147433294230574,0.997883597622214,0.998078834771895,0.998135393311321,0.998221926509627,0.998257277824788
"2","brick_sst",19.48,0.753749376054591,0.0191838511701936,0.736019737885545,0.743780008175966,0.747891082219981,0.75534602311356,0.785710028877904
"3","brick_tbtm",0,0.999983149720751,1.47708212803185e-06,0.999980911537497,0.999982812433062,0.999983126755439,0.999984111747319,0.999984786130439
"4","brick_sss",3.97,0.949846176213941,0.00892968749553248,0.941000248608788,0.946328197137034,0.948470300568777,0.94859058831169,0.964841546443417
"5","brick_sbtm",8.42,0.893582737437295,0.0106087166159273,0.876684002788169,0.893000693284735,0.893534049451471,0.900042043390856,0.904652898271242
"6","brick_mld",0.13,0.998370522283729,0.000109668219147777,0.998210950971735,0.998303992188705,0.998425027068011,0.998440107266761,0.998472533923435
"7","dfs",47.04,0.405209947142474,0.0730960025496726,0.347532248556452,0.365957997112842,0.369112497214807,0.415360656284529,0.528086336543738
"8","vel_mag",20.68,0.738505624099066,0.0971207601044641,0.637129247313897,0.68989221171432,0.692984292397674,0.792074966619782,0.880447402449654
"9","brick_xbtm",0.13,0.99831404447599,0.000275965262847379,0.997998443369611,0.998171848540931,0.998223200711031,0.998474243001253,0.998702486757121
