"","var","importance","mean","sd","min","q25","med","q75","max"
"1","log_depth",30.24,0.560840561192894,0.0208813402593102,0.531879743294262,0.552546731308228,0.559250797609557,0.573952719288211,0.586572814464214
"2","sbtm",22.33,0.675629494299985,0.0145667493339446,0.6579346914704,0.665285336376057,0.674647652827977,0.688325287918497,0.691954502906992
"3","sss",20.89,0.696648444676255,0.0226674550750581,0.666217552615598,0.68000530453865,0.703849234110239,0.714937088459969,0.718233043656817
"4","gseal",17.7,0.742959633364464,0.0150121823177359,0.727861630375309,0.733442229360743,0.736143765544957,0.754064781304539,0.763285760236774
"5","tbtm",4.79,0.930394049139319,0.0124701882881909,0.90998306691646,0.928060057192619,0.934680935355271,0.937252568787781,0.941993617444464
"6","hseal",3.87,0.943820271506127,0.00379097874905259,0.93816018208805,0.942317634950659,0.945069688942173,0.945336978240194,0.948216873309561
"7","mld",0.19,0.997266854097112,0.000233890590196456,0.99684896698972,0.997354581073144,0.997371611072402,0.99737193135133,0.997387179998962
