"","var","importance","mean","sd","min","q25","med","q75","max"
"1","dfs",34.94,0.73570327602923,0.00620429550675002,0.727613004087011,0.732185076848764,0.735066243145466,0.74120921757257,0.742442838492339
"2","fish_biomass",28.15,0.787044347132274,0.00742877286473658,0.776268633483295,0.783254872942547,0.788436816269511,0.79274433282258,0.794517080143438
"3","tbtm",17.67,0.866310411638153,0.00776552403808472,0.855865254805946,0.863669900500327,0.86687795892639,0.867749406035545,0.877389537922558
"4","sst",5.37,0.959394681543961,0.00184409272976049,0.956721866215112,0.958529362793622,0.959741879356203,0.960490945204632,0.961489354150235
"5","sss",4.87,0.96314919056255,0.000505861680981829,0.962362676779106,0.962975471699995,0.963309116875147,0.963428968384426,0.963669719074078
"6","mld",4.17,0.968448007336605,0.00181249784879369,0.966178369918313,0.966780901638157,0.969590782155051,0.969822246424649,0.969867736546854
"7","sbtm",3.95,0.970127430762654,0.00256985700280647,0.966760130700195,0.96931931810622,0.97029731602134,0.970344988879246,0.973915400106268
"8","log_depth",0.88,0.993349153046025,0.000300205456776499,0.993066591086946,0.993224403352347,0.99322503649235,0.993381975940594,0.993847758357888
