"","var","importance","mean","sd","min","q25","med","q75","max"
"1","fish_biomass",36.62,0.637126261030602,0.00636112997700485,0.627697692500822,0.636483951080106,0.637764653910103,0.638124171276527,0.64556083638545
"2","dfs",34.62,0.656972418568249,0.0112576996665331,0.642044164295991,0.64987137999332,0.657419105515445,0.667233761745385,0.668293681291102
"3","mld",9.64,0.90452296737667,0.00401564261930683,0.89803840424156,0.904374061651659,0.904572958123091,0.907199800138098,0.908429612728942
"4","sbtm",7.19,0.928808518504481,0.00416073352261028,0.925546581121218,0.925843959047358,0.926790788135752,0.930505442576353,0.935355821641724
"5","log_depth",5.39,0.946575436398264,0.000373983637893838,0.946053262946335,0.946377342322214,0.946606338842326,0.946853105515177,0.946987132365267
"6","sst",3.93,0.961062127974059,0.000623538146996255,0.960426162077266,0.960794951164836,0.960825917208913,0.961199078166618,0.962064531252662
"7","sss",1.4,0.986091078374741,0.000357207303494307,0.985636407830449,0.985781929214814,0.986251677576674,0.986379269741867,0.986406107509902
"8","tbtm",1.21,0.988017532182826,0.000906016887703799,0.986725332103693,0.987927579216799,0.988060313734632,0.988092741032209,0.989281694826796
