"","var","importance","mean","sd","min","q25","med","q75","max"
"1","sst",51.15,0.229909888538724,0.0345797671581304,0.183526398106584,0.212465582315977,0.22594526697046,0.261190282850861,0.266421912449736
"2","tbtm",13.36,0.798811125076959,0.0163502190468192,0.770951744468698,0.798406109900539,0.805688493917157,0.806588402668764,0.812420874429636
"3","dfs",12.83,0.806850765567415,0.0127857948959319,0.78708660661081,0.805793748030071,0.807370026901237,0.811719042614366,0.822284403680591
"4","mld",8.15,0.877358747003687,0.0181064612272557,0.849781184891161,0.873394533248913,0.878571254449268,0.886451462484495,0.898595299944599
"5","sbtm",5.79,0.912770698871788,0.00628101273494003,0.906806584662576,0.90740302309932,0.911342102058265,0.916918487963508,0.921383296575272
"6","sss",5.01,0.924628994794674,0.00343357185696584,0.920095996336432,0.922641951781061,0.925338337587937,0.925910156481266,0.929158531786672
"7","fish_biomass",3.37,0.949253784201527,0.00440715563332882,0.9454355980813,0.945822184840423,0.948254067789835,0.950522743660868,0.95623432663521
"8","log_depth",0.34,0.994827855312985,0.000909442867926005,0.993343744179217,0.994701271188309,0.995072532064449,0.99529078966027,0.995730939472678
