"","var","importance","mean","sd","min","q25","med","q75","max"
"1","sst",49.42,0.202552544545747,0.0556678091189572,0.104914194671581,0.215398551752842,0.21678482601996,0.236184293101292,0.23948085718306
"2","dfs",22.05,0.64424940445314,0.0251870582593883,0.602780095967393,0.637936133671209,0.656817428677653,0.661817923470294,0.661895440479149
"3","fish_biomass",17.03,0.725180481877437,0.0326093554746886,0.675958932531442,0.716166225682105,0.731004759326122,0.73830847515002,0.764464016697497
"4","log_depth",6.06,0.902130461020942,0.0144392617200424,0.891477231553755,0.895445915019822,0.895621810994592,0.900841820507727,0.927265527028814
"5","mld",4.67,0.924567955411621,0.00649780504970888,0.917203424505075,0.919607042471571,0.923614594256384,0.930512131131829,0.931902584693244
"6","tbtm",0.75,0.987946160048389,0.00118275673334128,0.986409067299344,0.98756981593372,0.987873906783908,0.988192459141898,0.989685551083076
"7","sbtm",0.02,0.999674298413766,7.64696423416374e-05,0.999563308003914,0.99964267627593,0.999682154611886,0.999720109977835,0.999763243199265
"8","sss",0,1,0,1,1,1,1,1
