"","var","importance","mean","sd","min","q25","med","q75","max"
"1","log_depth",14.13,0.903596978672638,0.00397621459864539,0.899068287248897,0.900329383027049,0.903496740592427,0.906886720013125,0.908203762481691
"2","brick_tbtm",4.65,0.968239090799913,0.000925541561578394,0.966996859354434,0.967614629558977,0.968450760738261,0.968867776104033,0.969265428243861
"3","brick_mld",3.71,0.974689309196988,0.00104799720134124,0.973199920793992,0.97410771851635,0.974885040787198,0.97548537100481,0.975768494882592
"4","brick_sss",5.01,0.965823315886875,0.00333801591307968,0.962531168218818,0.96393462537926,0.964946371512394,0.966502035179562,0.971202379144343
"5","brick_sbtm",24.9,0.830132260305893,0.00619471642206971,0.825539033750537,0.825714189403282,0.827705146244795,0.831292329425402,0.840410602705448
"6","gseal",5.02,0.965727919105723,0.00144411303181507,0.964227659792836,0.964963102216074,0.965314155270466,0.966132771195405,0.968001907053833
"7","hseal",42.58,0.709482270534586,0.0114676212177699,0.696371660530065,0.698184486394641,0.713353210719602,0.719194383227168,0.720307611801454
