"","var","importance","mean","sd","min","q25","med","q75","max"
"1","log_depth",3.09,0.972894137111214,0.00685036073283663,0.961523181967158,0.972754883240393,0.97445684843271,0.976068811988186,0.979666959927624
"2","brick_tbtm",11.56,0.898444672817933,0.0195847283787351,0.866889985659259,0.895863229838923,0.900565243252026,0.911723958340745,0.917180946998712
"3","brick_mld",0.83,0.992689802961692,0.000884721541743801,0.991689462875865,0.992115879100348,0.992425358392401,0.993466846810454,0.993751467629392
"4","brick_sss",6.66,0.94148958926455,0.00744548557653836,0.935423489917933,0.936130526442205,0.940011145554751,0.941992165862436,0.953890618545424
"5","brick_sbtm",10.82,0.905010566699734,0.0109776514349991,0.895505930964976,0.89931329019673,0.899863898473728,0.907256499383003,0.923113214480235
"6","gseal",6.71,0.941048187008305,0.0116532468909061,0.92345056465509,0.937100703227455,0.942999888664252,0.947515187846347,0.954174590648379
"7","hseal",60.32,0.470257800852874,0.0439606750316309,0.408492306245913,0.449666314232612,0.475547810616301,0.493082453033646,0.524500120135896
