"","var","importance","mean","sd","min","q25","med","q75","max"
"1","log_depth",8.67,0.90015122457531,0.0119085070674697,0.882857458450152,0.89577842620689,0.899615060258182,0.91018338496702,0.912321792994305
"2","brick_tbtm",36.52,0.579505068507344,0.0438537415398175,0.523655019399422,0.541321717819801,0.601446940871276,0.611345692122081,0.619755972324138
"3","brick_mld",4.13,0.952444653542146,0.0046832260008252,0.946807632054464,0.948391085030632,0.953446629187588,0.956167257702736,0.957410663735308
"4","brick_sss",0.39,0.995544432924878,0.000367535704194102,0.994898352283102,0.995628283282094,0.995683039828358,0.995697343685224,0.995815145545613
"5","brick_sbtm",15.48,0.821781279610803,0.018883146940295,0.797499604922607,0.815844935290914,0.822604729297658,0.822900003564362,0.850057124978473
"6","gseal",13.88,0.840163300309064,0.020297910730585,0.821380782089276,0.828939543870541,0.8368639236885,0.839441634140109,0.874190617756896
"7","hseal",20.92,0.759138777260629,0.030851867163858,0.725763621564006,0.730004261252755,0.760966582162787,0.789210973680993,0.789748447642604
