"","var","importance","mean","sd","min","q25","med","q75","max"
"1","log_depth",28.33,0.862782731191674,0.00447041038361859,0.856479404299617,0.861609063828438,0.862822473605298,0.864137999959373,0.868864714265644
"2","brick_tbtm",15.77,0.923636148605691,0.00357846174509713,0.9193325399994,0.92120658935371,0.923116167772273,0.926928593028844,0.927596852874226
"3","brick_mld",2.93,0.985826429069759,0.00107585344513379,0.9847404612388,0.984928215950468,0.98563161366188,0.986575512798067,0.987256341699579
"4","brick_sss",3.63,0.982428937995981,0.000662521014640132,0.981483607139995,0.982123011647004,0.982461268328857,0.982927589855668,0.983149213008382
"5","brick_sbtm",25.2,0.877933068637828,0.00960248760501029,0.867674650880849,0.86920677313023,0.878354527920718,0.884478559892512,0.889950831364834
"6","gseal",4.72,0.977117303813223,0.00137380123253578,0.975475491874846,0.976339832179362,0.977277498513297,0.977332543290468,0.979161153208143
"7","hseal",19.42,0.905963255718555,0.0080347746140045,0.897287929742092,0.89940422264778,0.904608174633079,0.913754383656616,0.914761567913206
