"","var","importance","mean","sd","min","q25","med","q75","max"
"1","log_depth",9.75,0.952288569650968,0.00578560618491008,0.94397775058176,0.951230070549888,0.952526652689645,0.953540849721766,0.960167524711784
"2","brick_tbtm",23.33,0.885791103372361,0.013027151357281,0.866302035057304,0.879586930535101,0.890409478244535,0.893403919893488,0.899253153131377
"3","brick_mld",6.6,0.967681217788381,0.00375439352147618,0.963405962897481,0.964789265482061,0.968123081606679,0.969182394793984,0.972905384161702
"4","brick_sss",14.71,0.927987408854891,0.0190215333309444,0.9131600444241,0.915323836307197,0.92303679797735,0.928140784833973,0.960275580731833
"5","brick_sbtm",11.73,0.942578211332833,0.00722035768060441,0.936876292577749,0.937550608471849,0.938737001744977,0.94600109087529,0.953726062994301
"6","gseal",11.58,0.943314189855425,0.0189854185458556,0.914081723274407,0.937769379964671,0.946875789018635,0.953601868418373,0.964242188601039
"7","hseal",22.29,0.890870612002075,0.0198456022861337,0.869599089984202,0.871876174834294,0.89327142981956,0.905360377462454,0.914245987909863
