"","var","importance","mean","sd","min","q25","med","q75","max"
"1","log_depth",18.87,0.880189432794127,0.012786715799526,0.868736901951962,0.86934273649401,0.879285078251541,0.883570269866109,0.900012177407013
"2","brick_tbtm",4.73,0.969974142241593,0.00525410507588864,0.961902616756117,0.968543210710683,0.970688549308766,0.972936367042903,0.975799967389497
"3","brick_mld",11.06,0.929809958224911,0.00468469976132371,0.924861004726633,0.92711893545533,0.929036463674031,0.930849647399118,0.937183739869445
"4","brick_sss",8.95,0.943184407760187,0.00740915834671215,0.933482890908342,0.936960135971398,0.947347922721328,0.948740642143782,0.949390447056082
"5","brick_sbtm",19.6,0.875600560824724,0.00509832552431754,0.86883479741708,0.874063696710942,0.875349909107825,0.876779453870357,0.882974947017415
"6","gseal",14.56,0.907567927960054,0.00825355688990996,0.898196438194636,0.89972034985262,0.909398022345935,0.914451241228967,0.916073588178114
"7","hseal",22.23,0.858909643266645,0.0109350251314754,0.841187431648165,0.8556390833223,0.864037832291597,0.866009786929057,0.867674082142107
