"","var","importance","mean","sd","min","q25","med","q75","max"
"1","log_depth",22.56,0.877430092911399,0.00829106877512917,0.864929252112599,0.875371776598155,0.878245179505211,0.881192024020094,0.887412232320935
"2","brick_tbtm",5.56,0.969806870159451,0.00169356451058455,0.967485996290521,0.969432613890325,0.969611776028653,0.970321563072892,0.972182401514867
"3","brick_mld",6.73,0.963437042916876,0.00292629197631112,0.960581870312095,0.961940797622666,0.962291286144546,0.964256931847639,0.968114328657434
"4","brick_sss",14.18,0.923000433425807,0.00881169669126191,0.909633925401486,0.918746228959335,0.926521065212318,0.929045183820126,0.931055763735768
"5","brick_sbtm",30.5,0.834301604231191,0.00524732312444572,0.828212129244869,0.829831135260108,0.834598595828942,0.83903401783352,0.839832142988515
"6","gseal",5.73,0.96884908755818,0.00235830512233424,0.966459804225546,0.967350639100547,0.968710190343038,0.969106522428573,0.972618281693198
"7","hseal",14.73,0.919984790091847,0.00775913255733378,0.910976177236851,0.916576476088506,0.917435949294671,0.923623122444864,0.931312225394341
