"","var","importance","mean","sd","min","q25","med","q75","max"
"1","log_depth",55.94,0.614367319834135,0.0174434115090253,0.589774651211458,0.612741535794506,0.614200675770048,0.616124540005937,0.638995196388726
"2","brick_tbtm",1.88,0.98704277869664,0.00123133772512745,0.985823184057154,0.986108409915294,0.986599876896015,0.988080157888625,0.98860226472611
"3","brick_mld",27.67,0.809261756309799,0.00964087191514859,0.798012685623059,0.803422562970766,0.806264211803697,0.818834155679015,0.819775165472459
"4","brick_sss",4.02,0.97228815804294,0.00195442718010642,0.969981407955544,0.97057520505247,0.972922552784168,0.973313269875024,0.974648354547496
"5","brick_sbtm",10.3,0.928962858540066,0.00209680604723602,0.926469640618499,0.927752198080933,0.928440358651078,0.930484268461889,0.931667826887932
"6","gseal",0.18,0.998785830462766,9.86395155096438e-05,0.998661876954047,0.998761995385426,0.998767929772801,0.998801818799471,0.998935531402084
"7","hseal",0.02,0.999887086906633,5.35891893884294e-06,0.999881808814876,0.99988201864589,0.999888364101034,0.999888574315737,0.999894668655629
