"","var","importance","mean","sd","min","q25","med","q75","max"
"1","log_depth",49.85,0.47794924333672,0.0499096360551642,0.431973252084609,0.458590877934733,0.467819352667739,0.468114004211366,0.563248729785153
"2","brick_tbtm",11.8,0.876395555517991,0.00554380606988864,0.870738393384351,0.87109779924468,0.877205144626794,0.879150230713317,0.883786209620816
"3","brick_mld",9.75,0.897836866092155,0.00981968125565136,0.884789295894926,0.889902729380318,0.902875702517805,0.905671344613227,0.905945258054501
"4","brick_sss",8.39,0.912109670721772,0.00901689550772118,0.896333410073992,0.913143306935709,0.915700434812175,0.917382918529889,0.917988283257094
"5","brick_sbtm",18.66,0.80454719622907,0.0145424783953819,0.78700621347775,0.795756321017413,0.80094964958628,0.819245274473894,0.819778522590012
"6","gseal",0,1,0,1,1,1,1,1
"7","hseal",1.54,0.983847359808349,0.00148235135205479,0.981537751833538,0.983180341511826,0.984653184558578,0.984884198400276,0.98498132273753
