"","var","importance","mean","sd","min","q25","med","q75","max"
"1","log_depth",16.09,0.948305716604299,0.00313698056185647,0.945425495520483,0.945623099152863,0.94808854549368,0.949309049853401,0.953082393001065
"2","brick_tbtm",10.08,0.967633476573513,0.00232828198445209,0.965061496289877,0.966064050777717,0.967215442459006,0.968904135689516,0.97092225765145
"3","brick_mld",13.47,0.956715802581817,0.00220860651916108,0.953130944072831,0.956064545332595,0.957752454045261,0.958168068888371,0.958463000570026
"4","brick_sss",14.96,0.95194006664698,0.000846139065127579,0.95094108729816,0.951285384226003,0.952010885996952,0.952431883104672,0.953031092609112
"5","brick_sbtm",19.26,0.93813178102088,0.00176211995950412,0.936347586747174,0.936785789627182,0.938108970090406,0.938600576549029,0.940815982090609
"6","gseal",12.42,0.960091125618364,0.00178102652720764,0.957180532798496,0.960139901832959,0.96047954874322,0.960619097411261,0.962036547305884
"7","hseal",13.72,0.955939984932513,0.0016513557766495,0.954523378501803,0.95462319827892,0.955090600455916,0.95761389771722,0.957848849708707
