"","var","importance","mean","sd","min","q25","med","q75","max"
"1","log_depth",11.12,0.876069930120143,0.0120184333831615,0.864252647291556,0.866791487618717,0.872054354692714,0.88541468215415,0.891836478843577
"2","brick_tbtm",2.48,0.972372941350127,0.00192984979730154,0.969361555353089,0.9717298212265,0.972972213951718,0.973459605581063,0.974341510638263
"3","brick_mld",4.01,0.95529078675737,0.00211602560265489,0.953332659668103,0.954375508450815,0.954441794377714,0.955480257397449,0.958823713892767
"4","brick_sss",6.6,0.926399428509928,0.00606370060406193,0.9205052257874,0.92096581729811,0.925012760512513,0.932588994200708,0.932924344750909
"5","brick_sbtm",41.8,0.533958519200284,0.0383210545222042,0.471987696551119,0.526589470636207,0.541409587277582,0.562817645015653,0.566988196520858
"6","gseal",18.15,0.797634529106054,0.0195704068858165,0.775102161943329,0.788259687238035,0.795407364981873,0.801494329543111,0.827909101823923
"7","hseal",15.84,0.823382598178811,0.0202216761694048,0.796472222854767,0.80702524280112,0.835222780757772,0.836871730767932,0.841321013712466
