"","var","importance","mean","sd","min","q25","med","q75","max"
"1","brick_sst",6.85,0.92251492590425,0.00442320732508415,0.917149901599534,0.919750721353897,0.922770218242659,0.924131320174958,0.928772468150204
"2","dfs",83.45,0.0563045352064989,0.0134515080886382,0.0426043814807739,0.0480255965375804,0.0522767283141156,0.0617868609905916,0.0768291087094327
"3","vel_mag",9.62,0.891252205859426,0.0049319211413707,0.883093679565971,0.890175642201342,0.893483343050637,0.894568179971569,0.894940184507613
"4","brick_xbtm",0.08,0.999058346017761,6.08826373093785e-05,0.998991883436838,0.998998535405654,0.999081960651424,0.999087257031559,0.999132093563331
