"","var","importance","mean","sd","min","q25","med","q75","max"
"1","brick_sst",15.81,0.691827859859127,0.00737130946900048,0.68506327307388,0.687548376567697,0.689371980686734,0.693280875725979,0.703874793241346
"2","dfs",41.88,0.183904799718849,0.00967206364300845,0.174497081343561,0.17934610276924,0.180678617638083,0.185196735891124,0.199805460952239
"3","vel_mag",20.89,0.592882231776488,0.00440593483714015,0.587864187910309,0.589836412975145,0.592730481379766,0.594819774090892,0.599160302526326
"4","brick_xbtm",21.42,0.582655374947081,0.00488966593164788,0.575423929665062,0.581738623707151,0.582434639558193,0.584912036035078,0.588767645769921
