"","var","importance","mean","sd","min","q25","med","q75","max"
"1","brick_sst",6.12,0.930832529710928,0.00215629645616194,0.927586701995143,0.92962631926346,0.93228813867169,0.932327209211631,0.932334279412714
"2","dfs",82.85,0.0640638610964091,0.0124971127320352,0.0501055712963475,0.0544436356298797,0.0660224353968625,0.067810483315397,0.0819371798435588
"3","vel_mag",3.99,0.954946781491467,0.0040539676510154,0.949368751235554,0.952676201367305,0.955590223603987,0.957304894534426,0.959793836716061
"4","brick_xbtm",7.04,0.920415224486783,0.0037856602529218,0.914065644275407,0.920160523625803,0.921355899478078,0.923147613109407,0.923346441945218
