"","var","importance","mean","sd","min","q25","med","q75","max"
"1","brick_sst",7.21,0.775540969069091,0.0174908141485255,0.748829816188784,0.771940727723353,0.774391134258304,0.790550367245386,0.791992799929628
"2","dfs",28.6,0.10992937700682,0.0289190637650863,0.0609191456238043,0.107688045582439,0.12134315177061,0.127162780667111,0.132533761390138
"3","vel_mag",27.32,0.149917656875208,0.00768059815071129,0.139034277990701,0.14619420211662,0.150715287715067,0.154863809331777,0.158780707221874
"4","brick_xbtm",36.87,-0.147210281981529,0.0122885038462426,-0.161680136204652,-0.15925960994141,-0.140078053821769,-0.139826637206326,-0.135206972733491
