"","var","importance","mean","sd","min","q25","med","q75","max"
"1","brick_sst",7.43,0.921203475006117,0.00382438290920164,0.916945974673755,0.918723602166201,0.920880709957878,0.922588714631339,0.926878373601414
"2","dfs",85.28,0.095765452111413,0.00799131802879638,0.0851862569716128,0.0924007862940433,0.0937172014288756,0.103501545170504,0.104021470692029
"3","vel_mag",7.28,0.922774416084039,0.00205690967763714,0.921162173164519,0.921220826317594,0.92161085242307,0.924169431031646,0.925708797483365
"4","brick_xbtm",0,1,0,1,1,1,1,1
