"","var","importance","mean","sd","min","q25","med","q75","max"
"1","month",14.08,0.828048265898245,0.0100338855138514,0.820904220954234,0.82354282028744,0.824382801473704,0.825689020788968,0.84572246598688
"2","brick_sst",3.91,0.952205111179978,0.00147464351083944,0.950994884565421,0.950999674296136,0.951871295178866,0.952607915871458,0.954551785988011
"3","dfs",76.72,0.063082836395345,0.0147265628575419,0.0378974341517009,0.0635462705238467,0.0677561440205385,0.0708540400190865,0.0753602932615521
"4","vel_mag",5.26,0.935792612887002,0.00592365342306954,0.928695764426274,0.932271382875001,0.93497834498091,0.93910233053464,0.943915241618185
"5","brick_xbtm",0.03,0.999681466840202,4.04667751887907e-05,0.999637137709002,0.999637137709002,0.999711019594336,0.999711019594336,0.999711019594336
