"","var","importance","mean","sd","min","q25","med","q75","max"
"1","brick_sst",14.59,0.8658308962616,0.00976441827557721,0.853292836658765,0.862509004968084,0.863872874463783,0.869711779992101,0.879767985225266
"2","dfs",85.18,0.216799741910195,0.0455840088315264,0.172369592542014,0.197251017615654,0.204670071422262,0.216696233011807,0.293011794959237
"3","vel_mag",0.23,0.99786367660998,0.000214171194973904,0.997649270053328,0.997724770771086,0.997857547245663,0.997879727943359,0.998207067036465
"4","brick_xbtm",0,1,0,1,1,1,1,1
