"","var","importance","mean","sd","min","q25","med","q75","max"
"1","brick_sst",7.59,0.922426569829187,0.0250006526009119,0.889919017900233,0.916306381367487,0.916597648134838,0.930802840507316,0.958506961236064
"2","dfs",12.28,0.874433825393647,0.0244201636464301,0.84650659253864,0.860789050600699,0.869402270358499,0.885325836742668,0.910145376727728
"3","vel_mag",38.35,0.607779229149334,0.017442443783295,0.582552943380843,0.601562128625015,0.608207402894185,0.617774008994103,0.628799661852525
"4","brick_xbtm",41.78,0.572674949627253,0.0174992023932205,0.551244338097205,0.559892507619939,0.572546400504059,0.58734204951281,0.592349452402252
