"","var","importance","mean","sd","min","q25","med","q75","max"
"1","log_depth",26.93,0.402516227721475,0.0171162655537182,0.386142622767166,0.393570651681786,0.399469285529524,0.402344053560226,0.431054525068673
"2","sbtm",23.75,0.473002855081985,0.023114110816895,0.447739838892236,0.449771921297911,0.478670249791882,0.49218275822067,0.496649507207226
"3","tbtm",14.92,0.669014098879212,0.0165711553887153,0.649203479163123,0.656558948434933,0.669972635490467,0.679198204301821,0.690137227005717
"4","fish_biomass",12.99,0.711803590207639,0.0235311648370969,0.693136213729174,0.695029369098617,0.696172974477871,0.733066770392169,0.741612623340365
"5","gseal",9.1,0.797992494248054,0.00730218745100292,0.787421902639345,0.793991074100475,0.800307310005403,0.802530306709794,0.805711877785254
"6","sss",7.1,0.842441050637435,0.00770462935637362,0.834117887156685,0.83448048631636,0.846088625267923,0.846344729237124,0.851173525209082
"7","mld",5.2,0.884657831502203,0.00989352922336459,0.872828748626069,0.880016024803007,0.883028253792019,0.888069575570588,0.899346554719332
"8","hseal",0.01,0.999849839814948,9.13481867221283e-06,0.999838400137701,0.999843927707346,0.999851697804592,0.999852870811449,0.999862302613654
