"","var","importance","mean","sd","min","q25","med","q75","max"
"1","brick_sst",40.83,0.681127006911999,0.0439478950490031,0.63890414050429,0.644646118701183,0.669068096634912,0.71332319093303,0.73969348778658
"2","dfs",54,0.578316827324029,0.0300433540229164,0.540268996129112,0.552824873004426,0.590265970952908,0.599676153927029,0.608548142606669
"3","brick_u",0.82,0.993614981149976,0.000299516235448827,0.993253371749046,0.993344162978278,0.993730292855277,0.993811350416154,0.993935727751124
"4","brick_v",2.29,0.982111100976777,0.00170921182804457,0.980066547265155,0.980870554274183,0.982158341341162,0.983129046896949,0.984331015106437
"5","brick_xbtm",2.06,0.983883242095249,0.002630266559032,0.979555276218217,0.983414471056792,0.985017705188287,0.985110623061478,0.98631813495147
