"","var","importance","mean","sd","min","q25","med","q75","max"
"1","mld",29.92,0.531704835653188,0.024255320978265,0.49885495005405,0.518108628693073,0.535073611322179,0.544579364288697,0.56190762390794
"2","sbtm",23.66,0.62964726498491,0.0132406936606546,0.616285914664168,0.619571200591478,0.627216092452066,0.63622905455709,0.648934062659747
"3","gseal",22.76,0.643649909790803,0.0205047341995822,0.619853329653037,0.635884004167765,0.641838757472045,0.64460443958317,0.676069018077996
"4","tbtm",13.77,0.784478783571855,0.0108151726679157,0.771536730974867,0.780888742526705,0.781716400468466,0.787280675263606,0.800971368625632
"5","fish_biomass",5.07,0.92065296178797,0.00823674508252735,0.909188173214874,0.917269222811425,0.922110927672336,0.923064227193743,0.931632258047473
"6","sss",4.68,0.92672101705207,0.00536039547344368,0.917593766557312,0.927390357537697,0.927669641839142,0.929454369061133,0.931496950265066
"7","log_depth",0.14,0.997792877831881,0.00050515572682006,0.997009004308164,0.997745822253137,0.997868043433079,0.997933253580321,0.998408265584706
"8","hseal",0,1,0,1,1,1,1,1
