"","var","importance","mean","sd","min","q25","med","q75","max"
"1","gseal",35.44,0.538384277699158,0.00861461010363694,0.528050717627349,0.531542248752046,0.538931054257198,0.545166930270232,0.548230437588963
"2","fish_biomass",35.21,0.541451903280418,0.0118087975635519,0.531553643282781,0.532844069664611,0.536729716592317,0.5462233502827,0.559908736579679
"3","hseal",10.82,0.859125024226963,0.00429987809593249,0.853038142192381,0.856997148690989,0.859788015291546,0.861592535681121,0.864209279278776
"4","log_depth",6.53,0.914919663408825,0.00185541884674103,0.912615686833644,0.913445218659928,0.915178390308901,0.91656341371552,0.91679560752613
"5","mld",4.83,0.937141381359036,0.00379728234409043,0.932453007976688,0.935993436934841,0.936133369242316,0.938334165582333,0.942792927059002
"6","sbtm",4.62,0.93986457484225,0.00170406150031127,0.938411047971195,0.938753350728037,0.938824707740829,0.9410796089813,0.942254158789888
"7","sss",2.13,0.972302227806755,0.00168861544421981,0.969975157044202,0.971413642511065,0.972524537391162,0.973219520683003,0.974378281404341
"8","tbtm",0.43,0.994378058439297,0.000236242821448655,0.99407721801236,0.994269429066644,0.994331879556808,0.994519288814806,0.994692476745868
