"","var","importance","mean","sd","min","q25","med","q75","max"
"1","log_depth",8.82,0.946123646538134,0.00217951503274483,0.943876124986071,0.944918305205955,0.945474788536764,0.946821017335595,0.949527996626286
"2","brick_sst",11.08,0.932309632891503,0.00390741895292001,0.927095009250278,0.929247308686148,0.934217419217509,0.934956252531936,0.936032174771644
"3","brick_tbtm",20,0.877838642878553,0.00349981205795315,0.874606429870815,0.875226671082353,0.877867748135109,0.878024352570726,0.88346801273376
"4","brick_sss",11.47,0.929955273566254,0.00399318347915757,0.925726705314414,0.928164201589154,0.928666465968262,0.930933156781948,0.936285838177493
"5","brick_sbtm",18.82,0.885022446588368,0.00510346732917583,0.87810511455238,0.88134521414761,0.88684728078896,0.888691110015168,0.890123513437723
"6","brick_mld",2.89,0.982339191299387,0.00141229092822279,0.979860679641046,0.982512103406085,0.983032340079176,0.983033859413396,0.983256973957233
"7","dfs",23.11,0.858800701166155,0.0096048075391538,0.848892995099778,0.853920031936534,0.856980057714684,0.859832616594957,0.874377804484823
"8","vel_mag",1.88,0.988511959670555,0.000581586009925915,0.987728973553183,0.988216932022786,0.988643956024098,0.988678404299899,0.989291532452812
"9","brick_xbtm",1.93,0.988200366654561,0.000867256571851085,0.98747246853885,0.987601234987769,0.987740144744914,0.988699782586379,0.989488202414895
