"","var","importance","mean","sd","min","q25","med","q75","max"
"1","log_depth",51.2,0.709102536991025,0.0138008661448805,0.698473414768198,0.699590588204587,0.704394315165675,0.710862072379724,0.732192294436941
"2","brick_sst",11.92,0.932291130087932,0.00160094082945455,0.929969979898752,0.931259385853154,0.93322904169592,0.933453551518007,0.933543691473827
"3","brick_tbtm",0.11,0.999360283899758,2.5588578587893e-05,0.999340029756698,0.999346601439485,0.999350130103177,0.999360573869093,0.99940408433034
"4","brick_sss",0.83,0.995267202439551,0.000286804047210478,0.99489682838266,0.995016503179482,0.995462713989188,0.995469423729851,0.995490542916573
"5","brick_sbtm",28.48,0.838197692582343,0.00597554069310267,0.832715827704211,0.834382452396943,0.837774224545232,0.838018269309452,0.848097688955878
"6","brick_mld",0.87,0.995072816276478,0.000180976725340563,0.994885362040875,0.994909957515936,0.995118764019256,0.995122729808774,0.99532726799755
"7","dfs",6.06,0.965584746569531,0.00270495694449387,0.96154010434695,0.964279386789421,0.966763120059747,0.966924147027474,0.968416974624062
"8","vel_mag",0.52,0.997051006434258,0.000210856621419852,0.996878464913964,0.9969217593696,0.996976240736248,0.997073633031476,0.997404934120004
"9","brick_xbtm",0.01,0.999944142469199,1.74976676443822e-06,0.999942450242803,0.999943145883012,0.999943302517884,0.999945052943901,0.999946760758396
