"","var","importance","mean","sd","min","q25","med","q75","max"
"1","log_depth",46.17,0.278901630305071,0.0194074768355265,0.259588159372564,0.262653357981053,0.273579499349721,0.297683228241204,0.301003906580815
"2","brick_sst",19.68,0.692613039960215,0.0152194046145846,0.670832829575546,0.683308862996699,0.697775933541979,0.704357554085472,0.706790019601377
"3","brick_tbtm",12.11,0.810847281542512,0.0072539507413578,0.800674159417955,0.809143960162092,0.809238636420512,0.81529048451784,0.819889167194163
"4","brick_sss",0.71,0.988843913057593,0.000636197668368655,0.988132742630082,0.988326820000532,0.988775415807729,0.989478966536617,0.989505620313005
"5","brick_sbtm",1.71,0.973272540233307,0.00231616062929571,0.969500643928979,0.972901681794167,0.974015702213991,0.97435477798412,0.975589895245276
"6","brick_mld",1.52,0.976282278101189,0.000996821022113181,0.974806631088394,0.976078444678854,0.976254715664258,0.976749943956322,0.977521655118117
"7","dfs",14.6,0.77189786694762,0.0183005053993464,0.752722754130218,0.764595535278648,0.764781274677417,0.776372153206351,0.801017617445467
"8","vel_mag",2.5,0.961024885420931,0.00311259705188068,0.956821639210361,0.960447658179033,0.960770173424215,0.961541085233207,0.965543871057839
"9","brick_xbtm",1,0.984367733869164,0.000908169266469199,0.98318634240577,0.983742306601574,0.984693917170135,0.984714538925369,0.985501564242972
