"","var","importance","mean","sd","min","q25","med","q75","max"
"1","brick_sst",27.23,0.704382198907985,0.041566383904018,0.658043146664284,0.669993051979296,0.71495679716194,0.717002932203143,0.76191506653126
"2","dfs",41.77,0.546535039584256,0.101629288533151,0.461209929303821,0.471962379618754,0.487396879708604,0.633839249933986,0.678266759356114
"3","brick_u",0.61,0.993412617916639,0.00168267094890904,0.991440940485593,0.991973137048445,0.993605270879753,0.994748552488252,0.99529518868115
"4","brick_v",29.1,0.684090766009091,0.0814057122996015,0.599691717096349,0.648884343551532,0.663617017940321,0.691223300923509,0.817037450533744
"5","brick_xbtm",1.29,0.986019607012001,0.00728030534052636,0.979875235987718,0.981169107418209,0.981251271107429,0.992531105427852,0.995271315118795
