"","var","importance","mean","sd","min","q25","med","q75","max"
"1","brick_sst",72.53,0.475961731435887,0.0301230406953212,0.428567188894024,0.471171381629936,0.481254516691676,0.488615385355696,0.510200184608101
"2","dfs",15.51,0.88794769206546,0.00189392587075338,0.884871170939873,0.888137850700606,0.888273824093029,0.888372551147539,0.890083063446252
"3","brick_u",6.78,0.951035187875541,0.0106358196874638,0.935607326390886,0.94870788945992,0.952659875772444,0.952923380105984,0.965277467648473
"4","brick_v",5.11,0.963095457545517,0.00436383849033059,0.956467628255709,0.960835040923571,0.965351201695328,0.96625152166256,0.966571895190415
"5","brick_xbtm",0.08,0.999454047840206,9.45972374174845e-05,0.999387459546349,0.999388369161625,0.99940677596858,0.999477881189038,0.999609753335438
