"","var","importance","mean","sd","min","q25","med","q75","max"
"1","log_depth",3.73,0.978126696219663,0.000492652822868929,0.97755160674939,0.977844086648995,0.977957092402676,0.978596815410115,0.97868387988714
"2","brick_sst",50.53,0.703643886834836,0.0157322839942083,0.685478793050973,0.688745342131609,0.708809206646199,0.714258143548388,0.72092794879701
"3","brick_tbtm",1.91,0.988812758555563,0.00023442309045641,0.988445647482992,0.98877301022289,0.988865527230655,0.988894957686816,0.989084650154462
"4","brick_sss",4.34,0.974566468407731,0.00135490965259019,0.972900823333801,0.974095086698213,0.974112510561859,0.975235914383119,0.976488007061665
"5","brick_sbtm",5.53,0.967568334462308,0.000204124201639634,0.967247876241311,0.96753631525466,0.967620497446112,0.967631506921845,0.967805476447612
"6","brick_mld",2.6,0.984778675366109,0.000376126700182218,0.984326661340355,0.984541809336718,0.984711918575491,0.985068422815989,0.985244564761992
"7","dfs",28.07,0.835367127746073,0.00173243608508221,0.833551928128315,0.834091649978833,0.834798399145467,0.837017292910478,0.837376368567274
"8","vel_mag",1.49,0.991279432279534,0.000366850594671353,0.990882972285006,0.990937655038634,0.991298978288412,0.991585464481909,0.991692091303707
"9","brick_xbtm",1.82,0.989341556640007,0.000957868428314855,0.987904574416687,0.989145525249893,0.989293563677036,0.989906826746749,0.990457293109668
