"","var","importance","mean","sd","min","q25","med","q75","max"
"1","log_depth",0.89,0.992578000991803,0.000169920562887492,0.992448295506149,0.992486011410688,0.992487316382212,0.992605365046059,0.992863016613908
"2","brick_sst",39.05,0.675177135552104,0.0138609596177772,0.660092924934879,0.665077736767263,0.67341056807221,0.682623262113244,0.694681185872922
"3","brick_tbtm",3.65,0.969599815828358,0.000759930347726043,0.968419684810243,0.969367364178568,0.96971066663726,0.97020771243181,0.970293651083912
"4","brick_sss",3.26,0.972920668313157,0.00256769363084413,0.969655262732844,0.971323821484092,0.97279566347095,0.974819563691704,0.976009030186194
"5","brick_sbtm",5.4,0.955107862525684,0.00145082894848496,0.95295257896613,0.954442500817725,0.955382418273289,0.956294309519174,0.956467505052101
"6","brick_mld",1.92,0.984011237844581,0.000771013294261401,0.983152817489491,0.983217414378923,0.984303977337854,0.984668827202613,0.984713152814027
"7","dfs",45.83,0.618812727015115,0.022481471791467,0.590348479077144,0.609350238107145,0.610761105898047,0.64160080212502,0.642003009868217
"8","vel_mag",0,1,0,1,1,1,1,1
"9","brick_xbtm",0,1,0,1,1,1,1,1
