"","var","importance","mean","sd","min","q25","med","q75","max"
"1","log_depth",0.73,0.996163010224543,0.000160393495140653,0.995904985976225,0.996124827794489,0.996200966298137,0.996285711684936,0.996298559368928
"2","brick_sst",69.57,0.635249922731829,0.0221154411468549,0.611616759587239,0.617647904323124,0.631472090509326,0.652249353475836,0.663263505763621
"3","brick_tbtm",0.35,0.998180624942318,0.000198366360350853,0.997967346493793,0.998026599631701,0.998133695108892,0.998378040839419,0.998397442637781
"4","brick_sss",0.71,0.996303443517045,0.000319665464647762,0.995964243457089,0.99611122638114,0.996204542888569,0.996463186350583,0.996774018507843
"5","brick_sbtm",0.15,0.999191785389455,5.1889957362875e-05,0.999138014672704,0.999158360535129,0.999168454063576,0.999239655882121,0.999254441793744
"6","brick_mld",0.42,0.997794607986505,0.000188115140990833,0.997559762359414,0.99767133481205,0.997832903318713,0.997858108044658,0.998050931397691
"7","dfs",27.71,0.854719615821737,0.00613320170605018,0.84948452829069,0.852113268064922,0.852666484377238,0.854050009993611,0.865283788382225
"8","vel_mag",0.28,0.998519657419825,0.000113058580062682,0.998335081831084,0.998521442059852,0.998536056554881,0.998564476329984,0.998641230323326
"9","brick_xbtm",0.08,0.999591071208714,3.64724669279737e-05,0.999545244350782,0.999566906001814,0.999588583996455,0.99962587972632,0.999628741968197
