"","var","importance","mean","sd","min","q25","med","q75","max"
"1","log_depth",3.96,0.979656195752487,0.00128946201360798,0.977585984020793,0.979340887086585,0.979961659719328,0.980629040053433,0.980763407882295
"2","brick_sst",8.35,0.957125198793825,0.00177268444108202,0.954315744515105,0.956460052247015,0.957924033431113,0.958373114913846,0.958553048862048
"3","brick_tbtm",31.93,0.835959422683998,0.00237556485947467,0.834049262026661,0.834372134525016,0.83483914766199,0.836770230311532,0.839766338894791
"4","brick_sss",2.04,0.989533344778688,0.00184288027177636,0.987405036294971,0.988755435550107,0.989185651388745,0.989928405125139,0.992392195534479
"5","brick_sbtm",4.65,0.97612604714477,0.00189357249021213,0.973483520095627,0.975575933644541,0.97564381855104,0.977773722647895,0.978153240784746
"6","brick_mld",5.79,0.970258878813996,0.000954624962476115,0.969074330971023,0.969420565176424,0.970613154881796,0.970988979973989,0.971197363066746
"7","dfs",43.1,0.778574976306955,0.0105141205923114,0.765083385002333,0.769787778432795,0.782606303342504,0.78737273966074,0.788024675096404
"8","vel_mag",0.18,0.999079752179252,0.000124606913479141,0.99889430041995,0.999052057210326,0.999101464226832,0.999111621521456,0.999239317517695
"9","brick_xbtm",0,0.999981334817114,4.01674962120327e-06,0.999977564127326,0.99997876021289,0.999979079084484,0.999984737203955,0.999986533456915
