"","var","importance","mean","sd","min","q25","med","q75","max"
"1","log_depth",10.93,0.973601884370882,0.000752340533289791,0.972909938132314,0.973170420778212,0.973171844577201,0.974056446498873,0.974700771867809
"2","brick_sst",6.01,0.985500184633047,0.000359234089252428,0.984981251790657,0.985371032962471,0.985526187220811,0.985676957246437,0.985945493944858
"3","brick_tbtm",6.81,0.983546260954345,0.000767708129320176,0.982420216426533,0.983396461325869,0.983413417730456,0.984081430931459,0.984419778357407
"4","brick_sss",30.09,0.927357359485607,0.00326428882726914,0.922867168707385,0.926336225072086,0.92780034464645,0.927844882696053,0.931938176306064
"5","brick_sbtm",12,0.971034974775124,0.00134992870358615,0.969388357584382,0.970257307325701,0.970684920774173,0.972389740909495,0.972454547281868
"6","brick_mld",16.39,0.960427745528203,0.00108467194921738,0.959275749553375,0.959872212637614,0.960262795079069,0.960560852759053,0.962167117611904
"7","dfs",15.33,0.962993474120683,0.00114664134134603,0.961888761930962,0.96229673364651,0.962906560858731,0.962998830075523,0.964876484091689
"8","vel_mag",1.31,0.996827028778765,0.000282535950465329,0.996506745703292,0.996661036035819,0.996721080921352,0.997087209957917,0.997159071275444
"9","brick_xbtm",1.13,0.997270028066528,3.70752314009046e-05,0.997220052348921,0.997246194433661,0.997282211716317,0.997286959780152,0.997314722053588
