"","var","importance","mean","sd","min","q25","med","q75","max"
"1","log_depth",12.72,0.942923355416314,0.00109642839820661,0.941945664638522,0.942193634241769,0.942258967599943,0.943927430607553,0.944291079993783
"2","brick_sst",11.1,0.950200118692692,0.00145170136679701,0.949001949831633,0.949361974794994,0.949804239647499,0.950155826774082,0.952676602415252
"3","brick_tbtm",7.95,0.964326189978243,0.00123837107145283,0.962565603544531,0.963785859018105,0.964576000934507,0.964814758475481,0.965888727918591
"4","brick_sss",11.97,0.946303246103772,0.00108656268005171,0.944861758797422,0.94580905583085,0.946373441818016,0.946663525064697,0.947808449007875
"5","brick_sbtm",12.82,0.942480305149271,0.00143465095235519,0.940890537675464,0.941332129528272,0.942375485608195,0.943492059377798,0.944311313556627
"6","brick_mld",12.37,0.944495010855959,0.00116004092621629,0.943058401967811,0.943569103010341,0.944872873832519,0.945069352286932,0.945905323182189
"7","dfs",15.11,0.932209392561974,0.00164472053545061,0.930465993876875,0.931055351245482,0.932190959843892,0.932619074277224,0.934715583566397
"8","vel_mag",8.24,0.9630214317517,0.00172227761822598,0.960308185435799,0.962876719337039,0.963090482472116,0.963873418441285,0.964958353072261
"9","brick_xbtm",7.73,0.965332935358811,0.000924969849983523,0.964295616511362,0.964636347202332,0.965377492143251,0.965712812634326,0.966642408302786
