"","var","importance","mean","sd","min","q25","med","q75","max"
"1","log_depth",3.48,0.990982982116666,0.000369284298200358,0.990606464531283,0.990731314574453,0.990854867811656,0.991223338805831,0.991498924860106
"2","brick_sst",4.34,0.988758561382159,0.000209132695752215,0.988447201713208,0.988675625851768,0.98878035759449,0.988919611971455,0.988970009779872
"3","brick_tbtm",0.94,0.997553817531846,7.37336714583525e-05,0.997471063743609,0.997498362723085,0.997547520579081,0.997600160719948,0.997651979893508
"4","brick_sss",55,0.857403390252487,0.00414522330158881,0.851190022209352,0.855175190013039,0.859265227000532,0.860538633052606,0.860847878986906
"5","brick_sbtm",11.72,0.969618453586574,0.000712211454001942,0.9685642437936,0.969264464744235,0.969791990848935,0.970234251565371,0.970237316980729
"6","brick_mld",11.62,0.969866036305951,0.000647206820924598,0.968977839460253,0.969524703009407,0.96985613178457,0.970454871782853,0.970516635492675
"7","dfs",12.75,0.966939149025601,0.00130403982565993,0.96548146674134,0.965566556362679,0.967696060516881,0.967787551450784,0.968164110056322
"8","vel_mag",0.13,0.999657925850838,2.22764935830882e-05,0.999634991196913,0.999639645121386,0.999659374597741,0.999664925192791,0.999690693145358
"9","brick_xbtm",0.02,0.999939874925206,1.84675703064974e-06,0.99993666012961,0.999940204789471,0.999940388444505,0.99994081281538,0.999941308447064
