"","var","importance","mean","sd","min","q25","med","q75","max"
"1","log_depth",11.88,0.926741328924703,0.000540433936488062,0.926015249100576,0.926372474125681,0.926857153115428,0.927152507733527,0.927309260548302
"2","brick_sst",11.02,0.932089929134281,0.0012234485658995,0.930621991181213,0.93116174395798,0.932229702369216,0.932767636525632,0.933668571637366
"3","brick_tbtm",5.88,0.963770742151792,0.000454506432033103,0.96331687047622,0.963399236903197,0.96363678781043,0.964204654449513,0.964296161119602
"4","brick_sss",22.33,0.862329202666886,0.00227749351888283,0.859245800631896,0.860919424702815,0.862664141918149,0.863910629592716,0.864906016488852
"5","brick_sbtm",13.28,0.918141688351251,0.00246496355511821,0.915266054316055,0.915848592409031,0.918823752266633,0.920034077051305,0.920735965713231
"6","brick_mld",11.51,0.929070170013447,0.00254309744645753,0.926522943717776,0.927152099022606,0.928101977570818,0.931746799811316,0.931827029944718
"7","dfs",18.97,0.883044044815906,0.00282800484110582,0.880234448781764,0.881422790723727,0.881699396254462,0.884710753923179,0.887152834396395
"8","vel_mag",2.56,0.984190752819483,0.000251814205215219,0.98383249682061,0.984027385107861,0.984301392893501,0.984365339903784,0.984427149371657
"9","brick_xbtm",2.56,0.98421911447877,0.000403333513301565,0.983893002361607,0.98389411009225,0.984080747336935,0.984381534274609,0.984846178328446
