"","var","importance","mean","sd","min","q25","med","q75","max"
"1","dfs",70.08,0.263366226924091,0.0463000337437151,0.198821648607664,0.235143101589864,0.2750550812159,0.294192107356749,0.313619195850276
"2","sst",19.66,0.793368184583249,0.0251270436710491,0.769408453488748,0.784040749606321,0.786334994527294,0.791144526785599,0.835912198508282
"3","v",7.47,0.921504168482164,0.011328328434702,0.904461235485689,0.916845052594542,0.923963359989378,0.928893583322232,0.933357611018977
"4","xbtm",2.53,0.97342127506366,0.00211391103832597,0.970491859829257,0.97217379815754,0.973684508192035,0.975310457864661,0.975445751274807
"5","u",0.26,0.99727386666263,0.00167409119933452,0.994701486683178,0.996654121631416,0.997676631132251,0.998388710033874,0.998948383832433
