"","var","importance","mean","sd","min","q25","med","q75","max"
"1","mld",35.18,0.620278842148648,0.0244579076251198,0.586865433170967,0.609278854070557,0.61974768912076,0.634236044386408,0.651266189994549
"2","gseal",24.12,0.739617326969836,0.0135465242434146,0.720736906841596,0.734403710122016,0.738846944649247,0.747540210224157,0.756558863012163
"3","sbtm",20.26,0.781293102754196,0.0079936255427943,0.772338493885995,0.777121333615228,0.780684247774029,0.782534685896237,0.793786752599492
"4","tbtm",14.21,0.846655330830224,0.010130506693442,0.837620065721404,0.839457950314653,0.845913709359572,0.847004359946178,0.863280568809315
"5","sss",4.67,0.949537632121468,0.00397947913598155,0.946176922968398,0.946549661711369,0.94788385986719,0.951493362567304,0.95558435349308
"6","log_depth",1.49,0.98393857604067,0.00148270598277882,0.981808748458828,0.983328598527169,0.984169558138518,0.984607760709794,0.985778214369039
"7","hseal",0.07,0.999236887841737,0.000107812607407743,0.99908156470981,0.999209267949243,0.999214403726009,0.99933914915262,0.999340053671001
