"","var","importance","mean","sd","min","q25","med","q75","max"
"1","log_depth",47.13,0.339709362836823,0.0151383588147553,0.321925417632228,0.331465741238869,0.337265780089357,0.346161000583135,0.361728874640527
"2","tbtm",21.89,0.693416284655844,0.00606795772227318,0.687117141969104,0.688429920788427,0.693218796710921,0.696262195811896,0.702053367998874
"3","mld",16.81,0.764493089541626,0.0100737871234713,0.754855228233756,0.760550336104667,0.761850586294009,0.763690797779911,0.781518499295788
"4","gseal",8.2,0.885159762185831,0.0037215717434332,0.880379928315156,0.882156079418318,0.886909044812188,0.88711257585028,0.889241182533215
"5","hseal",5.97,0.916350410341297,0.00148040234761412,0.915000315605279,0.915117730445142,0.915758656630516,0.917805157784894,0.918070191240656
