"","var","importance","mean","sd","min","q25","med","q75","max"
"1","log_depth",42.57,0.675094895648367,0.0107783899922511,0.658229616136306,0.675042526965139,0.675225641882678,0.679053415146874,0.687923278110839
"2","tbtm",23.58,0.820046660579825,0.00269539103550932,0.817059735984464,0.819145023394259,0.819498950754762,0.82012171166087,0.824407881104771
"3","gseal",18.81,0.856463449852596,0.00569728628467781,0.851378419317985,0.85170450260116,0.856187648212336,0.857647121357554,0.865399557773946
"4","hseal",6.54,0.950062169629163,0.00232521890681568,0.947065138039955,0.949062974310635,0.949401449534034,0.951962943768132,0.952818342493062
"5","sss",3.58,0.972665942606381,0.000609157854914813,0.971884110656669,0.972495709051952,0.972604668123965,0.972768342280566,0.973576882918754
"6","sbtm",2.88,0.97805740580233,0.000576487682261201,0.977467067415762,0.977574945193376,0.977997177591487,0.978397444485508,0.978850394325519
"7","mld",2.04,0.984451683774257,0.00115895423535872,0.98271446945721,0.983940865243656,0.984842175757325,0.985051716086283,0.985709192326812
