"","var","importance","mean","sd","min","q25","med","q75","max"
"1","log_depth",2.57,0.969805644364734,0.0018679774996513,0.966871376133817,0.969183061068708,0.970420407850309,0.970920356671582,0.971633020099256
"2","brick_tbtm",5.29,0.93776943071669,0.00445684887863931,0.932736651169866,0.933290536446549,0.939346332536902,0.941515772390012,0.94195786104012
"3","brick_mld",4.84,0.943026305111166,0.00343909006907456,0.938975668491008,0.940958938161927,0.94233246116377,0.945218629643685,0.94764582809544
"4","brick_sss",9.17,0.892012393555444,0.00948982481861861,0.883358737089198,0.884480792584781,0.887708901371555,0.901939088144119,0.902574448587566
"5","brick_sbtm",10.95,0.871131997330384,0.0385308091537777,0.829097681287358,0.836068333231862,0.872785180683582,0.902018568980728,0.91569022246839
"6","gseal",8.08,0.904881324225372,0.00951106266712115,0.895972736675104,0.896402151519055,0.904700198877413,0.90836405630266,0.918967477752628
"7","hseal",59.11,0.30421766067338,0.0244313764778939,0.276310791956033,0.284721023852,0.310312613100209,0.31186598220323,0.337877892255428
