"","var","importance","mean","sd","min","q25","med","q75","max"
"1","dfs",63.81,0.288602394572273,0.0494567498566897,0.227469241050678,0.249916213011676,0.305081603253604,0.310202023431413,0.350342892113991
"2","sst",34.03,0.620578886995663,0.0453077797279119,0.586358733110338,0.593813431951866,0.5943279505605,0.633951895481695,0.694442423873913
"3","xbtm",1.49,0.983429371783509,0.000872835942923599,0.98251629027643,0.982926908327191,0.983286725481609,0.983605617935577,0.984811316896735
"4","u",0.39,0.995631118329638,0.00146237623018961,0.993506824359283,0.995027368490871,0.995695686653711,0.99671203909108,0.997213673053243
"5","v",0.28,0.996860757738858,0.000741047555208914,0.99583188736694,0.99661145127197,0.996884205796544,0.997108546055894,0.997867698202944
