"","var","importance","mean","sd","min","q25","med","q75","max"
"1","log_depth",1.37,0.984213176788555,0.00191922469244575,0.982061285562699,0.98330561062103,0.983810110783515,0.984694961569753,0.987193915405779
"2","brick_sst",3.35,0.961328100888534,0.0088477650847702,0.948329578105832,0.956678565643168,0.963692198661571,0.968684304327368,0.969255857704734
"3","brick_tbtm",3.58,0.958653228201158,0.00633304177515059,0.948871721900758,0.95744679363013,0.958511410272132,0.96339943647659,0.965036778726179
"4","brick_sss",2.57,0.970262880096626,0.00479908952552758,0.96429584601831,0.968340805584335,0.969549713091645,0.971796618837061,0.977331416951776
"5","brick_sbtm",3.61,0.958324908607769,0.00779493259950494,0.946947509659066,0.953782601376362,0.96135704479345,0.964165553873366,0.9653718333366
"6","brick_mld",2.45,0.971715254165245,0.00563588808795995,0.963925266710612,0.968090498856038,0.973016691256732,0.976326391428874,0.977217422573967
"7","dfs",78.56,0.0925761098117541,0.0727157378694426,0.0174997497002614,0.0440958588996444,0.0950380245852702,0.0991535783501431,0.207093337523451
"8","vel_mag",4.35,0.94976603559004,0.0112091497083953,0.935445017755002,0.945102275328802,0.946142239368963,0.959195193186311,0.96294545231112
"9","brick_xbtm",0.17,0.998090673485767,0.000387401529572204,0.997695934208387,0.997895412161209,0.997956427330017,0.998201714223694,0.998703879505529
