"","var","importance","mean","sd","min","q25","med","q75","max"
"1","log_depth",12.3,0.892880941498525,0.00700441145628591,0.882910757075466,0.892038639513103,0.893230771451642,0.893569302728544,0.902655236723872
"2","brick_tbtm",19.25,0.832374032997644,0.00657362840429076,0.823943993275242,0.82848816409513,0.832343390398534,0.836259819570406,0.840834797648907
"3","brick_mld",11.18,0.902622557689814,0.00563773861535801,0.895784026740032,0.90149751913309,0.90214139621544,0.902196433509352,0.911493412851159
"4","brick_sss",22.29,0.805905352072159,0.0180764482871125,0.787758543900897,0.794736885131007,0.796305201189262,0.824017230214801,0.826708899924825
"5","brick_sbtm",7.56,0.934181551498242,0.00518510266313566,0.92848205178169,0.928647329264862,0.936793937589214,0.93802266182911,0.938961777026333
"6","gseal",17.1,0.851128776411949,0.00501824372572149,0.844049149222923,0.848835126515133,0.851224149670748,0.854695281681624,0.856840174969317
"7","hseal",10.31,0.910192032896241,0.00430717953666207,0.903783131386063,0.909779240768031,0.910588320019764,0.910938686842433,0.915870785464918
