"","var","importance","mean","sd","min","q25","med","q75","max"
"1","brick_sst",2.27,0.978113344679902,0.00216738762717281,0.974902649120231,0.977451272868195,0.977991001727225,0.979956060576566,0.98026573910729
"2","dfs",97.19,0.0627285330162752,0.0531107216843517,-0.0168129691936917,0.0489869353963249,0.0654666631070348,0.0898265877237072,0.126175448048001
"3","vel_mag",0.54,0.994782299600854,0.000292138661756882,0.994460043901216,0.994519456249028,0.994787142527093,0.995066403219051,0.995078452107878
"4","brick_xbtm",0,1,0,1,1,1,1,1
