"","var","importance","mean","sd","min","q25","med","q75","max"
"1","brick_sst",32.47,0.61694089760234,0.0262371862672628,0.578214813767114,0.607860348037277,0.616426448890468,0.6397476148971,0.64245526241974
"2","dfs",67.22,0.207127964546262,0.0387764892966947,0.173043206829659,0.184042939400235,0.201961512274599,0.20401649591637,0.272575668310445
"3","vel_mag",0.26,0.996985129450575,0.000299445961464666,0.996716857910662,0.99685059911796,0.996888472738539,0.996975502282555,0.997494215203159
"4","brick_xbtm",0.05,0.999360146066503,4.24943694981223e-05,0.999308996266417,0.99932348104239,0.999370490616509,0.999390088356861,0.999407674050338
