"","var","importance","mean","sd","min","q25","med","q75","max"
"1","brick_sst",19.12,0.79948177126983,0.0401675649166627,0.754452023007452,0.762537994488912,0.812115574181309,0.818378225835229,0.849925038836251
"2","dfs",75.18,0.211680641046712,0.0229684069648443,0.186517474332495,0.193910296739086,0.20880930945825,0.227374233398992,0.241791891304736
"3","vel_mag",2.84,0.970187492915788,0.00101068882836825,0.968531987396016,0.970080881596606,0.970414321264471,0.970727215400407,0.97118305892144
"4","brick_xbtm",2.85,0.970117432200988,0.0014039293289524,0.968747218619804,0.969187937291091,0.969523866474736,0.97101416655577,0.97211397206354
