"","var","importance","mean","sd","min","q25","med","q75","max"
"1","log_depth",5.94,0.945480751008436,0.00208893620780588,0.943326799278224,0.944225049346115,0.945343249601012,0.945684573176566,0.948824083640261
"2","brick_tbtm",9.35,0.914235855524203,0.00855487550091131,0.903396908456572,0.910005663649611,0.912222575638379,0.920852425997211,0.924701703879241
"3","brick_mld",27.35,0.74919394916276,0.015147711466612,0.727638101714492,0.74556404150639,0.748488087961516,0.754918409643863,0.769361104987541
"4","brick_sss",15.91,0.854068722073792,0.00834264167755183,0.841833538687602,0.849750659708239,0.856523348388558,0.859594453734865,0.862641609849697
"5","brick_sbtm",8.51,0.92193702659652,0.00584450108102632,0.912337114783066,0.922016250526175,0.923505439258464,0.923634027374441,0.928192301040454
"6","gseal",27.94,0.743762005259137,0.0127926183891745,0.731437312518572,0.732576794856968,0.741293965422192,0.752623061006765,0.760878892491188
"7","hseal",5,0.954134132052927,0.00248622066665129,0.950810693658592,0.952543158148837,0.954337785176529,0.956413250600635,0.956565772680043
