"","var","importance","mean","sd","min","q25","med","q75","max"
"1","log_depth",6.76,0.968644372687103,0.0011655477466888,0.967287935731305,0.967806726983989,0.968506672531366,0.96953199463867,0.970088533550183
"2","brick_tbtm",13.35,0.938025639311722,0.00532878567124782,0.93023791031205,0.935825056615145,0.938640052022135,0.9413378077918,0.94408736981748
"3","brick_mld",35.8,0.833835775564095,0.021283293437099,0.814587524374549,0.817820710026927,0.823147917894957,0.854077198870784,0.859545526653257
"4","brick_sss",20.4,0.905336158636797,0.00540645396839468,0.898116769029066,0.902758804444855,0.904430705788141,0.910502479121803,0.910872034800118
"5","brick_sbtm",2.76,0.987171075416709,0.000692708435021263,0.986360034883618,0.986644476265255,0.987147998441426,0.987681170670454,0.988021696822793
"6","gseal",15.61,0.927536829114038,0.00607360008959184,0.917449729725452,0.927409468800828,0.928730034511972,0.93069220283221,0.933402709699728
"7","hseal",5.31,0.97536615462368,0.000782493658712855,0.974493641210231,0.974961748582653,0.975120733358976,0.975736576233281,0.976518073733256
