"","var","importance","mean","sd","min","q25","med","q75","max"
"1","log_depth",0.07,0.999452292635672,5.42597218228087e-05,0.999408303810748,0.999408335094566,0.999426673727893,0.999489021303299,0.999529129241853
"2","brick_tbtm",4.73,0.961058974386391,0.00390929348274336,0.956458161607411,0.959447690837097,0.960318921241147,0.96201982354434,0.967050274701958
"3","brick_mld",52.48,0.567751824690107,0.0356717075039047,0.511133720487191,0.554598067742517,0.584210320278889,0.591309131017313,0.597507883924626
"4","brick_sss",12.24,0.899179323364339,0.00736383296484706,0.891483918148647,0.891915206158282,0.900353575303163,0.904007766904421,0.908136150307182
"5","brick_sbtm",4.99,0.958929367906139,0.00230348924438306,0.955868370061616,0.957981314624892,0.959246043881798,0.959354528182099,0.962196582780291
"6","gseal",19.89,0.836165971906677,0.0103639434911584,0.823926271486149,0.830426796436671,0.834252999018772,0.841347727527371,0.850876065064419
"7","hseal",5.61,0.953763845706996,0.00905803463622403,0.942353257260546,0.948506582193578,0.952148786976148,0.962352674969953,0.963457927134757
