"","var","importance","mean","sd","min","q25","med","q75","max"
"1","log_depth",41.15,0.415175216381171,0.0186002092719714,0.386126895446198,0.407266008144174,0.425557249249054,0.425582382353073,0.431343546713355
"2","hseal",30.24,0.570242450696,0.01472257799484,0.555269586049907,0.56014569572999,0.565249234605805,0.57961406190082,0.590933675193477
"3","tbtm",21.43,0.695408162354726,0.0191191888363746,0.662301969829759,0.69822766771594,0.700849633308045,0.70467229435158,0.710989246568308
"4","mld",4.97,0.929330138725085,0.00454302230088875,0.92463926501419,0.924661560606974,0.930250477049348,0.932477327144053,0.934622063810858
"5","gseal",2.21,0.968540213622629,0.0016974440300868,0.966640539371501,0.967115698591491,0.968663244347427,0.969529067884502,0.970752517918222
