"","var","importance","mean","sd","min","q25","med","q75","max"
"1","log_depth",14.15,0.922482159459993,0.00576274093734673,0.916532192148222,0.9191588694247,0.921850175008321,0.923137452533769,0.931732108184953
"2","brick_tbtm",12.77,0.930036029332961,0.00442991536398411,0.924051104988832,0.926562336413393,0.932512076812607,0.933301718227887,0.933752910222086
"3","brick_mld",10.71,0.941357193995627,0.00821147376942803,0.928946368200848,0.938467488837828,0.942364995956308,0.947058308124551,0.949948808858601
"4","brick_sss",9.95,0.945490619503304,0.0069620494184293,0.937180198595963,0.94135182171821,0.9464272570196,0.946744647707308,0.955749172475442
"5","brick_sbtm",8.1,0.955646913033258,0.00348751140436168,0.952043198896375,0.952998358420274,0.954711502458452,0.958255109229819,0.960226396161371
"6","gseal",36.14,0.80206300508671,0.0104402710041032,0.789535375067324,0.793665114655139,0.804392569567868,0.807475156450024,0.815246809693192
"7","hseal",8.17,0.955244712324527,0.00272202872793244,0.950568263871353,0.955174459596028,0.956467772387014,0.956833679309012,0.957179386459225
