"","var","importance","mean","sd","min","q25","med","q75","max"
"1","brick_sst",39.18,0.708656857971509,0.0311674761760259,0.683404920128698,0.687669560529828,0.693354912204912,0.720992275061683,0.757862621932425
"2","dfs",49.4,0.632613459781641,0.028103377794884,0.59008956239748,0.628516022628036,0.635056007871597,0.641431080200282,0.667974625810811
"3","vel_mag",5.99,0.955442894317891,0.0025746060454505,0.951039006218856,0.955996603588348,0.956094999562048,0.956243657273336,0.957840204946867
"4","brick_xbtm",5.43,0.959598431482279,0.00161502470635229,0.957569215821215,0.958325655773151,0.95991099598585,0.960838672972806,0.961347616858374
