"","var","importance","mean","sd","min","q25","med","q75","max"
"1","hseal",38.17,0.576833015642023,0.00841123401751875,0.565493475548987,0.574936813387103,0.576957605074765,0.577694384939414,0.589082799259846
"2","log_depth",28.62,0.68267174458977,0.00686558693717238,0.675151190504034,0.6769827472134,0.682347494964437,0.687446825951693,0.691430464315287
"3","tbtm",15.25,0.830901737123024,0.00276688906288733,0.82742996660238,0.829553459220689,0.830062106560309,0.833607693802367,0.833855459429375
"4","mld",14.7,0.837021596487403,0.00465255625607192,0.829672644352394,0.83645338183874,0.836910074089991,0.840955968377359,0.841115913778532
"5","gseal",3.25,0.963969213366187,0.000775670551045398,0.963278383747043,0.963459742782844,0.963697576100181,0.964198839026423,0.965211525174445
