"","var","importance","mean","sd","min","q25","med","q75","max"
"1","log_depth",6.89,0.961931294088296,0.00457099169686053,0.958251919988966,0.95956423133499,0.960921935973137,0.961070333211995,0.969848049932391
"2","brick_sst",8.13,0.955064630482865,0.0109314532213818,0.941340936329604,0.948115180674243,0.954408627280535,0.963135418733408,0.968322989396533
"3","brick_tbtm",11.5,0.936460173344539,0.00977341571807443,0.922115028283134,0.935133031781792,0.93770486900014,0.937804251212956,0.949543686444676
"4","brick_sss",15.1,0.916543512617934,0.0154900859282759,0.898708976317035,0.9103192308855,0.915976767489146,0.916620520836803,0.941092067561187
"5","brick_sbtm",6.8,0.962439555994571,0.00560023949750168,0.955620252449776,0.959170427492462,0.961197377861417,0.966980971037167,0.969228751132034
"6","brick_mld",17.69,0.902230361577669,0.00900291734859598,0.889953029347718,0.896620630804078,0.903957999989525,0.908253391951514,0.912366755795508
"7","dfs",17.34,0.904146099859468,0.0186985491428232,0.882406535745694,0.894955992251944,0.89726587454331,0.916752454205725,0.929349642550666
"8","vel_mag",16.26,0.910147376528409,0.022652064619881,0.88160018849927,0.898078698685155,0.905019021027481,0.929912859441414,0.936126114988726
"9","brick_xbtm",0.29,0.998390991265897,0.00023965710873451,0.998174427237893,0.998286338736393,0.99832686801174,0.998367403441276,0.998799918902181
