"","var","importance","mean","sd","min","q25","med","q75","max"
"1","log_depth",6.18,0.947515089476373,0.00357583571725468,0.944246969267539,0.944801515568461,0.946830688160418,0.948566088558945,0.953130185826503
"2","brick_sst",47.37,0.597941476573491,0.0118785482456332,0.583072265180343,0.589830822250734,0.598195770335589,0.606203214576988,0.612405310523799
"3","brick_tbtm",1.97,0.983264600632986,0.000566719090881485,0.982569723954804,0.983072816012538,0.983140706897646,0.983424127678275,0.984115628621669
"4","brick_sss",0,1,0,1,1,1,1,1
"5","brick_sbtm",4.13,0.964904346825554,0.0028255881762359,0.961895098395496,0.963213205766169,0.963648353666161,0.967289455514886,0.968475620785057
"6","brick_mld",7.45,0.93675681998176,0.00257117957018283,0.932376813618109,0.936911755937283,0.937308912343804,0.938289000943108,0.938897617066497
"7","dfs",22.79,0.806581347005529,0.0056183347516119,0.800087619470251,0.802645612597505,0.805753142244557,0.810701739779885,0.813718620935447
"8","vel_mag",10.11,0.914213427945732,0.00872464925349869,0.903803256311672,0.907339053142199,0.916758015852043,0.917476023638383,0.925690790784364
"9","brick_xbtm",0,1,0,1,1,1,1,1
