"","var","importance","mean","sd","min","q25","med","q75","max"
"1","log_depth",5.26,0.961914885157815,0.00278290522091764,0.959024849537093,0.960210570748901,0.960564856299179,0.964547328904285,0.965226820299615
"2","brick_sst",16.18,0.882860355902012,0.00905243474988227,0.873574400424534,0.874935644493105,0.881347669821114,0.891451939140889,0.892992125630418
"3","brick_tbtm",7.41,0.946342936081113,0.00736964756328354,0.936625226058898,0.942004919748639,0.946208687974546,0.952153626443467,0.954722220180014
"4","brick_sss",31,0.775626632117961,0.016211638688346,0.755048450743031,0.772248072587357,0.773093552491223,0.777489079681912,0.80025400508628
"5","brick_sbtm",8.66,0.937299985178068,0.00568692814131358,0.927930583607404,0.937191748943836,0.938716167818953,0.939450805460491,0.943210620059658
"6","brick_mld",11.31,0.918112454652106,0.0050798636161045,0.912082931630036,0.915809535356379,0.916505574288644,0.920893013426274,0.925271218559199
"7","dfs",9.47,0.931451666940926,0.00281746368137505,0.92778679505002,0.930353579755236,0.931105780537744,0.932601536999831,0.935410642361798
"8","vel_mag",5.02,0.963658942359689,0.00245843242014858,0.960492630162135,0.962773619228857,0.962781547239183,0.965649782010115,0.966597133158155
"9","brick_xbtm",5.67,0.958938742319545,0.00338900146262749,0.9541509389715,0.957396543601538,0.959182657974096,0.960966855202882,0.962996715847711
