"","var","importance","mean","sd","min","q25","med","q75","max"
"1","log_depth",2.87,0.964815060757035,0.0018431709062203,0.961595846799143,0.965004683988675,0.965531082655931,0.965951439750709,0.965992250590716
"2","brick_sst",4.19,0.948520237007721,0.00238589027327594,0.944420593242107,0.948976648379492,0.949220633499727,0.949308353260756,0.95067495665652
"3","brick_tbtm",6.1,0.925069934483094,0.00312238088262679,0.921505119892875,0.923207777334225,0.925021659780252,0.925828918658126,0.929786196749992
"4","brick_sss",19.57,0.759743604567243,0.0101338712269007,0.74832555016089,0.751516553070077,0.759781095313198,0.766346291266513,0.77274853302554
"5","brick_sbtm",3.53,0.956613423251369,0.00221782135077892,0.952718849582302,0.956886819100099,0.957618344638294,0.957911280990785,0.957931821945363
"6","brick_mld",6.46,0.92072581365585,0.00450583004034322,0.914042783158346,0.919944821445683,0.920407916299777,0.922949894376153,0.926283652999291
"7","dfs",51.07,0.372890719086309,0.0290354766623822,0.336907684181799,0.353004459998542,0.375205869442212,0.388653925844521,0.410681655964473
"8","vel_mag",3.96,0.951426413653371,0.00807739573036534,0.940283739332438,0.94910672690727,0.950769134762284,0.954528771206644,0.962443696058223
"9","brick_xbtm",2.26,0.97221392874566,0.0033241036848298,0.966972658366493,0.971656099211943,0.972526470443558,0.974161051644351,0.975753364061956
