"","var","importance","mean","sd","min","q25","med","q75","max"
"1","log_depth",1.41,0.956518867815274,0.00137519066091799,0.955570887736504,0.955934046500914,0.956016079891079,0.956122571319712,0.958950753628161
"2","brick_sst",2.05,0.936610161431589,0.00352183558628899,0.933007244621029,0.933582260158604,0.936019524366794,0.939499588599348,0.940942189412171
"3","brick_tbtm",3.33,0.897182272777342,0.00227390801833264,0.89495395982921,0.895474684171576,0.896238083364909,0.899588734815057,0.899655901705957
"4","brick_sss",0.75,0.976920614400318,0.00240555777570611,0.975352673139986,0.975826044203336,0.975930586021419,0.976313817393897,0.981179951242954
"5","brick_sbtm",0.04,0.998714948663857,9.83631975864219e-05,0.998590354084236,0.998669812129764,0.998692595861225,0.998777881746095,0.998844099497967
"6","brick_mld",6.38,0.802995573388926,0.0118827138217863,0.788625868058709,0.796778195362998,0.800743755091862,0.809229808198723,0.819600240232336
"7","dfs",28.38,0.123577125121472,0.0193954379373652,0.106286984297515,0.110892841984956,0.1125747499139,0.137573577867607,0.15055747154338
"8","vel_mag",23.4,0.277470498521717,0.00796520514968651,0.268884176859189,0.273692020051337,0.273810002109222,0.282021077009382,0.288945216579454
"9","brick_xbtm",34.26,-0.0580888137843881,0.0131310289224883,-0.0753133963515447,-0.0624308740140044,-0.0600828952507916,-0.0531138071102732,-0.0395030961953267
