"","var","importance","mean","sd","min","q25","med","q75","max"
"1","log_depth",6.21,0.910600551733055,0.00743187846238488,0.903929406575317,0.905766792522197,0.906976000942671,0.914596365685224,0.921734192939868
"2","brick_sst",3.93,0.943393245025122,0.00414979774866407,0.937339875063768,0.94145943885801,0.944920698739846,0.944994722131673,0.948251490332314
"3","brick_tbtm",4.17,0.940008264893952,0.0026893681823381,0.93678886123258,0.938204184598229,0.940463303003476,0.940764559347519,0.943820416287956
"4","brick_sss",0.68,0.990238479368102,0.000477065635152427,0.98955105175512,0.990110863948399,0.990169782382589,0.990565661590507,0.990795037163898
"5","brick_sbtm",0.06,0.999148445246632,4.46513912005999e-05,0.999088347558302,0.999119015178784,0.999156917309001,0.99918059642003,0.999197349767045
"6","brick_mld",13.43,0.806744627818682,0.0053557671406166,0.801214033829569,0.802358531624043,0.80653814253961,0.809195690692813,0.814416740407375
"7","dfs",65.98,0.0502925212735791,0.010825275413879,0.0376154381760433,0.0448898312112642,0.0502843179883359,0.0517450227464492,0.0669279962458031
"8","vel_mag",5.54,0.920267988720597,0.00115868332381897,0.918845662768626,0.919780379336563,0.919810604640888,0.921230161013277,0.921673135843629
"9","brick_xbtm",0,1,0,1,1,1,1,1
