"","var","importance","mean","sd","min","q25","med","q75","max"
"1","log_depth",10.98,0.866606188017452,0.00117918675441388,0.865208944681577,0.865974682994988,0.866211761329065,0.867573463232441,0.868062087849189
"2","brick_sst",6.66,0.919069851867469,0.00241476520703277,0.915583599989417,0.917799601060733,0.919916547613748,0.920251229022958,0.921798281650489
"3","brick_tbtm",9.39,0.885887009717675,0.00638520735621396,0.877633339266193,0.882994486741559,0.884235934736934,0.891289993659749,0.893281294183939
"4","brick_sss",12.66,0.846171144870588,0.00475086123820924,0.842361884107896,0.842974511301388,0.844455175985182,0.847026809151441,0.854037343807034
"5","brick_sbtm",13.56,0.835301281618136,0.00285404558615272,0.832505744973302,0.833292692257068,0.834163521136652,0.837327412168848,0.839217037554809
"6","brick_mld",9.44,0.88525710382929,0.00124006457787965,0.883274614538827,0.884820847442318,0.885832956452502,0.886159529854775,0.886197570858027
"7","dfs",19.05,0.768602595013864,0.0108383506104622,0.757989570391692,0.763500220912036,0.765963642267651,0.768953568786276,0.786605972711666
"8","vel_mag",8.76,0.893592689547227,0.0023383754176407,0.889896136405503,0.892666042864675,0.894826748276805,0.895083815331194,0.895490704857958
"9","brick_xbtm",9.5,0.884616855854275,0.00241406554947993,0.880548831480021,0.884949901717768,0.885103328810986,0.885486768539873,0.886995448722727
