"","var","importance","mean","sd","min","q25","med","q75","max"
"1","log_depth",9.62,0.566135820201362,0.0125568494225261,0.555897760336311,0.556354591229982,0.564938051459057,0.566652492283976,0.586836205697484
"2","brick_sst",6.49,0.70701624991807,0.0134447659079017,0.68599610729869,0.702367204850288,0.712621735178871,0.713381402141974,0.720714800120528
"3","brick_tbtm",4.17,0.811731615777457,0.00761752396095878,0.801912725871172,0.807976609384396,0.812654911969976,0.813544449997821,0.822569381663921
"4","brick_sss",3.34,0.849503005389125,0.00547463726838588,0.844138984771762,0.84633682538183,0.847817218218612,0.851001004954323,0.858220993619096
"5","brick_sbtm",9.37,0.577227889765896,0.0108729439596,0.56042835477496,0.575326748482708,0.577810255992092,0.582927789114395,0.589646300465323
"6","brick_mld",3.96,0.821127842073235,0.00243514846351186,0.818705826393953,0.819050889697084,0.820981916130122,0.822281724456378,0.82461885368864
"7","dfs",19.34,0.127513579407943,0.0227284717015148,0.103882795688852,0.113963747619383,0.126053414724995,0.129868787584105,0.163799151422383
"8","vel_mag",18.98,0.143457536970188,0.0055818927446205,0.134992374357381,0.141065802815415,0.144814898392853,0.147828015699347,0.148586593585946
"9","brick_xbtm",24.73,-0.115672781794034,0.00862884212495202,-0.129109654542435,-0.11801388304546,-0.114636899774176,-0.109316544113847,-0.107286927494254
