"","var","importance","mean","sd","min","q25","med","q75","max"
"1","gseal",52.18,0.426368747883944,0.0119889254212024,0.408195466644773,0.42020395946933,0.432250096375513,0.434661954542836,0.436532262387268
"2","hseal",11.28,0.875964955781026,0.00519976363336467,0.871670943258094,0.872745282218954,0.873986842521908,0.876813082594287,0.884608628311888
"3","log_depth",10.2,0.887865009467644,0.00216154357734318,0.884724643708501,0.887006658090334,0.888453177811872,0.888588307584598,0.890552260142915
"4","tbtm",8.19,0.909953082795928,0.00321208829061421,0.904807828940086,0.909655425893748,0.909996490473349,0.912399253097592,0.912906415574863
"5","sbtm",6.02,0.933809852404039,0.0034340852161173,0.930734512131128,0.931586421012029,0.931733124638698,0.936704315915209,0.938290888323134
"6","sss",4.81,0.947140408838167,0.00265009711734225,0.943425009702577,0.945304955561099,0.948572392642306,0.948760603723711,0.949639082561142
"7","mld",4.74,0.947844021446352,0.00215730523828001,0.944911170481004,0.946182587133249,0.949037192418129,0.94939219984244,0.949696957356937
"8","fish_biomass",2.56,0.971817296800292,0.00166777353778799,0.970109850800988,0.970680440921946,0.971901565016032,0.971951908651915,0.974442718610579
