"","var","importance","mean","sd","min","q25","med","q75","max"
"1","log_depth",51.77,0.0644194710760519,0.0278151711990734,0.0309531992618492,0.0398849849955552,0.0762371917271717,0.0783811580167533,0.0966408213789303
"2","hseal",28.78,0.479973593493095,0.0324450276150311,0.451581807371153,0.459366844515426,0.460152498713576,0.503918201350881,0.524848615514437
"3","tbtm",15.84,0.713674933396802,0.0125295564507659,0.695369577881033,0.707701751272386,0.717425272625085,0.719912515198401,0.727965550007108
"4","mld",3.53,0.936236707854313,0.00171708018260643,0.934690342723828,0.935163724316879,0.935406296587959,0.937064115272491,0.938859060370408
"5","gseal",0.08,0.998530752850538,0.000210784091654865,0.998244901793865,0.998474154282124,0.998475046278499,0.998657587929341,0.998802073968861
