"","var","importance","mean","sd","min","q25","med","q75","max"
"1","log_depth",9.93,0.904219637956094,0.0163887915548897,0.881288316482444,0.89364462889552,0.909909908808795,0.915174037583085,0.921081298010623
"2","brick_sst",12.6,0.878424528401629,0.0101921960964053,0.862942637912382,0.87503186742173,0.880299980591062,0.884067300630735,0.889780855452236
"3","brick_tbtm",17.16,0.834466287291927,0.00732933192282379,0.826218265710258,0.828417067470609,0.836369004482403,0.836802134026381,0.844524964769985
"4","brick_sss",0.42,0.995944902460153,0.000602570409461697,0.995219243100683,0.995600789053095,0.995860419025621,0.996263111933529,0.996780949187839
"5","brick_sbtm",0.18,0.998285130466357,0.000358063590843871,0.997880286403865,0.998006608512145,0.998235195164637,0.99865004903438,0.998653513216759
"6","brick_mld",1.22,0.988184891914358,0.00276825098300678,0.985050827211291,0.987224717202475,0.987449502181489,0.98863691510004,0.992562497876493
"7","dfs",58.33,0.437382976985261,0.0436186205261394,0.395740416198661,0.401864768209565,0.437050305108085,0.447739886158695,0.504519509251302
"8","vel_mag",0.15,0.998532385641112,0.000202477251616764,0.998303740316553,0.998397219314537,0.998476393522206,0.998709220855932,0.998775354196334
"9","brick_xbtm",0,1,0,1,1,1,1,1
