"","var","importance","mean","sd","min","q25","med","q75","max"
"1","dfs",26.76,0.747718049845665,0.00945618310457019,0.73753831747632,0.739162888560422,0.749952416162197,0.751511085348712,0.760425541680673
"2","sss",24.58,0.768258250128743,0.00441786485799872,0.760537910268681,0.769118754348112,0.769539147529822,0.770536333652869,0.771559104844232
"3","sbtm",19.6,0.815230937114076,0.00375701061778672,0.81009464964869,0.813131313481621,0.815302372146734,0.81879466575143,0.818831684541905
"4","sst",14.96,0.858981593683318,0.00250010439495262,0.854885131709132,0.859126516563875,0.859443603325137,0.859752134669848,0.861700582148598
"5","fish_biomass",11.07,0.895611687824412,0.00342678554899312,0.891392666527389,0.893723105372216,0.895461543915646,0.897008177985906,0.900472945320903
"6","tbtm",2.28,0.978481848743905,0.000181385027090342,0.978230373762002,0.978448965340418,0.978473950284733,0.978517271000577,0.978738683331796
"7","mld",0.66,0.993782871276589,9.93680994956519e-05,0.993657521753058,0.993712050781367,0.993808803768007,0.993825533419872,0.993910446660641
"8","log_depth",0.11,0.999001455907733,1.33424929001017e-05,0.998983877736548,0.9989910104318,0.999007184931321,0.999010089102655,0.999015117336343
