"","var","importance","mean","sd","min","q25","med","q75","max"
"1","sst",23.68,0.577829410570868,0.0101648341140064,0.567564300462196,0.569635091904105,0.57477413976989,0.588575858373689,0.588597662344457
"2","dfs",19.17,0.658216314811799,0.0116439889191171,0.644873135282972,0.647591193968858,0.659976128924581,0.668401073776356,0.670240042106228
"3","mld",13.73,0.755250664174689,0.00526710887442142,0.74933228373607,0.752014426281686,0.754918315687396,0.756803727891135,0.763184567277157
"4","fish_biomass",13.55,0.758459307246031,0.00319176534029566,0.754565620582343,0.756198280989799,0.758315283439934,0.761052508657873,0.762164842560206
"5","tbtm",9.65,0.827997786150029,0.00576833434460658,0.819479008681198,0.825839082073668,0.82928217030226,0.830447073221263,0.834941596471754
"6","sbtm",8.77,0.843575849189357,0.00386389594132964,0.840068636130379,0.840768045737837,0.842845626588008,0.844435430856028,0.849761506634533
"7","sss",8.06,0.856349059614561,0.00225979941995855,0.854043339060143,0.854946294906815,0.856218394543433,0.85657215805402,0.859965111508397
"8","log_depth",3.39,0.939607065319766,0.000699434987839934,0.938841109944332,0.939163773810942,0.939389113022976,0.940088619381306,0.940552710439272
