"","var","importance","mean","sd","min","q25","med","q75","max"
"1","log_depth",39.5,0.727106768769816,0.0192519223169296,0.706382551899627,0.706417173213824,0.736907413044387,0.739089435093659,0.746737270597583
"2","brick_tbtm",2.39,0.983456881662297,0.000944222503695222,0.982225488074719,0.983009354132826,0.98339449584921,0.983921550776297,0.984733519478435
"3","brick_mld",3.78,0.973863594428489,0.00319167293690029,0.970033950614337,0.971678898215044,0.974525828391028,0.974730371118208,0.978348923803827
"4","brick_sss",1.72,0.988110746349279,0.000744526960581885,0.987167290627553,0.987669408423516,0.988127234465371,0.988481856110778,0.989107942119179
"5","brick_sbtm",1.6,0.988961823004244,0.00123288049489487,0.987438529289506,0.987878607084208,0.989386223622929,0.989940447481144,0.990165307543431
"6","gseal",48.45,0.665270807112144,0.0151456456234982,0.646704832467346,0.659551699861892,0.659597377199359,0.674808799315699,0.685691326716425
"7","hseal",2.56,0.982324025143016,0.00180481629885638,0.979322521086578,0.982132197945026,0.982819895563581,0.983449609568882,0.983895901551015
