"","var","importance","mean","sd","min","q25","med","q75","max"
"1","log_depth",24.8,0.840880184610489,0.0216892409000166,0.819681732392667,0.821624485670406,0.839317746874335,0.852497039275785,0.871279918839252
"2","brick_tbtm",7.01,0.955012637604222,0.00322835207947254,0.950452037019762,0.953986429498017,0.954634815598713,0.957018815490373,0.958971090414247
"3","brick_mld",3.08,0.980240131960217,0.00187567474175327,0.978625968888372,0.978828765084,0.979910291125572,0.980550869557267,0.983284765145872
"4","brick_sss",12.86,0.917484955432862,0.0129669918012252,0.898013510368855,0.910302675766029,0.925426738572056,0.925479145610462,0.928202706846908
"5","brick_sbtm",5.74,0.963169698728345,0.00267018218528815,0.960488653819106,0.960915651958383,0.963291734089408,0.964050921217418,0.967101532557411
"6","gseal",37.01,0.762552327273687,0.012786897510964,0.740827188667653,0.764960084422753,0.765000598403244,0.767247726333385,0.774726038541401
"7","hseal",9.5,0.939056352794197,0.00429581315042532,0.934101675752238,0.936708448097825,0.937347288141952,0.943223964428336,0.943900387550631
