"","var","importance","mean","sd","min","q25","med","q75","max"
"1","log_depth",21.88,0.813946110479323,0.0163735331207704,0.793492766456713,0.805102881829048,0.810769412572266,0.825796385541967,0.834569105996622
"2","brick_tbtm",10.49,0.910843788997963,0.0125154528260938,0.889448909613748,0.912066275962509,0.913174631501578,0.918598883672869,0.920930244239113
"3","brick_mld",0.23,0.998060238130037,0.000137386003289725,0.997829394743822,0.998036607567866,0.998139142090784,0.99814534563712,0.998150700610593
"4","brick_sss",1.45,0.987662083682961,0.000841813402430236,0.986752315049921,0.987254933320636,0.987490591131496,0.987812970539914,0.988999608372838
"5","brick_sbtm",0.1,0.999145444012732,5.39484456204736e-05,0.999096076013502,0.999106433203192,0.999116724700567,0.999203015147778,0.999204970998619
"6","gseal",64.92,0.447997347512881,0.037615205748844,0.391131994407171,0.441033932981504,0.447787242646296,0.467231547190586,0.492802020338846
"7","hseal",0.93,0.992052063209705,0.00121632661475031,0.990159195668025,0.991955736618727,0.99207941548616,0.992585538324821,0.993480429950794
