"","var","importance","mean","sd","min","q25","med","q75","max"
"1","sst",36.35,0.402393988971204,0.0208043295081445,0.381185206781119,0.395616892177569,0.396329175458143,0.401826265142236,0.437012405296952
"2","dfs",23.55,0.612888271692289,0.012550718470344,0.593872415666806,0.610473886783875,0.614806010801434,0.616787752394123,0.628501292815209
"3","log_depth",14.89,0.755277421530166,0.0109789303095289,0.740714168330569,0.746580041393194,0.759969379987667,0.76452597898739,0.764597538952008
"4","mld",14.03,0.769283583944095,0.0161768674063987,0.760357066809566,0.762458397195171,0.762472527519654,0.762964272235881,0.798165655960202
"5","tbtm",8.71,0.856895835447498,0.00715279980578248,0.849134356954367,0.853689989852577,0.854320141520417,0.85943701833386,0.867897670576269
"6","sss",2.47,0.959401164355353,0.00232491485836194,0.955957575936092,0.958532152616403,0.959688756084413,0.960771648959308,0.962055688180548
"7","sbtm",0,0.999989422177834,3.86159065498024e-06,0.999983281603384,0.999987905223554,0.999991747343041,0.999991998134661,0.99999217858453
