"","var","importance","mean","sd","min","q25","med","q75","max"
"1","sst",43.88,0.440868276822375,0.0237592187794484,0.420508640405565,0.427547580941705,0.427931359403197,0.44982248848501,0.478531314876399
"2","dfs",30.22,0.614890504182116,0.0110149453431031,0.601763223438538,0.609475755851367,0.611616879863226,0.621615443014321,0.62998121874313
"3","mld",11.78,0.849890290056947,0.00913279409285494,0.837613468930167,0.843959089693021,0.852854212725101,0.85413920109311,0.860885477843335
"4","tbtm",9.13,0.883623392532056,0.00779916376330026,0.875334065870466,0.877235235810151,0.885100152426747,0.885508037537695,0.894939471015219
"5","log_depth",3.95,0.949706968921584,0.00185948207263959,0.946547877175855,0.949581986011031,0.950403243195417,0.950968778195778,0.951032960029837
"6","sss",0.98,0.987495379444656,0.000579804168667517,0.986974272029759,0.987269957962321,0.987342950100051,0.987399411020857,0.988490306110293
"7","sbtm",0.06,0.999182847677096,0.000413241519403247,0.998676886405894,0.998787506244194,0.999482817881647,0.999483362628149,0.999483665225593
