"","var","importance","mean","sd","min","q25","med","q75","max"
"1","dfs",50.62,0.559419813005194,0.00790900710432253,0.549157833443676,0.555375213485583,0.558700380111288,0.564181958937747,0.569683679047679
"2","sst",31.3,0.72752995187076,0.00670057514307046,0.720986425451963,0.725247436097211,0.725530068495822,0.727070804853221,0.738815024455581
"3","u",15.15,0.868166192005179,0.00153177803557553,0.866245546817894,0.867168266617434,0.868175267414555,0.869137214788354,0.870104664387659
"4","v",2.37,0.979409528296357,0.000740291736614532,0.97870339130309,0.979014902185431,0.97910936991829,0.979627090161498,0.980592887913476
"5","xbtm",0.57,0.995025054263317,9.78996306826268e-05,0.994883522001282,0.994971260970754,0.995066917103592,0.995071090739067,0.995132480501892
