"","var","importance","mean","sd","min","q25","med","q75","max"
"1","log_depth",11.16,0.855866310001542,0.0066453522576499,0.849028962263946,0.851870442237093,0.85245184337744,0.862369772983813,0.863610529145417
"2","brick_tbtm",16.04,0.792815933753998,0.00393471895006591,0.789643959864838,0.790052366858408,0.790731575978614,0.794860507913271,0.798791258154861
"3","brick_mld",14.9,0.807563965703787,0.00424475228116101,0.800589727145369,0.80771353111384,0.808073338374639,0.80945505685319,0.811988175031895
"4","brick_sss",26.12,0.66260275463775,0.00415899453160102,0.656295369575142,0.661172916476595,0.662979127061951,0.666029526620408,0.666536833454655
"5","brick_sbtm",12.58,0.837562449740796,0.0048190901459296,0.830421168777688,0.836483279466247,0.837570171609965,0.839796984358555,0.843540644491525
"6","gseal",11.32,0.853844754422066,0.00355163845700614,0.850681396564814,0.850751628672519,0.852526497155842,0.857154562708221,0.858109687008935
"7","hseal",7.89,0.898083966741431,0.000309419343326659,0.897755503932534,0.897800539330926,0.898088558940786,0.898315796967799,0.898459434535112
