"","var","importance","mean","sd","min","q25","med","q75","max"
"1","log_depth",6.23,0.967580849025687,0.00103738974150336,0.966787547030343,0.966898931352099,0.96692794901103,0.968135180993633,0.96915463674133
"2","brick_tbtm",10.44,0.945681385998951,0.001767038989899,0.943936668055406,0.944560941743463,0.944732626861518,0.94749580139752,0.947680891936848
"3","brick_mld",15.5,0.919362891349871,0.00562660609462819,0.911126491485697,0.916366231326469,0.921208592613355,0.922972904099889,0.925140237223946
"4","brick_sss",39.34,0.79531702932246,0.0102410655577879,0.782544025039947,0.792397349955547,0.793242760993779,0.797654183877553,0.810746826745473
"5","brick_sbtm",12.69,0.934000713858258,0.00345425644974556,0.930307136050872,0.930747236667503,0.934167940400436,0.936896200149163,0.937885056023315
"6","gseal",12.06,0.937261235443477,0.000933861463382255,0.935946920532355,0.936966563332141,0.937162705400636,0.937793576678146,0.938436411274106
"7","hseal",3.74,0.980552155125304,0.000490160273421047,0.980032215063943,0.980261120585768,0.980390739570835,0.98080687308144,0.981269827324534
