"","var","importance","mean","sd","min","q25","med","q75","max"
"1","hseal",44.23,0.509625146713101,0.0162328015092273,0.496393309632569,0.497192865239957,0.503653736134145,0.515739531761295,0.535146290797539
"2","log_depth",22.77,0.747569535818404,0.00714534854596784,0.737830313566385,0.745832559220177,0.74733529306303,0.749081233015394,0.757768280227036
"3","mld",13.49,0.850416353675583,0.00616360250389574,0.843374500230128,0.844126604974364,0.853393825856007,0.855179896973552,0.856006940343863
"4","tbtm",8.48,0.905937256189134,0.0030919680760596,0.902685978158412,0.902694706842106,0.906738219218419,0.908389837367928,0.909177539358806
"5","gseal",5.64,0.937508827607341,0.000781668597743348,0.936527639743389,0.937208827381678,0.937476943913625,0.937651457815531,0.93867926918248
"6","sss",4.54,0.949686126161584,0.0017518951068352,0.946631842840117,0.94991342278471,0.950248056953188,0.950731389706785,0.950905918523119
"7","sbtm",0.86,0.990487331500618,0.000604829295167273,0.989779361714982,0.989902739783377,0.990755500887557,0.990890668043053,0.991108387074119
