"","var","importance","mean","sd","min","q25","med","q75","max"
"1","tbtm",21.09,0.435575113186694,0.0436033861295346,0.394020623845548,0.403533784476047,0.427745975825421,0.449127954260285,0.503447227526166
"2","sss",20.12,0.461447472824947,0.0313531603859728,0.423845593760328,0.447497522371829,0.453293421204807,0.475894317865325,0.506706508922448
"3","log_depth",19.25,0.484893128671923,0.0444969556353146,0.41054472634598,0.486871516316886,0.490870553923027,0.509469686763386,0.526709160010334
"4","hseal",13.4,0.641308319629197,0.0429832424581065,0.595398930005912,0.614534420499778,0.622310014006004,0.686141692261911,0.688156541372381
"5","sbtm",12.53,0.664761331635434,0.0217314290625356,0.638207216918326,0.659909438428014,0.660930665672109,0.666179783313835,0.698579553844888
"6","gseal",12.28,0.671384711174046,0.00979269689876448,0.661011434559975,0.664616488451083,0.669187516155887,0.676674918708118,0.685433197995168
"7","mld",1.33,0.964307720044519,0.00364777664021089,0.959438897613246,0.963362775894484,0.964394602895426,0.964699259899831,0.969643063919607
