"","var","importance","mean","sd","min","q25","med","q75","max"
"1","sss",33.86,0.695523908603385,0.0303625872341993,0.670767446569368,0.672793097860012,0.686667178539598,0.702574716293282,0.744817103754663
"2","hseal",22.12,0.801080653510219,0.0197681776386482,0.781826066850619,0.78600901859263,0.792993734405525,0.82184304470094,0.822731403001381
"3","fish_biomass",15.06,0.864607326544439,0.0118055704668258,0.852840191660163,0.859647884353831,0.862313111106585,0.863913171179585,0.884322274422031
"4","mld",14.18,0.872456542173658,0.00752343162478459,0.864881504150962,0.86500248810647,0.872566719188359,0.878875610821321,0.880956388601177
"5","tbtm",9.49,0.914662447168749,0.0121594848099426,0.898502668418152,0.904781900034862,0.921305413762019,0.923919061466137,0.924803192162575
"6","log_depth",3.34,0.969973244832386,0.00169785201248121,0.967585202804155,0.969804306989326,0.970024116174222,0.970073770740061,0.972378827454163
"7","sbtm",1.31,0.988191039308236,0.000273044710809045,0.98787257167714,0.987972576906399,0.988186065077753,0.988428739785784,0.988495243094103
"8","gseal",0.64,0.99424108075921,0.0008432658232354,0.993421461584181,0.993761649104531,0.994111211898814,0.994282864222304,0.995628216986217
