"","var","importance","mean","sd","min","q25","med","q75","max"
"1","brick_sst",16.54,0.818372564451866,0.0326996497877337,0.791288212013701,0.792702643783395,0.811482050503429,0.825191350469434,0.871198565489371
"2","dfs",68.05,0.252905267059445,0.0897120251635384,0.103376127913535,0.238026830698887,0.290792854893832,0.306850338422894,0.325480183368079
"3","brick_u",3.23,0.964573254456451,0.00221652608773834,0.962076295883139,0.963354161015652,0.963686126288195,0.9663507594526,0.96739892964267
"4","brick_v",3.47,0.961921111014544,0.00654886963141584,0.952480879930313,0.958049193094671,0.964256559576737,0.966475982201766,0.968342940269233
"5","brick_xbtm",8.71,0.904342289758234,0.00723598547329379,0.894155125117145,0.900503194914815,0.906172741350454,0.907870996131865,0.91300939127689
