"","var","importance","mean","sd","min","q25","med","q75","max"
"1","brick_sst",15.31,0.835121422829508,0.0113157841288361,0.826401628787793,0.827999873215633,0.831278851965505,0.835557450881709,0.854369309296901
"2","dfs",79.15,0.147731863852966,0.0606404461864845,0.0979921110814177,0.120554725845086,0.122234849508419,0.146014279114886,0.25186335371502
"3","brick_u",1.55,0.983266813735874,0.00286263702419879,0.979402482293267,0.981622790063245,0.983994597225058,0.984394901020196,0.986919298077605
"4","brick_v",0.68,0.992682624081234,0.000645534394869369,0.991651067680368,0.992497829618833,0.992869087155236,0.993155746264212,0.99323938968752
"5","brick_xbtm",3.31,0.964375116553685,0.00391433332072318,0.961913200109023,0.961972167934927,0.963240528278651,0.963490978137458,0.971258708308366
