"","var","importance","mean","sd","min","q25","med","q75","max"
"1","brick_sst",26.36,0.683903566632805,0.0396288545736557,0.626970519056829,0.668576688911496,0.687959801348415,0.70278741882733,0.733223405019956
"2","dfs",62.54,0.249949079059566,0.0500679799069039,0.188193043756168,0.225782276232228,0.239047322724328,0.278075681152881,0.318647071432226
"3","brick_u",5.19,0.937720572657561,0.00703144526811603,0.929414762600672,0.933552340876064,0.937894184676453,0.939644451959279,0.948097123175338
"4","brick_v",4.76,0.942924295067705,0.0105865233996754,0.929646273387441,0.936844044290514,0.942600469689441,0.948225231044823,0.957305456926306
"5","brick_xbtm",1.15,0.98624933903121,0.00482095629260697,0.981205240453946,0.982248373354658,0.985870551767796,0.989094736863638,0.992827792716012
