"","var","importance","mean","sd","min","q25","med","q75","max"
"1","log_depth",50.58,0.0992109991777001,0.0563931465115128,0.0336851072964346,0.0612879454255195,0.0924242824958725,0.133508921176231,0.175148739494442
"2","brick_tbtm",16.06,0.714011687730202,0.0175111244770848,0.694661699146168,0.700783143159565,0.716385635265133,0.718737387914849,0.739490573165293
"3","brick_mld",2.55,0.95453570604061,0.00436025553958878,0.950575392795848,0.951101639264416,0.952713147430549,0.957966737648424,0.960321613063812
"4","brick_sss",8.7,0.845134765679009,0.00574153991776366,0.836862344306924,0.842272669468007,0.84614400139804,0.848981398946415,0.851413414275661
"5","brick_sbtm",0.15,0.997266928060425,8.77201964981302e-05,0.997189910714854,0.997225524691393,0.997238383480365,0.997264518583527,0.997416302831986
"6","gseal",0,0.9999966254724,6.47399647063154e-07,0.999995899065633,0.999996011528108,0.999996760743712,0.999997110743553,0.999997345280991
"7","hseal",21.96,0.60897140175739,0.0208582113561316,0.573353384735487,0.607193754421341,0.620231102301602,0.621782869822113,0.622295897506407
