"","var","importance","mean","sd","min","q25","med","q75","max"
"1","log_depth",4.71,0.956476563857664,0.00307384390067196,0.953034432006178,0.954816074825017,0.95600459895361,0.957336706580307,0.961191006923209
"2","brick_tbtm",10.13,0.906473757332754,0.00778949852772256,0.895287765897295,0.902339698984233,0.908456468237314,0.911191163116896,0.915093690428034
"3","brick_mld",2,0.981491143126714,0.00254688513006471,0.97777740256757,0.979908503774585,0.982815801426703,0.983414261152181,0.983539746712533
"4","brick_sss",20.49,0.810825495670385,0.0201377959339373,0.77510462914091,0.81618587398226,0.818833352267106,0.82068585145454,0.823317771507111
"5","brick_sbtm",32.21,0.702561169342915,0.0168724816452708,0.686620507275409,0.68747962288195,0.701246544553791,0.710587069074062,0.726872102929364
"6","gseal",8.27,0.923642543708898,0.00707143245930188,0.913050709790839,0.922256571743223,0.923946105880874,0.926506735111885,0.932452596017669
"7","hseal",22.18,0.79519949966139,0.0121818260424038,0.780880262513126,0.783787866025539,0.798824557025313,0.805601609250078,0.806903203492897
