"","var","importance","mean","sd","min","q25","med","q75","max"
"1","log_depth",15.95,0.90476370129812,0.00396872661523047,0.89848917676492,0.904036625604611,0.905008510009259,0.907812082278624,0.908472111833186
"2","brick_tbtm",17.35,0.896417671893143,0.00358234867628683,0.893157285618619,0.894500835037165,0.89533977418515,0.896690116365405,0.902400348259375
"3","brick_mld",3.28,0.980419772392675,0.000791598711589323,0.979432060508455,0.980034844446766,0.980281752315866,0.980841430672062,0.981508774020227
"4","brick_sss",14.23,0.91506272982017,0.00591203483445674,0.909957617028737,0.910042320523566,0.915238821946458,0.915620695391253,0.924454194210838
"5","brick_sbtm",25.42,0.848258377793274,0.00478911083483842,0.843430126125005,0.844733366289074,0.848098223320654,0.849373445275559,0.855656727956076
"6","gseal",8.58,0.948746215879577,0.00288886752924673,0.944776329146145,0.946581698063662,0.950525331146881,0.950544676623943,0.951303044417253
"7","hseal",15.19,0.909292393782397,0.00729513465812173,0.899409256139062,0.90464899349852,0.911446530475028,0.912982605437191,0.917974583362185
