"","var","importance","mean","sd","min","q25","med","q75","max"
"1","log_depth",13.04,0.895253173219014,0.00568914881781706,0.889489574636534,0.890632431931542,0.895747695145719,0.896610148453226,0.903786015928048
"2","brick_tbtm",9.48,0.923882323856211,0.00495817404968365,0.916681335479839,0.921338556230117,0.92563650861376,0.926295333630101,0.92945988532724
"3","brick_mld",2.78,0.977628885687694,0.00174392021005675,0.975228469779946,0.977351561522641,0.977559643402888,0.977873577716296,0.980131176016697
"4","brick_sss",16.33,0.868829255579377,0.0123629522121688,0.850082110722704,0.86404045714637,0.870848226982588,0.87874630412628,0.880429178918943
"5","brick_sbtm",27.62,0.778140341520145,0.00530791015625893,0.769242051719078,0.777932656661115,0.779234586437549,0.781844819722091,0.782447593060892
"6","gseal",8.22,0.933991632229426,0.00625499100717113,0.926901452890063,0.929620327600516,0.932785998907813,0.938676066735311,0.941974315013427
"7","hseal",22.54,0.818969228172709,0.00701092034939949,0.811334901037136,0.812275782766981,0.821253520934646,0.822181505627166,0.827800430497616
