"","var","importance","mean","sd","min","q25","med","q75","max"
"1","log_depth",11.37,0.917637213360977,0.00507022714942043,0.910256450371621,0.915544012275632,0.91799389953804,0.921127662921656,0.923264041697935
"2","brick_tbtm",7.06,0.948835832947407,0.00168326774841481,0.946970891160096,0.947323141121662,0.948884872005988,0.950388011674954,0.950612248774337
"3","brick_mld",4.93,0.964297747029647,0.00257502774869289,0.961009910610316,0.96345699229879,0.963650332171597,0.965424387259893,0.96794711280764
"4","brick_sss",15.33,0.888974221254497,0.0119782478383693,0.874404719777778,0.883411272128091,0.884399314258668,0.899821185903139,0.902834614204811
"5","brick_sbtm",35.07,0.745971088488103,0.0146612083566204,0.72794101667463,0.733521461077214,0.750106670808008,0.75634867733293,0.761937616547735
"6","gseal",6.68,0.95160398178274,0.00472995297827475,0.947437532174277,0.947555731201,0.949849150293203,0.955370763410689,0.957806731834533
"7","hseal",19.56,0.858358057300262,0.00772415638990009,0.848385698349372,0.852161042883104,0.861201080530779,0.863621080247408,0.866421384490649
