"","var","importance","mean","sd","min","q25","med","q75","max"
"1","log_depth",18.84,0.898343261480581,0.00636013603039194,0.889466744221454,0.895709208752237,0.89870994874226,0.9012839476086,0.906546458078352
"2","brick_tbtm",9.81,0.947087903866164,0.00127928485150366,0.945811081981411,0.94632259106891,0.946399684627965,0.948198877032521,0.948707284620011
"3","brick_mld",8.77,0.952680872622317,0.00252074373100342,0.949131228928903,0.952014039391355,0.95206605958262,0.954694471282885,0.95549856392582
"4","brick_sss",13.91,0.924969996562371,0.00271868939510891,0.921432541439269,0.923995203569679,0.925190563763266,0.92526605790409,0.928965616135551
"5","brick_sbtm",21.31,0.884995903192031,0.00697830624890711,0.879219254370687,0.87949519839817,0.881147548727234,0.891569754443274,0.893547760020791
"6","gseal",11.57,0.937557752858941,0.00440147159647544,0.932509183717813,0.934050320844438,0.938210645428576,0.93950358436692,0.943515029936959
"7","hseal",15.79,0.914798726018389,0.00420765072289334,0.909624830018857,0.911121459153499,0.916268092679981,0.917740854783626,0.919238393455984
