"","var","importance","mean","sd","min","q25","med","q75","max"
"1","log_depth",17.71,0.622076838060026,0.0262059330226743,0.581204933211447,0.610544504654573,0.635237832691069,0.641332046222238,0.642064873520802
"2","brick_tbtm",7.08,0.848829047290568,0.00697209701813311,0.839575236544116,0.844541486955723,0.849709978190555,0.852979250371866,0.857339284390578
"3","brick_mld",8.6,0.816528040471419,0.00416007240397659,0.811760325310398,0.813142272971467,0.81685495448947,0.818975749979269,0.821906899606489
"4","brick_sss",17.05,0.636167701929612,0.0184251736517178,0.615737060474139,0.620944669049899,0.634503953694313,0.652620377834079,0.657032448595628
"5","brick_sbtm",26.49,0.434528823467764,0.0409420650634394,0.371556452008968,0.432155999214668,0.439985449177436,0.443133406831268,0.48581281010648
"6","gseal",8.53,0.818027688979567,0.0161055235841404,0.794643213912042,0.812052094705287,0.817421377574971,0.831330022796696,0.834691735908841
"7","hseal",14.55,0.689366516563159,0.00665197538481174,0.682622304907665,0.6854773233793,0.686260644680884,0.693750738556512,0.698721571291432
