"","var","importance","mean","sd","min","q25","med","q75","max"
"1","log_depth",16.82,0.919927147133973,0.00508883278196683,0.915553652245405,0.91658626553911,0.917416134057175,0.922327698254635,0.927751985573538
"2","brick_tbtm",15.6,0.925723925910837,0.00171632850731735,0.923835325559815,0.924722361332628,0.925621638960824,0.926052816306368,0.928387487394547
"3","brick_mld",8.08,0.961527637580157,0.00345335751857241,0.956294005980363,0.960572229316563,0.962299658873264,0.962798971517717,0.965673322212882
"4","brick_sss",13.74,0.93461783538258,0.00453797458324989,0.927351377325815,0.932951377494809,0.937293298157195,0.937575685484057,0.937917438451025
"5","brick_sbtm",21.2,0.899093315760804,0.00388740953034997,0.895941276429837,0.896017144129455,0.896893094226089,0.902720413794292,0.903894650224345
"6","gseal",10.14,0.951724228048081,0.0039375143970106,0.948790655327598,0.949621524520714,0.949788965118752,0.951974070750818,0.958445924522525
"7","hseal",14.41,0.931396465130357,0.00233510477771975,0.928409174630936,0.929809443351485,0.932033254730987,0.932313853266386,0.934416599671992
