"","var","importance","mean","sd","min","q25","med","q75","max"
"1","log_depth",23.32,0.570085560060562,0.0222493795819605,0.536078751207353,0.561685498385426,0.5770457850316,0.581626714517184,0.593991051161244
"2","brick_tbtm",12.22,0.774721971999661,0.0106172599871837,0.759447251026568,0.772555533256663,0.776186851901999,0.776263110687489,0.789157113125587
"3","brick_mld",7.9,0.854362276531605,0.00769301245623002,0.846368880554058,0.848115886816177,0.852478458406454,0.86204729726717,0.862800859614164
"4","brick_sss",15.65,0.711516112684254,0.00641533411169163,0.703057308764245,0.70690104269235,0.713070652645347,0.716048650806336,0.71850290851299
"5","brick_sbtm",13.43,0.752466359248032,0.0101314746675676,0.736536571579632,0.749855229885641,0.755136560072749,0.757491288245284,0.763312146456855
"6","gseal",9.56,0.823788921085527,0.00965133818425037,0.812784225735035,0.818167510442669,0.82021850118657,0.832623853057609,0.835150515005753
"7","hseal",17.93,0.669349922163749,0.0257409553849179,0.631821638836702,0.663633483129191,0.671058332032385,0.677007279049279,0.703228877771187
