"","var","importance","mean","sd","min","q25","med","q75","max"
"1","log_depth",3.62,0.983493943909381,0.00041911020736082,0.983006121319946,0.983207223226889,0.983445524588096,0.983761453525546,0.984049396886428
"2","brick_sst",38.07,0.82638858894163,0.00540086851093053,0.82156439715143,0.822310480130999,0.823710747263429,0.831048827984184,0.833308492178107
"3","brick_tbtm",0.27,0.998771800903044,0.000113097064882274,0.998586378464905,0.998742860365824,0.998832244297572,0.99883383208909,0.998863689297827
"4","brick_sss",1.01,0.995402636740874,0.000324653264688722,0.994943140133929,0.995343424505084,0.995377445901569,0.995503695186578,0.995845477977208
"5","brick_sbtm",8.46,0.961414931850238,0.0028138617443502,0.958430358919645,0.958648993122954,0.962461208780187,0.962551818486666,0.964982279941736
"6","brick_mld",1.33,0.993923054549511,0.00144126219875913,0.991942996578163,0.99296209099563,0.994505475994209,0.994687532657308,0.995517176522246
"7","dfs",43.74,0.800556899856675,0.0082513757511208,0.791564189205937,0.794273197617811,0.798825664984071,0.807584269694402,0.810537177781153
"8","vel_mag",2.75,0.987461045458392,0.00213797250669145,0.983993689794275,0.987267287092992,0.987649484693487,0.988915990165052,0.989478775546156
"9","brick_xbtm",0.75,0.996566079531921,0.00138998396788093,0.994752636474326,0.996187767213302,0.996559253995414,0.996695937116063,0.998634802860498
