"","var","importance","mean","sd","min","q25","med","q75","max"
"1","log_depth",0.03,0.999732993316281,3.4216980168247e-05,0.999692990621828,0.999701162976316,0.999743304288973,0.999757795210286,0.999769713484002
"2","brick_sst",0.02,0.999845951988799,2.4129686436506e-05,0.999822059572941,0.999829364282416,0.999834935146714,0.999867479804276,0.999875921137648
"3","brick_tbtm",0,1,0,1,1,1,1,1
"4","brick_sss",0,1,0,1,1,1,1,1
"5","brick_sbtm",20.42,0.79418524053531,0.0189745230834292,0.772873506127445,0.784175605573861,0.78668608667551,0.807431353022153,0.819759651277582
"6","brick_mld",0.06,0.999435709449576,5.78417101366544e-05,0.999370594525397,0.999383060266197,0.999442110676512,0.999483361488638,0.999499420291132
"7","dfs",68.44,0.310345729799798,0.0588561719817216,0.240877725424021,0.266739795714256,0.309225516789857,0.350014268453475,0.384871342617382
"8","vel_mag",11.04,0.888712957964334,0.0143434945612372,0.869274386092231,0.878405953598901,0.89323938502478,0.900898477747851,0.901746587357905
"9","brick_xbtm",0,1,0,1,1,1,1,1
