"","var","importance","mean","sd","min","q25","med","q75","max"
"1","log_depth",7.09,0.980523993381822,0.00210637081750135,0.977821586362462,0.979234392711168,0.980426474205179,0.982116267307598,0.983021246322701
"2","brick_sst",13.96,0.961653792140944,0.00139974058486694,0.960077449037115,0.960336888914067,0.961875723379355,0.962969606627894,0.963009292746291
"3","brick_tbtm",8.74,0.975991891814458,0.00164648967124496,0.973579066847692,0.97513192122282,0.976408398082141,0.977298037516858,0.977542035402779
"4","brick_sss",8.99,0.975305590147721,0.00311990763967062,0.971962554247342,0.972829488758432,0.974866067864659,0.977473218853173,0.979396621015
"5","brick_sbtm",14.52,0.960103547156958,0.00387880985056334,0.955107835903567,0.956700461416202,0.962627850981652,0.962952489883408,0.963129097599961
"6","brick_mld",4.64,0.987244125441297,0.00202401981337884,0.985429104924875,0.98558726134326,0.986579391693064,0.988491018160039,0.990133851085249
"7","dfs",17.21,0.952709194701347,0.00364518706441932,0.949859298637601,0.950188379824248,0.950202793001178,0.955821119768668,0.957474382275038
"8","vel_mag",11.25,0.969078321815681,0.00626037268350055,0.962856685351249,0.965396426512572,0.965497834911211,0.975197962699709,0.976442699603663
"9","brick_xbtm",13.61,0.962610898376608,0.007933828336865,0.951628258092384,0.959158466376332,0.961702470742749,0.969687619618873,0.970877677052701
