"","var","importance","mean","sd","min","q25","med","q75","max"
"1","log_depth",32.95,0.674115675662736,0.00844030049131339,0.663868173984327,0.669352200068882,0.671890778732635,0.681361597267846,0.684105628259993
"2","gseal",27.68,0.726198537792173,0.0117693094832851,0.709049906283352,0.719516518367724,0.731108314346679,0.733185517159431,0.738132432803679
"3","mld",16.72,0.834638473782092,0.00716503420545993,0.823366886652418,0.832253591258864,0.836867042172426,0.839268556597102,0.841436292229651
"4","sbtm",10.77,0.893481739098091,0.00246874896250115,0.889253585665161,0.893389190145225,0.894556133175311,0.894918536674819,0.895291249829939
"5","tbtm",5.32,0.9474258613494,0.00171857722092708,0.945338835303525,0.946125842121399,0.947924679396831,0.948048830868204,0.949691119057041
"6","sss",5.21,0.948492128894884,0.00551224149946697,0.943542382165052,0.943681918643312,0.946987811378893,0.952099889835345,0.95614864245182
"7","hseal",1.35,0.986623819137498,0.000797355045194294,0.985708665514846,0.986249014605264,0.986611512066827,0.986676196015812,0.987873707484743
