"","var","importance","mean","sd","min","q25","med","q75","max"
"1","sss",34.1,0.110204314137315,0.0457776603796635,0.0545720523327103,0.0729707649190743,0.115076499040834,0.152481575814773,0.155920678579183
"2","sbtm",17.06,0.554890410794271,0.00512900368005985,0.549050946028458,0.55076778818371,0.555626884335097,0.557154496734327,0.561851938689762
"3","log_depth",15.33,0.599913018141561,0.0253938263799612,0.571208731042833,0.582038739078072,0.599079942650951,0.611142184246145,0.636095493689806
"4","mld",14.36,0.625255018038079,0.00420497828808918,0.618225741089812,0.624893203893892,0.62681659694745,0.627232866747247,0.629106681511994
"5","hseal",12.52,0.673432158775166,0.0107890296598951,0.655974209560525,0.670500713524423,0.67756429441011,0.680332882509195,0.682788693871575
"6","tbtm",6.03,0.842599898686868,0.00670890476181173,0.835508470473653,0.836384559054524,0.843050546166832,0.846993774391166,0.851062143348165
"7","gseal",0.59,0.984616238329685,0.00106655302410311,0.983761638460325,0.983842112371492,0.984067537679888,0.985181088971003,0.986228814165716
