"","var","importance","mean","sd","min","q25","med","q75","max"
"1","sss",32.96,0.107404834952379,0.0337214063666507,0.0570798022278096,0.100704042583945,0.106806442349011,0.123759212345397,0.148674675255732
"2","log_depth",20.3,0.450327251637052,0.0130367250384137,0.432216125241519,0.446244193003417,0.448803485625224,0.457109413780161,0.467263040534942
"3","sbtm",16.83,0.544305936394271,0.0154759787837245,0.527517230908466,0.535976882745947,0.540224324591657,0.549854966520806,0.567956277204478
"4","hseal",11.71,0.682954619249186,0.0128037136693741,0.661020943133395,0.68259887713798,0.687947570262225,0.691518633954434,0.691687071757895
"5","mld",10.88,0.705265043496831,0.0159173601170583,0.684377783594651,0.69792756585772,0.702408203168852,0.716797127529786,0.724814537333145
"6","tbtm",6.42,0.826080903453101,0.0126589017970033,0.8110759053015,0.822754227164129,0.823952225004753,0.826540457039791,0.84608170275533
"7","gseal",0.91,0.975464024589343,0.000827273987802764,0.974637009645269,0.974972139073009,0.974997496636117,0.976349728680783,0.976363748911535
