"","var","importance","mean","sd","min","q25","med","q75","max"
"1","log_depth",42.17,-0.0415926699998284,0.0122031183706113,-0.0608061301431579,-0.0433817155369207,-0.0415583683808625,-0.0324262723883485,-0.0297908635498524
"2","brick_tbtm",6.3,0.844323403308536,0.00742749845268733,0.833478217581094,0.841829721611915,0.844569449145793,0.848517910183209,0.853221718020671
"3","brick_mld",2.98,0.926302011546182,0.00273410119843084,0.922355299248877,0.925277783792608,0.926335020508881,0.928035115113828,0.929506839066713
"4","brick_sss",0.7,0.982778638229198,0.000746478332566205,0.982076100601735,0.982190355669493,0.982492411688843,0.983388527479317,0.9837457957066
"5","brick_sbtm",0,1,0,1,1,1,1,1
"6","gseal",36.6,0.0959414115814798,0.0177419909594692,0.0731342078945432,0.0818878517094439,0.103942263645538,0.104849546604251,0.115893188053623
"7","hseal",11.24,0.722386957950553,0.00459989274782294,0.717749647076639,0.719734317795497,0.722234054493298,0.722341856266816,0.729874914120513
