"","var","importance","mean","sd","min","q25","med","q75","max"
"1","log_depth",10.5,0.927105985975445,0.00338315331202557,0.922561853525431,0.92480138141117,0.928498714116688,0.928609479219096,0.93105850160484
"2","brick_tbtm",12.28,0.914739541916494,0.00321784257655892,0.911321127612434,0.911509990258102,0.915296979569033,0.917313383310944,0.918256228831956
"3","brick_mld",13.84,0.903909839175435,0.0027078556315324,0.900678575999256,0.901755185633628,0.90399762934118,0.906239876362524,0.906877928540585
"4","brick_sss",18.58,0.870992913453283,0.0025939524774352,0.866504366173585,0.87165473316911,0.871754732156028,0.871800076596472,0.873250659171217
"5","brick_sbtm",17.58,0.877936616180727,0.00289099976050085,0.874606358539557,0.876469160572173,0.876985127349392,0.87963744482836,0.881984989614151
"6","gseal",13.04,0.90946698762374,0.0031797590323675,0.905424808363939,0.907489776964783,0.910280493936898,0.910340407776144,0.913799451076933
"7","hseal",14.18,0.901543385964546,0.00178990342614778,0.900351181525651,0.900394529798056,0.900877444040663,0.901448562413498,0.90464521204486
