"","var","importance","mean","sd","min","q25","med","q75","max"
"1","log_depth",0.66,0.99670464169291,5.76118874704888e-05,0.996612929890612,0.996700814172812,0.996717117059024,0.996721220028587,0.996771127313516
"2","brick_tbtm",0.03,0.99983461476142,5.35670793289032e-06,0.9998288190284,0.999830921304963,0.999834024620633,0.999836790825475,0.999842518027628
"3","brick_mld",0.48,0.997587952339067,8.23964915709846e-05,0.997481286116012,0.997549936712132,0.997589710432825,0.997614042610868,0.997704785823498
"4","brick_sss",85.35,0.573448102653533,0.0130100819221386,0.563877757350149,0.565389714940187,0.569040696656453,0.573101778956724,0.595830565364154
"5","brick_sbtm",2.94,0.985317423926014,0.000202103389989774,0.985028930223787,0.985250185893202,0.985312852464931,0.985424420015475,0.985570731032673
"6","gseal",1.58,0.992097824315851,0.000507226626023525,0.99133623489155,0.99196800269894,0.992093922339069,0.992420110629726,0.992670851019968
"7","hseal",8.96,0.955213428519584,0.00131940990273881,0.953828355593142,0.954433126030962,0.954787860688244,0.955838650357875,0.957179149927699
