"","var","importance","mean","sd","min","q25","med","q75","max"
"1","log_depth",4.01,0.935008253703872,0.00191665046571159,0.932429202293682,0.934376211636114,0.9350448068663,0.935454685696527,0.937736362026737
"2","brick_tbtm",5.46,0.911481764899512,0.00300993221958125,0.907107862706197,0.909921101901229,0.912650560525944,0.912877300836829,0.914851998527361
"3","brick_mld",6.45,0.89548584862068,0.00251016928577713,0.892012811422782,0.894116917519719,0.89578849392973,0.897094632347053,0.898416387884117
"4","brick_sss",5.35,0.913269053648701,0.000584981578165923,0.91253294512523,0.912937290938496,0.913309905785522,0.913476100700866,0.91408902569339
"5","brick_sbtm",8.09,0.868811681495997,0.00369025125274906,0.864604102061828,0.86639427273186,0.868337558979203,0.870702811580537,0.874019662126559
"6","gseal",49.72,0.193913684992091,0.0203283714329027,0.15790218359626,0.200477400561593,0.200483756822787,0.203327770039357,0.207377313940457
"7","hseal",20.93,0.660683777500818,0.00899654404216827,0.651707436943251,0.652258630032208,0.660587489343589,0.666342514945233,0.672522816239812
