"","var","importance","mean","sd","min","q25","med","q75","max"
"1","log_depth",13.63,0.875363470422406,0.0039317692962696,0.872173434411405,0.87259064864075,0.873416726572953,0.877208809448572,0.881427733038353
"2","brick_tbtm",10.33,0.905602226566593,0.00292318782384903,0.901525632177724,0.904387489313745,0.905949422300621,0.906706245728432,0.909442343312441
"3","brick_mld",7.79,0.928752431887888,0.00119851674793316,0.927595174642228,0.927783704691041,0.928489131767437,0.929425334027658,0.930468814311075
"4","brick_sss",21.63,0.802303035162699,0.00216077595348236,0.799744983609998,0.800139180067209,0.803817134055234,0.803828187821399,0.803985690259657
"5","brick_sbtm",10.6,0.903110295833443,0.00170080551239524,0.900780386996573,0.902295999412749,0.903038239032351,0.904329813483218,0.905107040242325
"6","gseal",25.3,0.768740232712391,0.00287256040517289,0.764837646506801,0.767461337165461,0.768279613941927,0.771484336869303,0.771638229078462
"7","hseal",10.72,0.901961297763912,0.00146075304905809,0.900134555007797,0.901351269133887,0.901490804867009,0.902979833661431,0.903850026149437
