"","var","importance","mean","sd","min","q25","med","q75","max"
"1","log_depth",6.7,0.943242433090928,0.00146623074791653,0.940854792247833,0.942958996373977,0.943602316277946,0.944303585496866,0.944492475058018
"2","brick_tbtm",6.02,0.948994612722521,0.0012903541819368,0.947567369412904,0.948020300566706,0.948722295504297,0.950220207728802,0.950442890399898
"3","brick_mld",8.91,0.924481865332646,0.00353542457395711,0.920467060101386,0.92229948115674,0.923381908641629,0.927330010175987,0.928930866587489
"4","brick_sss",32.96,0.720571660473513,0.00666032130351003,0.71361301177778,0.714242055465428,0.721221074626007,0.724810100084517,0.728972060413835
"5","brick_sbtm",4.64,0.960636127093684,0.00160457378743925,0.95883423496545,0.960004393245703,0.960176647280778,0.96102047167325,0.963144888303238
"6","gseal",36.11,0.693875278880481,0.0081311541485236,0.681820618321811,0.689423891784966,0.696999291817752,0.700435721596018,0.700696870881858
"7","hseal",4.66,0.960503943065677,0.00169137266398434,0.958713469468575,0.959541161546648,0.959719389522506,0.961805593352234,0.962740101438422
