"","var","importance","mean","sd","min","q25","med","q75","max"
"1","sst",47.06,0.16902625957251,0.0317988162012086,0.118571902081294,0.161748484421282,0.179120669784116,0.182610932264386,0.203079309311472
"2","dfs",19.1,0.662788244485545,0.0147605631520886,0.641678212174417,0.655293083702501,0.664321833704297,0.675653884188833,0.676994208657679
"3","log_depth",16.55,0.707725815578993,0.0252163072184517,0.686003774082345,0.691787123016461,0.697903339400309,0.714237346321577,0.748697495074272
"4","mld",8.87,0.843370955877526,0.0184247054308231,0.818941420122653,0.83740916299497,0.840132708991487,0.851537811185834,0.868833676092686
"5","tbtm",7.32,0.870722366596955,0.0180461346635315,0.850946357002022,0.852420377723512,0.878720648235569,0.880274449437668,0.891250000586002
"6","sss",1.11,0.980457002091836,0.00248305496142349,0.977609361653865,0.97884587254765,0.980618666316496,0.981072786392717,0.984138323548451
"7","sbtm",0,0.99997847998318,3.04862253798632e-06,0.999973970099201,0.999977210154531,0.999978804986139,0.999980859255042,0.999981555420986
