"","var","importance","mean","sd","min","q25","med","q75","max"
"1","sst",42.7,0.216704223344834,0.0534407256252616,0.152535641392634,0.198502856312062,0.203471198052706,0.231116560703071,0.297894860263695
"2","tbtm",17.79,0.673631321662454,0.0314598883017732,0.63992727993571,0.649980343961476,0.66485859872153,0.706405978631482,0.706984407062073
"3","dfs",17.31,0.682541350373448,0.0300356505153143,0.647505819325541,0.653195816996849,0.695229927529571,0.70500707390685,0.711768114108427
"4","log_depth",12.28,0.774656127878021,0.0168244446012909,0.761291552564285,0.761621697410768,0.767001298690142,0.783159218589628,0.800206872135284
"5","mld",9.91,0.818138586650555,0.00949657070213771,0.803828549965453,0.813755674907692,0.821400549391256,0.823976009398838,0.827732149589537
"6","sss",0,1,0,1,1,1,1,1
"7","sbtm",0,1,0,1,1,1,1,1
