"","var","importance","mean","sd","min","q25","med","q75","max"
"1","log_depth",1.15,0.994350280712783,0.000359965721509153,0.993907247396507,0.994009758922531,0.994591515564406,0.994601219680482,0.994641661999986
"2","brick_sst",51.22,0.749322077397511,0.0203243454561465,0.718236604167364,0.740719555374869,0.755169363772055,0.764627115280363,0.767857748392903
"3","brick_tbtm",2.61,0.987203496288333,0.00222055057982803,0.98333642458296,0.987729558443104,0.98787377090245,0.988050645600265,0.989027081912887
"4","brick_sss",13.08,0.93600592298229,0.00657094098503581,0.928853967890489,0.932671744570197,0.932806383524993,0.94103823751365,0.944659281412122
"5","brick_sbtm",1.42,0.993063762596261,0.000387143557264516,0.992634504874229,0.992799646271738,0.992976630558019,0.993324953551599,0.993583077725718
"6","brick_mld",3.03,0.98518613319916,0.000434675838165301,0.984812173114968,0.984826223578458,0.984979091483159,0.985635758230967,0.985677419588249
"7","dfs",26.59,0.86987762969618,0.00563054328761772,0.86332912759094,0.86565448004216,0.869742853614223,0.873514122764223,0.877147564469352
"8","vel_mag",0.43,0.997891945097508,0.000386400814369396,0.997292924968838,0.997861523443508,0.997908712107624,0.998040952504592,0.998355612462979
"9","brick_xbtm",0.46,0.997730220800322,0.000327303767898348,0.997344349135795,0.997489707488135,0.997813703443389,0.99781806013819,0.9981852837961
