"","var","importance","mean","sd","min","q25","med","q75","max"
"1","log_depth",7.05,0.922104561128386,0.00456424138361956,0.91474117411074,0.922445275748979,0.922519218534776,0.92353924107292,0.927277896174517
"2","brick_tbtm",4.67,0.948403037913568,0.00297682165989816,0.943879515642107,0.947388181139087,0.948692418413091,0.950810803683837,0.951244270689717
"3","brick_mld",5.79,0.936047190786785,0.00306026642494327,0.931337294560766,0.935090870159953,0.936602162527363,0.937898241191306,0.939307385494536
"4","brick_sss",37.08,0.590518624063991,0.00876447365437921,0.576013072454844,0.590531358693754,0.59263952620348,0.593891892396184,0.599517270571691
"5","brick_sbtm",0,1,0,1,1,1,1,1
"6","gseal",35.15,0.611807110641359,0.0132475892703227,0.596312350321702,0.599348648895176,0.61676791145594,0.620323526203865,0.626283116330109
"7","hseal",10.26,0.886686244411742,0.00916376396177672,0.873998293903249,0.880591136988571,0.889313901688665,0.894339215849063,0.895188673629163
