"","var","importance","mean","sd","min","q25","med","q75","max"
"1","log_depth",0.33,0.997260723458526,0.000165969137398772,0.997023099177617,0.997172177345151,0.997297055398541,0.997369906635568,0.997441378735753
"2","brick_tbtm",2.33,0.980473825579873,0.00092563614513716,0.979479179754836,0.979622752951195,0.980584114782127,0.981028855776313,0.981654224634894
"3","brick_mld",6.66,0.944101191447575,0.00162849389143575,0.942236727192219,0.942822264641374,0.943938773988592,0.945701539716568,0.945806651699121
"4","brick_sss",77.63,0.348783023425221,0.0236052994374733,0.316061459760928,0.336676148134004,0.349530013675246,0.366384241400181,0.375263254155749
"5","brick_sbtm",0.01,0.999925193912525,1.71343073423116e-06,0.999922607974028,0.999925047344648,0.999925249366484,0.999925681427712,0.999927383449752
"6","gseal",0.54,0.995430275179702,0.000251314523201485,0.995118899949925,0.995317412898827,0.995394445199639,0.995526464435728,0.995794153414389
"7","hseal",12.49,0.895192909061315,0.00370383237866109,0.891409628067505,0.891811716759683,0.895962185856895,0.896379690962846,0.900401323659646
