"","var","importance","mean","sd","min","q25","med","q75","max"
"1","brick_sst",35.01,0.748678345870892,0.0263530454119671,0.703512542440135,0.748767528313504,0.757651290284408,0.765038617674698,0.768421750641713
"2","dfs",48.96,0.648554802869205,0.0386178191213508,0.611134240378583,0.623398314036952,0.634617316050648,0.666678696974956,0.706945446904887
"3","vel_mag",8.27,0.94063667145829,0.00443457933944407,0.933816581306642,0.938807980422298,0.941943262161028,0.944040208046633,0.944575325354851
"4","brick_xbtm",7.77,0.944239369841586,0.00373748383320922,0.939702315032137,0.94151543038159,0.944560394135475,0.946351823824143,0.949066885834583
