"","var","importance","mean","sd","min","q25","med","q75","max"
"1","brick_sst",29.12,0.711259143599958,0.0216567171906238,0.689021469287251,0.699060605098024,0.702683511123032,0.721944155761748,0.743585976729737
"2","dfs",70.78,0.298293952208858,0.0741503939385333,0.223566317304407,0.260041115894683,0.26723949981528,0.327836620566289,0.412786207463633
"3","vel_mag",0.1,0.999004569916581,8.61642192234426e-05,0.998887520786181,0.998987146988245,0.999006579730561,0.99901199682634,0.999129605251577
"4","brick_xbtm",0,1,0,1,1,1,1,1
