"","var","importance","mean","sd","min","q25","med","q75","max"
"1","brick_sst",39.75,0.69571418097018,0.0361246362114843,0.673571258722609,0.673676492137414,0.674011803876871,0.700347448390077,0.756963901723928
"2","dfs",52.34,0.599284910226322,0.0275934944045742,0.573576684835237,0.585858713249556,0.591587734119798,0.599803304720224,0.645598114206798
"3","vel_mag",3.99,0.969416465459186,0.00138454529921501,0.967406161711523,0.968999501022714,0.969717100232439,0.96973781985287,0.971221744476383
"4","brick_xbtm",3.92,0.970001291214926,0.00177870112205495,0.967279126288798,0.969680323615997,0.969854535983806,0.971468407874813,0.971724062311217
