"","var","importance","mean","sd","min","q25","med","q75","max"
"1","sst",44.63,0.262687183505825,0.0336145175172972,0.210711685512045,0.260325581334695,0.261206355022074,0.279355592620228,0.301836703040082
"2","v",30.99,0.48811604103706,0.0104743791594292,0.474653327418655,0.484785219685307,0.48849884440044,0.488847824971508,0.503794988709392
"3","xbtm",11.93,0.802872580631543,0.0120921159112648,0.78506507347122,0.797950628337934,0.804028182931108,0.811480854776846,0.815838163640605
"4","dfs",9.89,0.836637976866805,0.0168960381898029,0.81149848315722,0.833941769507622,0.83413590843228,0.847553023805446,0.856060699431455
"5","u",2.56,0.957700076044183,0.00482647744774477,0.949401993123513,0.958817665759713,0.958864905961175,0.959362281412114,0.962053533964398
