"","var","importance","mean","sd","min","q25","med","q75","max"
"1","brick_sst",3.55,0.966734833137091,0.00438420015518816,0.962752323731699,0.963862970020764,0.965170677588015,0.96821513445206,0.973673059892916
"2","dfs",71.4,0.330455243127266,0.024955552947333,0.303253112933784,0.316937242039247,0.327224930493016,0.335223336166595,0.369637594003688
"3","brick_u",1.22,0.988556126194776,0.0031801566747665,0.98587256214738,0.987298463740905,0.987337733179696,0.988231195280879,0.99404067662502
"4","brick_v",4,0.962509763806585,0.00848349023655197,0.956133303059006,0.959321063689607,0.959763103761738,0.959898783198353,0.977432565324221
"5","brick_xbtm",19.83,0.814043738230329,0.0390890113412072,0.769040422523288,0.776175582776592,0.826640794051371,0.845675588043517,0.852686303756878
