"","var","importance","mean","sd","min","q25","med","q75","max"
"1","brick_sst",16.91,0.879534098911547,0.00512219303269635,0.873632526631508,0.876912438671161,0.878146280935093,0.882019271113083,0.886959977206888
"2","dfs",50.84,0.6379051139208,0.0199024071481969,0.608572418221609,0.627108951777347,0.647227517089975,0.648510786591956,0.658105895923114
"3","brick_u",4.95,0.964745970129589,0.00323267233937034,0.959203965090932,0.965069152923099,0.965518552436704,0.966468587034744,0.967469593162464
"4","brick_v",10.35,0.926294595952243,0.0122182100128321,0.911842284910731,0.915528160243686,0.930326169914532,0.932910025902466,0.940866338789799
"5","brick_xbtm",16.95,0.879242867630702,0.01696772865664,0.850498673369601,0.879104993208288,0.884810978403536,0.887538792013727,0.894260901158357
