"","var","importance","mean","sd","min","q25","med","q75","max"
"1","log_depth",1.79,0.992591110346533,0.000194502406685365,0.992387767570137,0.992404330241163,0.992640114049609,0.992676502035819,0.992846837835937
"2","brick_tbtm",1.25,0.994846561439269,0.00011770225581741,0.994708939151087,0.994763418131399,0.99482592797437,0.994967052328886,0.994967469610605
"3","brick_mld",2.83,0.988305531755656,0.000979809277258427,0.987173898121709,0.987686565445296,0.988015450468357,0.989254971713476,0.989396773029444
"4","brick_sss",72.18,0.701984273998577,0.00830836558148209,0.689892658866859,0.69976535380928,0.700638931873533,0.70925463021393,0.710369795229284
"5","brick_sbtm",9.78,0.959607302382859,0.00183966019855488,0.957759702704347,0.957949296520452,0.959954113999674,0.960122386715148,0.962251011974673
"6","gseal",2.1,0.99130933459198,0.000417970809162072,0.990708520451727,0.991153605350022,0.99139341845177,0.991445067269431,0.991846061436951
"7","hseal",10.06,0.958481923122299,0.00105195987698193,0.957213126860979,0.95807023412143,0.958254927594353,0.958812615327866,0.960058711706864
