"","var","importance","mean","sd","min","q25","med","q75","max"
"1","log_depth",11.21,0.926069889061098,0.00172466099755765,0.923517546526912,0.925086694797754,0.927041130227876,0.927047419567621,0.927656654185327
"2","brick_tbtm",12.8,0.915588689325604,0.00182866940428527,0.913959117486268,0.91397652525071,0.915081157490321,0.916817004051582,0.918109642349137
"3","brick_mld",9.23,0.939138299147308,0.000913405005754662,0.938429595642616,0.938574118964001,0.938619822370069,0.939466806322297,0.940601152437558
"4","brick_sss",19.29,0.872788849810234,0.00379171026449855,0.86861436610071,0.870117727895788,0.871765508337121,0.876037878825008,0.877408767892545
"5","brick_sbtm",18.94,0.875101812469311,0.00273145939430322,0.872473521904879,0.873229493602976,0.874188949180294,0.876404299984764,0.879212797673644
"6","gseal",12.78,0.915743034913173,0.0033855755543512,0.912297803186916,0.913728278107325,0.914714408277964,0.917011173911774,0.920963511081888
"7","hseal",15.76,0.896053276312823,0.00415067034934026,0.892562430565003,0.894267595706705,0.894285452663493,0.895997675175988,0.903153227452928
