"","var","importance","mean","sd","min","q25","med","q75","max"
"1","log_depth",43.43,0.00703978815481827,0.0141016590886281,-0.0119521782293366,0.00423042896044767,0.00567069550463492,0.00977820929679938,0.0274717852415459
"2","brick_tbtm",5.38,0.876912508368367,0.00499739517149178,0.870327558095409,0.873533422346567,0.877481859547454,0.881034600292249,0.882185101560154
"3","brick_mld",2.22,0.949283957231126,0.00159171208274793,0.947271481466281,0.948134584212206,0.949455986006146,0.950415572152282,0.951142162318713
"4","brick_sss",0.38,0.991281231982054,0.000396874940386895,0.990738826404596,0.991089497195839,0.991337167639141,0.991438725931393,0.991801942739301
"5","brick_sbtm",0,1,0,1,1,1,1,1
"6","gseal",38.64,0.116467565446569,0.0315651597509397,0.082309461972754,0.0985607105281549,0.115007940867813,0.12017085912868,0.166288854735441
"7","hseal",9.95,0.772487859511049,0.00583981312894818,0.765158676177066,0.768352447541385,0.774087456132237,0.774739193045282,0.780101524659273
