"","var","importance","mean","sd","min","q25","med","q75","max"
"1","log_depth",37.86,0.170456274177031,0.0256983823468574,0.140919249565125,0.147390410997805,0.173820667134865,0.192465566885758,0.197685476301604
"2","sbtm",23.98,0.47466605998641,0.00677526728444461,0.463536731934695,0.473480916919197,0.476659091947638,0.4790810414783,0.48057251765222
"3","tbtm",19.27,0.5778102227325,0.00676752578943645,0.569133723139073,0.575150351616874,0.577059438220316,0.580164103631909,0.587543497054327
"4","gseal",7.44,0.836875509935504,0.00285770151061294,0.834374001391156,0.835543479178274,0.835547037044732,0.837271801450674,0.841641230612681
"5","mld",5.68,0.875574251326315,0.00462824042145412,0.869668178468827,0.871743518859255,0.877160358952843,0.879206003580552,0.880093196770099
"6","sss",5.55,0.878334059369059,0.00780454782749102,0.868302942810206,0.872393551218973,0.880426090430483,0.883398652631092,0.887149059754542
"7","hseal",0.22,0.995168184166114,0.000439885698464551,0.994624999748931,0.994925603789628,0.995121554913583,0.995395319096954,0.995773443281476
