"","var","importance","mean","sd","min","q25","med","q75","max"
"1","log_depth",1.23,0.985493585989837,0.00222569845302034,0.981886586320135,0.985405728490659,0.985510297316994,0.987205948270308,0.987459369551088
"2","brick_tbtm",14.34,0.831269397457426,0.00542240710394738,0.824458371369363,0.826377069020224,0.834424275128166,0.834913731165491,0.836173540603884
"3","brick_mld",23.92,0.718505001793711,0.014497686852238,0.704077043857009,0.704391568063392,0.721446889172745,0.724338596347877,0.738270911527532
"4","brick_sss",5.85,0.931133643255671,0.00903498214262436,0.920213492931945,0.927673523595138,0.928144980035969,0.935603286614055,0.944032933101249
"5","brick_sbtm",0.1,0.998820959144862,8.59494719858573e-05,0.998721625092212,0.998757264859937,0.998810435092958,0.998892667835247,0.998922802843957
"6","gseal",1.38,0.98373513717892,0.00147758128307278,0.981938073334642,0.982799463977438,0.983629388660787,0.984611987070676,0.985696772851058
"7","hseal",53.18,0.374031524110918,0.102790159962872,0.192133187904232,0.39673914415724,0.419292581628124,0.423183532847302,0.438809174017694
