"","var","importance","mean","sd","min","q25","med","q75","max"
"1","log_depth",10.96,0.948429765566132,0.00496085886970259,0.942993210097452,0.945946563850559,0.946658575284327,0.950762898720451,0.955787579877871
"2","brick_tbtm",9.31,0.95615898089071,0.0101055593807986,0.938611078161965,0.956404415882552,0.961409016846424,0.961793559432319,0.962576834130292
"3","brick_mld",22.66,0.893355309123857,0.016505143638305,0.880810417414534,0.882443273328541,0.888740695182338,0.893285551649163,0.921496608044711
"4","brick_sss",9.38,0.95586174226614,0.00633976404508398,0.947022203360622,0.952048411405925,0.957394518226316,0.960022888348377,0.962820689989461
"5","brick_sbtm",7.45,0.964918228523039,0.00246071962665183,0.961530998517318,0.963749190689273,0.965357759992295,0.965811770396625,0.968141423019685
"6","gseal",29.81,0.859670280821523,0.0155199716289387,0.841055111895098,0.845861044421029,0.863571561251898,0.872473378769075,0.875390307770518
"7","hseal",10.43,0.950881516462273,0.012471498083019,0.934540709393035,0.945912977070712,0.94722074932,0.96174019759466,0.964992948932956
