"","var","importance","mean","sd","min","q25","med","q75","max"
"1","log_depth",14.41,0.911677374639548,0.00618556724733835,0.907545320624256,0.90797018481811,0.908953806815333,0.911526307499885,0.922391253440157
"2","brick_tbtm",9.17,0.94381871111538,0.0140284220818197,0.923587293279601,0.935255157666645,0.949868656179001,0.953038104983878,0.957344343467777
"3","brick_mld",27.9,0.828957305066161,0.0195238682317203,0.798529136749648,0.823325734823188,0.831974031083973,0.843017435945321,0.847940186728677
"4","brick_sss",9.15,0.943932537625753,0.0193615996129395,0.919981380075293,0.927459068473939,0.948961944792092,0.960458118183113,0.962802176604328
"5","brick_sbtm",15.34,0.905966146983048,0.0274837957200031,0.871434812920748,0.885319812737996,0.910007314562522,0.92525148122136,0.937817313472615
"6","gseal",3.06,0.981257867201708,0.0045766073344218,0.974022915676278,0.980856211017566,0.981069685227544,0.984610615612524,0.98572990847463
"7","hseal",20.98,0.871403421097904,0.0220339782931487,0.845970957224492,0.864722031463331,0.865851966284942,0.874261451075409,0.906210699441344
