"","var","importance","mean","sd","min","q25","med","q75","max"
"1","log_depth",11.38,0.90998455303097,0.0191251382107993,0.888214217431525,0.898593407484317,0.905123333036297,0.921483128598253,0.936508678604457
"2","brick_tbtm",39.53,0.68725011081715,0.0311491676821403,0.657663782018316,0.670343208591618,0.677948801067174,0.691943301376313,0.738351461032329
"3","brick_mld",15.78,0.875126999871824,0.00626097482113914,0.865749864269873,0.873425959872402,0.876724927209624,0.876827050951826,0.882907197055394
"4","brick_sss",4.08,0.967731840013763,0.00337449435412652,0.961945456654479,0.968129521582338,0.968913698752546,0.968923419650101,0.970747103429349
"5","brick_sbtm",8.64,0.931613523809968,0.00618522974881881,0.926195675837449,0.928505691891134,0.929301690560835,0.93203497341612,0.942029587344304
"6","gseal",4.96,0.960763260590452,0.00340310992301128,0.956529242756961,0.958050116900864,0.961896047568838,0.962476737075735,0.964864158649865
"7","hseal",15.64,0.876269654095027,0.0158651501208687,0.861315575155658,0.864963942880238,0.873963503467836,0.879551634681222,0.901553614290184
