"","var","importance","mean","sd","min","q25","med","q75","max"
"1","log_depth",50.53,0.607245702760618,0.0096455085975558,0.593581424450234,0.601155673248362,0.61083001932117,0.613787852108971,0.616873544674355
"2","mld",21.28,0.834621791229932,0.00344027573493591,0.830969082920875,0.832882950778149,0.83431745290054,0.834762156730865,0.84017731281923
"3","gseal",17.67,0.862632859709373,0.0036147447778718,0.858199423836136,0.86001169315757,0.862705961900781,0.865297887470993,0.866949332181382
"4","tbtm",6.99,0.945677624276033,0.000808021939575958,0.944318943021394,0.945572608834146,0.946041867898933,0.946133855151903,0.946320846473786
"5","hseal",3.52,0.972620534063146,0.00124939440214358,0.970948059414194,0.972444390678437,0.972528384608742,0.972718001201267,0.97446383441309
