"","var","importance","mean","sd","min","q25","med","q75","max"
"1","log_depth",7.02,0.872593827284025,0.00356850367582259,0.867043890355749,0.871653297038525,0.873753558045524,0.873899576775386,0.87661881420494
"2","brick_tbtm",9.56,0.826416279809376,0.0122696198634548,0.81514456566184,0.815596389682485,0.826145106547674,0.830251503602098,0.844943833552784
"3","brick_mld",11.16,0.797388093762263,0.0180211647940508,0.779457149949795,0.783488708400673,0.79075658956742,0.816025418934581,0.81721260195885
"4","brick_sss",19.99,0.637146569278568,0.0326855153067546,0.593172547203472,0.629398599745898,0.636722881292628,0.641773424224199,0.684665393926646
"5","brick_sbtm",23.77,0.568452219757624,0.0206327184186817,0.540107033518835,0.559108628743214,0.567399719129523,0.582321361724178,0.593324355672371
"6","gseal",4.93,0.910586953448514,0.0102652105074344,0.898697158282262,0.904955028539696,0.907360457257276,0.91758779439799,0.924334328765346
"7","hseal",23.57,0.572079072105376,0.0324961587044294,0.519310044876396,0.568727756617614,0.577601308227279,0.589709341773533,0.60504690903206
