"","var","importance","mean","sd","min","q25","med","q75","max"
"1","log_depth",17.51,0.931629205203015,0.00275938758441837,0.928666162989285,0.929548634663705,0.930902769295171,0.934219232472383,0.934809226594532
"2","brick_tbtm",14.19,0.944583093933572,0.00244978221718621,0.941146524500278,0.94362548849222,0.94437507510513,0.946316146454952,0.947452235115278
"3","brick_mld",7.22,0.971824068140862,0.00366464728137125,0.965607827101774,0.971821311274837,0.972899980775364,0.97380669334408,0.974984528208253
"4","brick_sss",31.83,0.875706221904667,0.0113164834920406,0.863068031704277,0.865707865074108,0.875891026546335,0.886439303723791,0.887424882474821
"5","brick_sbtm",7.06,0.972417598271691,0.00167917296789877,0.970472358994875,0.971338490140068,0.971994225991371,0.97381941184081,0.97446350439133
"6","gseal",6.64,0.974068630768931,0.00470776577902403,0.968764077808338,0.969971799224714,0.974166290827921,0.978251056128056,0.979189929855627
"7","hseal",15.54,0.939331016830329,0.00392099857746996,0.936113023467071,0.936449369311271,0.936997539225206,0.942590057347645,0.944505094800451
