"","var","importance","mean","sd","min","q25","med","q75","max"
"1","brick_sst",48.67,0.389743916133844,0.0768560229167824,0.288043667012261,0.328057369461041,0.432716841757851,0.436116113759632,0.463785588678435
"2","dfs",44.94,0.436546839738636,0.0444033506396339,0.390462971007548,0.410281844995993,0.415536635195392,0.471528707300301,0.494924040193943
"3","vel_mag",6.26,0.921569406718515,0.0192261445083203,0.899630409257693,0.907697184251916,0.923021699425706,0.928442482239185,0.949055258418077
"4","brick_xbtm",0.13,0.998308043759648,0.000183877474950476,0.998051052737703,0.998272175168973,0.998276330775154,0.998385969631363,0.998554690485049
