"","var","importance","mean","sd","min","q25","med","q75","max"
"1","brick_sst",69.99,0.280533934032996,0.0316718233629932,0.229829080244899,0.269659681167962,0.297224346301048,0.29867022458561,0.30728633786546
"2","dfs",27.89,0.71327311986135,0.0225554716725993,0.682520680567408,0.708042033019355,0.714262676210831,0.715792584349966,0.74574762515919
"3","vel_mag",0.94,0.990317629012756,0.00028617974454439,0.990049839020163,0.990061053160402,0.990350857984886,0.990378344997064,0.990748049901267
"4","brick_xbtm",1.18,0.98791981811093,0.00152344875339771,0.985680941378894,0.987629729646403,0.987840317398161,0.988600153431765,0.989847948699429
