"","var","importance","mean","sd","min","q25","med","q75","max"
"1","brick_sst",38.43,0.553298946345937,0.0439710424184573,0.507366339564956,0.514816084501653,0.548886104129556,0.588269382051411,0.607156821482107
"2","dfs",53.36,0.379692295698427,0.099361447271882,0.294613243884072,0.299745896237591,0.375393611606279,0.388502181878865,0.540206544885327
"3","vel_mag",4.43,0.948452466755136,0.0159440975036132,0.930509783023103,0.932825113441378,0.952823843195177,0.961421906394094,0.964681687721929
"4","brick_xbtm",3.77,0.95614899695711,0.00966763397537679,0.93940225227675,0.95659948997256,0.959876201909085,0.962037502011406,0.962829538615749
