"","var","importance","mean","sd","min","q25","med","q75","max"
"1","log_depth",7.83,0.893022478432549,0.0553838738278477,0.810890896055776,0.877376553633363,0.900733476586059,0.913934636182716,0.962176829704831
"2","brick_tbtm",27.17,0.628569445482767,0.074189702594449,0.553396394729509,0.582268527513493,0.610001323051768,0.653473883796118,0.743707098322947
"3","brick_mld",22.09,0.697993895884046,0.0327065200117363,0.641938484145674,0.702927528820724,0.704377019098769,0.714413518972212,0.726312928382851
"4","brick_sss",7.69,0.894821899604227,0.00949909685815839,0.886461769328886,0.889496216592557,0.891715981166993,0.895732819566978,0.910702711365719
"5","brick_sbtm",31.72,0.566474518139138,0.04603566374389,0.511356267973564,0.542228428586007,0.562144300488413,0.582533284518045,0.634110309129662
"6","gseal",2.26,0.969097061850065,0.0104952078703708,0.960082778010596,0.961438499864279,0.963389104898267,0.977316290986404,0.983258635490777
"7","hseal",1.23,0.983147461032644,0.00869409219612536,0.971578589284236,0.98016504782771,0.982743323716243,0.985745637363909,0.99550470697112
