"","var","importance","mean","sd","min","q25","med","q75","max"
"1","log_depth",12.9,0.849210125686038,0.0103522287342659,0.839749673629207,0.84221776762946,0.84355353232658,0.857631253296116,0.862898401548826
"2","brick_tbtm",32.42,0.620996583247203,0.0752761287664495,0.549085673364762,0.559025594831167,0.599005874449506,0.676320127255956,0.721545646334622
"3","brick_mld",31.23,0.634867773216486,0.0403998348379161,0.592761634063877,0.602560178404205,0.62772957600967,0.662690623645175,0.688596853959503
"4","brick_sss",0.77,0.990977680757621,0.00165716781812415,0.989277352444232,0.990528715971013,0.990576313915335,0.990756664087086,0.993749357370438
"5","brick_sbtm",16.03,0.812543877795665,0.0139898050781369,0.792728732047944,0.805817689615344,0.81512565181666,0.819460004745111,0.829587310753265
"6","gseal",5.99,0.929919363300325,0.0164207178827945,0.918799933611465,0.922269568880694,0.923823844305783,0.925766865915452,0.958936603788231
"7","hseal",0.66,0.992317240543081,0.000875938941335134,0.990943405092135,0.991962235715176,0.99269598711197,0.992972307841092,0.993012266955032
