"","var","importance","mean","sd","min","q25","med","q75","max"
"1","hseal",48.32,0.53314837061843,0.008589223857552,0.520530409290197,0.528465841308819,0.536554642173685,0.53838774932338,0.541803210996068
"2","log_depth",23.44,0.773576585477104,0.00739119603117921,0.763112306962752,0.773261517778087,0.773582238975562,0.773919501656379,0.784007362012738
"3","mld",9.05,0.912566696341541,0.00187926738526475,0.909591791758166,0.911954078072559,0.913237261904295,0.913711131112837,0.914339218859847
"4","tbtm",8.62,0.916689260554431,0.00378269467541889,0.911912610560031,0.915376528681669,0.915634409984976,0.918520295555089,0.922002457990391
"5","gseal",4.14,0.959979085856415,0.0013206996995184,0.958735508552733,0.959081054325163,0.959686858535733,0.960308065417004,0.962083942451444
"6","sbtm",3.8,0.963258765773617,0.00135491206099147,0.962061673718796,0.962332521193534,0.963194181251907,0.963200659142945,0.965504793560903
"7","sss",2.62,0.974680100856663,0.000799339041632958,0.973762844638124,0.974228533815303,0.974697729973174,0.974809197124004,0.975902198732708
