"","var","importance","mean","sd","min","q25","med","q75","max"
"1","brick_sst",56.68,0.636511620070827,0.0128946036253583,0.621212100989852,0.624130139907924,0.64340872232816,0.644243524488795,0.649563612639405
"2","dfs",36.43,0.766390343446708,0.00408428175599618,0.762154702101807,0.764341649639045,0.765069055948052,0.767555061017466,0.77283124852717
"3","vel_mag",3.37,0.978378587284843,0.00127793942439014,0.977256681822639,0.977409641548134,0.978010600321547,0.97884098875738,0.980375023974516
"4","brick_xbtm",3.52,0.977443914598191,0.00132846998176509,0.975649770946677,0.976515356036668,0.977779786418653,0.978545493025914,0.978729166563043
