"","var","importance","mean","sd","min","q25","med","q75","max"
"1","brick_sst",28.73,0.777641203853838,0.00705118487234351,0.76947850346128,0.771455613392586,0.780109909913228,0.780637456858474,0.786524535643623
"2","dfs",68.07,0.473155551260184,0.0220988035574142,0.447690700585623,0.458425281879392,0.469263435369316,0.488092895034689,0.5023054434319
"3","vel_mag",3.19,0.975274634693304,0.00111357240183683,0.9740206548628,0.974925549920726,0.975048349382212,0.975311419342178,0.977067199958605
"4","brick_xbtm",0,1,0,1,1,1,1,1
