"","var","importance","mean","sd","min","q25","med","q75","max"
"1","log_depth",70.04,0.550886021385029,0.10830609803591,0.373975975511082,0.531310799136407,0.579481005147229,0.622000673664439,0.64766165346599
"2","brick_tbtm",0.53,0.996591824726142,0.000850589493249179,0.996010758113855,0.996023370399721,0.996063433550637,0.996908124371684,0.997953437194813
"3","brick_mld",9.41,0.939656143512182,0.03941624154982,0.872650043176094,0.94040288900578,0.95194829088195,0.958995839464864,0.974283655032224
"4","brick_sss",11.68,0.925077979849059,0.0275212510061106,0.876969273316519,0.933278482917993,0.933766301431011,0.934162827354379,0.947213014225391
"5","brick_sbtm",5.94,0.961882255470461,0.0169555437804501,0.943620913231206,0.948865900537563,0.958789031473319,0.974229762059088,0.983905670051129
"6","gseal",1.13,0.992769397857191,0.0034427592471625,0.987309310269857,0.991989437212549,0.993653142217285,0.994482285531602,0.996412814054662
"7","hseal",1.27,0.991886414658067,0.00193202365963499,0.989255643404117,0.990515246612023,0.992531668656038,0.993365030427885,0.993764484190274
