"","var","importance","mean","sd","min","q25","med","q75","max"
"1","log_depth",7.21,0.940207898719293,0.00642103423923667,0.931294692152982,0.937537708024113,0.941113084779664,0.942344497947359,0.948749510692345
"2","brick_tbtm",10.72,0.911076620693321,0.0259269015687848,0.891283787245807,0.89280145870258,0.901124720435477,0.916230752620456,0.953942384462284
"3","brick_mld",22.84,0.810586280490417,0.0573912364274572,0.73628225172497,0.779588644649499,0.801130403247254,0.864881738580282,0.871048364250081
"4","brick_sss",44.17,0.633683452634937,0.0817541537631516,0.526377556475532,0.566363111420618,0.675512397451374,0.69229872372664,0.707865474100522
"5","brick_sbtm",2.4,0.980126251447614,0.00644562871663133,0.96933901986118,0.978915915598349,0.983733547140693,0.9840527538619,0.984590020775947
"6","gseal",4.45,0.963106649206859,0.019759509703323,0.928035184639481,0.968095761008935,0.972095893765918,0.972313817864024,0.974992588755937
"7","hseal",8.2,0.931960929320241,0.0396198874654015,0.870170063045896,0.926642273881749,0.936380880563725,0.948338824619696,0.97827260449014
