"","var","importance","mean","sd","min","q25","med","q75","max"
"1","log_depth",21.7,0.86943814729044,0.00649174258738109,0.861675293891053,0.865384049155566,0.869505638161893,0.871933246373876,0.878692508869815
"2","brick_tbtm",6.14,0.963058222279371,0.00280379316844846,0.960417425724946,0.961412280091434,0.961965578402269,0.964001582710888,0.967494244467316
"3","brick_mld",5.38,0.967652627671453,0.00731721148151571,0.957513475628202,0.965474517282131,0.965803791588237,0.973539349634135,0.97593200422456
"4","brick_sss",19.08,0.885185472948563,0.0199574822254846,0.868899418254766,0.870930066451862,0.881655348590586,0.885913998226827,0.918528533218772
"5","brick_sbtm",22.37,0.865384283734616,0.011793766373286,0.855142062722132,0.859911180796724,0.861527496571889,0.864799582807122,0.885541095775216
"6","gseal",5.49,0.966957234809459,0.00653262025350749,0.958955876753641,0.965050721587194,0.966506681702706,0.96717698583498,0.977095908168772
"7","hseal",19.85,0.880562341366714,0.0083750536972171,0.873712062315013,0.87683779044882,0.878134091171276,0.879022393738671,0.895105369159789
