"","var","importance","mean","sd","min","q25","med","q75","max"
"1","log_depth",59.19,0.510699975841638,0.0571515157660127,0.419583696441808,0.495136607183184,0.533603198016597,0.53698392896656,0.568192448600041
"2","brick_tbtm",0,1,0,1,1,1,1,1
"3","brick_mld",24.88,0.794284439229807,0.0340828399874527,0.751761618651175,0.771366939448931,0.79924449533258,0.809365011314304,0.839684131402044
"4","brick_sss",0.06,0.999508130437816,0.000197715106314357,0.999161312905803,0.999527802805018,0.999615292241227,0.999615324015516,0.999620920221514
"5","brick_sbtm",15.87,0.86878360333972,0.0140357296578897,0.854223419903073,0.855992030542328,0.867499762964252,0.882494520652562,0.883708282636388
"6","gseal",0,1,0,1,1,1,1,1
"7","hseal",0,1,0,1,1,1,1,1
