"","var","importance","mean","sd","min","q25","med","q75","max"
"1","log_depth",8.54,0.95217987505298,0.00391391013097235,0.948901443104977,0.950604530997099,0.951187073137576,0.951232243398942,0.958974084626305
"2","brick_tbtm",17.68,0.90095144938134,0.007733198711424,0.891329617772875,0.896086652367892,0.900199287452276,0.906797790870007,0.910343898443652
"3","brick_mld",13.54,0.924113702304165,0.0088833632373041,0.91231005320487,0.920187026146888,0.925226530068864,0.926282526448329,0.936562375651873
"4","brick_sss",25.06,0.859620608720669,0.0055208791567171,0.851189762122181,0.857873826267579,0.860570344378947,0.862766393762903,0.865702717071734
"5","brick_sbtm",13.84,0.922445719084725,0.00902519948300521,0.912379762654635,0.915513368920455,0.921461983926992,0.928810783227307,0.934062696694236
"6","gseal",9.84,0.944854603723491,0.00532026747168138,0.936838346410655,0.942214185739932,0.94675278638296,0.949111168741096,0.949356531342814
"7","hseal",11.5,0.935558790649773,0.00471258617718614,0.92868958446236,0.93354721261862,0.935828794170875,0.939386813175058,0.94034154882195
