"","var","importance","mean","sd","min","q25","med","q75","max"
"1","sss",36.18,0.502563292551654,0.0152567594084546,0.482234361274029,0.497805338741105,0.501013519925501,0.507574585326427,0.524188657491208
"2","log_depth",23.56,0.676117292119583,0.0151326392621473,0.660523663940374,0.663967773590307,0.676945441514117,0.680565887617911,0.698583693935206
"3","gseal",23.16,0.681608394010087,0.0289982477659661,0.648037591922056,0.652879887395967,0.697363651993758,0.698561196074493,0.71119964266416
"4","hseal",8.56,0.882299354800533,0.00873585820142272,0.875485010757175,0.876216310949548,0.87751930595981,0.886515984076194,0.895760162259937
"5","mld",4.4,0.939540434999353,0.00698641656620507,0.932967192314994,0.933585720022919,0.937362506658032,0.945533414307031,0.948253341693789
"6","tbtm",3.76,0.948290098239896,0.00261902930129723,0.944459727688923,0.94696861723765,0.949332708069284,0.949481805925885,0.951207632277739
"7","sbtm",0.37,0.994846750133384,0.000938328511143371,0.993364694518251,0.994538123998406,0.995127934085065,0.995524862144138,0.995678135921058
