"","var","importance","mean","sd","min","q25","med","q75","max"
"1","log_depth",3.55,0.972542226785319,0.00256284172926925,0.969185508996016,0.970540639906565,0.973817126492655,0.973864117044842,0.975303741486515
"2","brick_tbtm",34.99,0.729091101701614,0.0191563110352174,0.695964702698846,0.732701589866065,0.734267353112757,0.737110028799562,0.745411834030838
"3","brick_mld",19.94,0.845617911365608,0.0217266152734628,0.814843847829873,0.839316909002866,0.840811725142155,0.865746576213621,0.867370498639525
"4","brick_sss",3.91,0.969739421487388,0.00227123088640401,0.967184752268941,0.968076910231025,0.969441570987134,0.971268166369436,0.972725707580401
"5","brick_sbtm",15.68,0.878633518561415,0.00502143454441861,0.872552889086858,0.875602338935098,0.877856949419765,0.881964629408644,0.885190785956708
"6","gseal",4.33,0.966443734964593,0.00200226120977176,0.963805169408827,0.965392115535879,0.966164532940714,0.968350013506852,0.968506843430691
"7","hseal",17.61,0.86369459084268,0.0145033892396651,0.847282740823972,0.849204205949648,0.869781276872044,0.873176648074595,0.879028082493141
