"","var","importance","mean","sd","min","q25","med","q75","max"
"1","log_depth",1.31,0.987666632321328,0.00220438702832003,0.985179723786928,0.985955468522385,0.987462723690381,0.98932255576978,0.990412689837169
"2","brick_tbtm",10.81,0.897834849910182,0.00675886088290446,0.887363541349787,0.896566184149281,0.897645822998537,0.903422044565368,0.904176656487939
"3","brick_mld",6.66,0.937108984570757,0.00540916297079558,0.930613736162124,0.934990729815385,0.93589871095354,0.93880817442837,0.945233571494364
"4","brick_sss",7.67,0.927545591877844,0.00476096984139384,0.921493288660734,0.92566497933094,0.926906642985377,0.92924757664397,0.9344154717682
"5","brick_sbtm",6.71,0.936624243441329,0.00727883971012767,0.927926521941101,0.931191193205872,0.93678433181607,0.941471594140437,0.945747576103166
"6","gseal",18.88,0.821608982727293,0.0166750206626976,0.794379303487874,0.819666062671143,0.824261447428708,0.832831827878757,0.83690627216998
"7","hseal",47.96,0.546888989502603,0.0644812965738626,0.464288837345461,0.53287281852581,0.543681397245382,0.548741522752748,0.644860371643616
