"","var","importance","mean","sd","min","q25","med","q75","max"
"1","log_depth",10.1,0.937403834736875,0.0113514089526194,0.925824200748842,0.928298074467005,0.934730258225474,0.946046349724371,0.952120290518682
"2","brick_tbtm",19.06,0.881896641259455,0.0212824704264934,0.851363922951918,0.87690487534125,0.884656106212117,0.885824800556031,0.910733501235958
"3","brick_mld",5.84,0.963796061223671,0.00358820572527455,0.960511029840789,0.962637915051245,0.962709526111774,0.963177226678659,0.969944608435888
"4","brick_sss",8.71,0.94601326808974,0.0077010030763576,0.935982782346026,0.943158789468844,0.943329933455643,0.953601395318458,0.953993439859729
"5","brick_sbtm",22.17,0.862612441247796,0.0318690701162228,0.822382090917513,0.844421027753613,0.857200001574043,0.889710588943951,0.899348497049863
"6","gseal",25.78,0.840271651904885,0.014040573503246,0.826715749776326,0.831685985471707,0.837180914759793,0.842808435114371,0.862967174402227
"7","hseal",8.34,0.94832333542474,0.0134134035610485,0.924402764606583,0.952511478474059,0.954607820924957,0.954935511510809,0.955159101607293
