"","var","importance","mean","sd","min","q25","med","q75","max"
"1","log_depth",3.95,0.968734369791571,0.00316180235428227,0.965467932807138,0.967470518813482,0.967552211455284,0.969353683582995,0.973827502298957
"2","brick_tbtm",17.32,0.862925293373566,0.00496766473602249,0.855183160578834,0.861960901411944,0.863596096723818,0.865345700907006,0.86854060724623
"3","brick_mld",23.86,0.811153800815505,0.0103824880647782,0.798337057158734,0.803240367999368,0.811824891743995,0.820030287368623,0.822336399806803
"4","brick_sss",0,1,0,1,1,1,1,1
"5","brick_sbtm",1.09,0.99140690886881,0.000485392584893682,0.990594289770021,0.991322211065497,0.991642131813403,0.991724058179986,0.991751853515143
"6","gseal",11.67,0.907637285508249,0.00479245632805696,0.901799204101084,0.903187135912164,0.910027381690469,0.910851268537457,0.912321437300069
"7","hseal",42.12,0.666595479933977,0.0606323928779261,0.584592717223958,0.635137586901325,0.674661428407873,0.693101093903307,0.745484573233422
