"","var","importance","mean","sd","min","q25","med","q75","max"
"1","log_depth",9.41,0.971116228321555,0.00247192255368422,0.968708033035063,0.969332132860203,0.970717671046833,0.971868536554913,0.974954768110764
"2","brick_tbtm",19.66,0.939645405809642,0.00427823999353313,0.934830406672659,0.937761575029227,0.938309066553199,0.941171751725113,0.946154229068012
"3","brick_mld",14.4,0.955798344329633,0.00306942251265989,0.952283513628465,0.953979669365099,0.954708718773399,0.958687254117406,0.959332565763798
"4","brick_sss",8.54,0.973782459815286,0.0033953445688195,0.968751778486807,0.973153327970848,0.973773480841968,0.975143388101664,0.97809032367514
"5","brick_sbtm",13.75,0.957771342220969,0.00455010863967889,0.951535921834802,0.955710966145634,0.957874589585958,0.960118510254504,0.96361672328395
"6","gseal",15.57,0.952200817619255,0.00311970337767107,0.948058457445974,0.950111765010351,0.952564194632671,0.954964624891454,0.955305046115826
"7","hseal",18.67,0.942673037500179,0.00197890366467254,0.940077973021144,0.941844022089138,0.942302223492508,0.94389798917834,0.945242979719765
