"","var","importance","mean","sd","min","q25","med","q75","max"
"1","log_depth",12.73,0.949686041242248,0.00531862263968264,0.941726009910903,0.948788444066003,0.94887859246622,0.953617365516788,0.955419794251325
"2","brick_tbtm",20.54,0.918839106765409,0.00947386907389222,0.90844926377832,0.911614689810203,0.918231289812289,0.923919992695017,0.931980297731215
"3","brick_mld",8.7,0.965639789988498,0.00253492888361417,0.962011726213941,0.965022530091474,0.965822813709575,0.96627900549676,0.96906287443074
"4","brick_sss",21.08,0.916734093984786,0.0123645772676821,0.898773750885843,0.912278207667939,0.917888350233795,0.922797029672411,0.931933131463944
"5","brick_sbtm",12.88,0.949105681569865,0.00406082606405335,0.942668160297627,0.948229875469121,0.94955671315373,0.952494784280062,0.952578874648785
"6","gseal",6.01,0.976271870322475,0.00639659596915534,0.970658930437565,0.970985754679811,0.974393406050179,0.979573842807405,0.985747417637417
"7","hseal",18.06,0.928634250163046,0.0145511812115061,0.908091223243292,0.9205523324705,0.932479670640881,0.936675766424846,0.94537225803571
