"","var","importance","mean","sd","min","q25","med","q75","max"
"1","log_depth",20.41,0.918418133621377,0.00877579299616615,0.909822156684005,0.913283614084162,0.916473846027617,0.919884718076505,0.932626333234596
"2","brick_tbtm",9.61,0.961594801071006,0.00608329025951215,0.952007286270203,0.960609569033273,0.961669603162888,0.966730764601209,0.966956782287459
"3","brick_mld",11.86,0.952576413915881,0.00683157130114884,0.946331631593565,0.947435125239276,0.949414881504147,0.958201027855344,0.961499403387072
"4","brick_sss",20.29,0.918908251609234,0.0157266426041504,0.896325367810434,0.915574941312595,0.918335497432053,0.924502519390529,0.939802932100561
"5","brick_sbtm",17.1,0.93162835538095,0.0160185634007606,0.906239424009936,0.926288316625964,0.938048728484083,0.940902679219201,0.946662628565568
"6","gseal",4.4,0.982394481994571,0.00598733288581494,0.973244673095849,0.979996175337789,0.984798016953685,0.985187294111173,0.988746250474359
"7","hseal",16.33,0.934726145094821,0.0121146836856781,0.921990810112644,0.922865514746753,0.936584813381446,0.94275923162277,0.949430355610491
