"","var","importance","mean","sd","min","q25","med","q75","max"
"1","log_depth",11.26,0.965613896196161,0.00235520772924466,0.962486749893699,0.964183555536714,0.966274349751311,0.966482259714269,0.968642566084811
"2","brick_tbtm",29.21,0.910806297196804,0.00524857072179156,0.905566051015764,0.908436700562908,0.909875554042494,0.910616897194629,0.919536283168224
"3","brick_mld",12.58,0.961591724716729,0.00293483260253848,0.957672626534441,0.959208344284354,0.963458247497982,0.963597126293119,0.96402227897375
"4","brick_sss",8.56,0.973872917434947,0.00176167558577128,0.971363549411828,0.973156565511107,0.974153755495175,0.974574358753051,0.976116358003572
"5","brick_sbtm",16.31,0.950189580126937,0.00152609378010371,0.948481395669619,0.9488731994912,0.950651158661886,0.950707007966424,0.952235138845555
"6","gseal",11.59,0.964608682384749,0.00433537300623951,0.958906597208383,0.961671071987786,0.965849675863403,0.966706776885947,0.969909289978225
"7","hseal",10.49,0.96796259802403,0.0023182308402454,0.964451847509109,0.967299215793932,0.968015408105057,0.969679826248716,0.970366692463339
