"","var","importance","mean","sd","min","q25","med","q75","max"
"1","log_depth",10.01,0.945583308833675,0.00388998113840925,0.941213143968311,0.943542654830094,0.944175027920128,0.947957803761704,0.951027913688137
"2","brick_sst",27.49,0.850553393559672,0.00654855484476073,0.842646172350304,0.848018859582222,0.84984033586615,0.851666334969706,0.860595265029979
"3","brick_tbtm",16.54,0.91007626856791,0.00954458977256843,0.896797931275633,0.905598909568023,0.909531963069162,0.918842544564897,0.919609994361838
"4","brick_sss",11.17,0.939248567900735,0.00160074827891363,0.93723187112858,0.937841334304054,0.940003002057572,0.940396323983645,0.940770308029822
"5","brick_sbtm",5.01,0.972766391985889,0.00249734006449054,0.969307330111978,0.970964900996213,0.974070612338433,0.974421234440513,0.975067882042307
"6","brick_mld",4.3,0.976628147413179,0.0025153536126571,0.973005942686349,0.974949932948485,0.978330157800878,0.978419227940181,0.978435475690003
"7","dfs",18.14,0.901348606821683,0.0108333824626389,0.883740024052424,0.898407845017775,0.905694381655501,0.908914275965587,0.90998650741713
"8","vel_mag",3.88,0.978884444276083,0.00232135095103637,0.975199931003114,0.978139819260052,0.979951900597777,0.980001964456394,0.981128606063076
"9","brick_xbtm",3.46,0.981214466536517,0.00177831103884303,0.97843168505655,0.98092551520536,0.981317115741365,0.982249603523997,0.983148413155313
