"","var","importance","mean","sd","min","q25","med","q75","max"
"1","log_depth",2.78,0.974454064887391,0.00469419619761881,0.967975598988311,0.973022181510523,0.974553117108965,0.975751734390694,0.980967692438461
"2","brick_tbtm",60.16,0.448011165676681,0.0356402340330157,0.386623435727872,0.452359263747032,0.455232909219183,0.472429598022877,0.473410621666443
"3","brick_mld",13.94,0.872126617830599,0.00720365916096925,0.859962617828389,0.872153674558711,0.873655327581474,0.876722592528303,0.878138876656116
"4","brick_sss",6.74,0.938125422460089,0.0139613150237245,0.919396846969744,0.927675083841451,0.94350802948012,0.948074271287878,0.951972880721252
"5","brick_sbtm",3.31,0.969630060675985,0.00190100392663486,0.967663500322699,0.967760703476516,0.970274898388063,0.970335067945517,0.972116133247128
"6","gseal",2.31,0.978786734341328,0.00255600864698656,0.974642035526932,0.978620203517693,0.979447466165894,0.979656256731331,0.981567709764788
"7","hseal",10.75,0.901369032623544,0.00645312337424228,0.894948043986237,0.896151983474086,0.901443438537246,0.903197357638332,0.91110433948182
