"","var","importance","mean","sd","min","q25","med","q75","max"
"1","log_depth",0.93,0.996020049592871,0.000384250126834859,0.995403388189644,0.995937651171113,0.996150271690417,0.996193144876462,0.996415792036717
"2","brick_tbtm",9.88,0.957849456560054,0.00263915119225363,0.954878565508354,0.956993983325289,0.957165124643068,0.958147645026836,0.962061964296723
"3","brick_mld",8.28,0.964681288139328,0.00480973081336983,0.95623974417557,0.965560847876489,0.966269712249966,0.96740734729263,0.967928789101986
"4","brick_sss",41.26,0.824018100517075,0.0175480294034181,0.8085860785957,0.811919452309682,0.814605130319311,0.83631786808364,0.84866197327704
"5","brick_sbtm",12.63,0.946124514791713,0.00557726169519972,0.94011800390383,0.942346579105648,0.944089290420579,0.951836901401488,0.952231799127019
"6","gseal",16.7,0.928782460610828,0.00705056773023083,0.917436246338785,0.927123226945833,0.930510952304364,0.933796506182753,0.935045371282406
"7","hseal",10.32,0.955959677908017,0.00638838742094145,0.949078807806702,0.949406000026381,0.958302576786044,0.959781061515318,0.963229943405641
