"","var","importance","mean","sd","min","q25","med","q75","max"
"1","log_depth",7.57,0.900771169885649,0.00670648956364084,0.893558684863649,0.897043008185145,0.898876758295604,0.903444989451459,0.910932408632387
"2","brick_tbtm",6.14,0.919499865136083,0.0076192319285255,0.908139710271154,0.916305855151367,0.921302372162067,0.923825749880327,0.927925638215498
"3","brick_mld",28.04,0.632384324255215,0.021314676137699,0.607289744320285,0.617113343302641,0.631853177501509,0.645159073667323,0.660506282484317
"4","brick_sss",11.55,0.848599690764228,0.030933319570052,0.806890699522253,0.825827481187293,0.859232752638349,0.873735671826413,0.87731184864683
"5","brick_sbtm",1.72,0.977510721815595,0.00124448535001302,0.975607859626883,0.977147310998609,0.977637876904196,0.978317657406684,0.978842904141604
"6","gseal",6.39,0.916247254668028,0.00565791746882785,0.909374170558908,0.91217355674285,0.917119981497157,0.918763481393618,0.923805083147609
"7","hseal",38.59,0.494166680689382,0.0317751078583039,0.455663772373045,0.47397980740271,0.487933865277666,0.525549478804047,0.527706479589444
