"","var","importance","mean","sd","min","q25","med","q75","max"
"1","log_depth",31.75,0.765472905949028,0.00742810417831503,0.75296755851064,0.766011265433284,0.767501096466753,0.768147748367051,0.77273686096741
"2","brick_tbtm",7.26,0.946350706185225,0.00217573938487789,0.943598000524185,0.94474538087321,0.946809670064026,0.947604215406228,0.948996264058478
"3","brick_mld",8.81,0.934913869237938,0.0028211339884974,0.930732676206117,0.933394410778648,0.935915353565363,0.937262485565163,0.937264420074398
"4","brick_sss",5.86,0.956733888609175,0.00135641443022345,0.955092978606234,0.956136809588925,0.956432099988851,0.957298781040413,0.958708773821452
"5","brick_sbtm",4.68,0.96546801929944,0.000947354131035042,0.964275989839071,0.964712394244382,0.965690468693831,0.966156889519488,0.966504354200428
"6","gseal",39.24,0.710152541658305,0.00423194957610231,0.704931761913928,0.707817571516948,0.710381377825443,0.711362963270499,0.71626903376471
"7","hseal",2.39,0.982326499868045,0.000876395672146706,0.981537430314754,0.98170471807672,0.981831575265964,0.983247039739269,0.98331173594352
