"","var","importance","mean","sd","min","q25","med","q75","max"
"1","log_depth",10.26,0.976431993095509,0.000352325680820168,0.975984995924104,0.976173303670576,0.976540068440434,0.976590162723765,0.976871434718665
"2","brick_tbtm",8.78,0.979840779738734,0.00026354204081747,0.979394130841169,0.979832153968333,0.979938331413758,0.979970913479449,0.980068368990962
"3","brick_mld",13.67,0.968600960791339,0.00106496438684262,0.967205116792996,0.96779680240496,0.968923648876143,0.969345629136899,0.969733606745698
"4","brick_sss",8.47,0.980558904036856,0.000488691269074957,0.980193915272309,0.980215456569375,0.980306070634221,0.980741076729319,0.981338000979058
"5","brick_sbtm",19.75,0.954653031644646,0.000899667913255607,0.953670100718409,0.954383604626934,0.954441188521252,0.95464958972502,0.956120674631615
"6","gseal",19.84,0.954440401028536,0.000531578668268567,0.953890162848726,0.954010431352391,0.954403290176534,0.954700241519491,0.955197879245538
"7","hseal",19.23,0.955831932266291,0.000934696840612873,0.954868059617313,0.95522696533231,0.955619778087777,0.956189222584762,0.957255635709293
