"","var","importance","mean","sd","min","q25","med","q75","max"
"1","gseal",40.22,0.306581041551543,0.0150356461010475,0.29668337349136,0.297729385296061,0.298918324820215,0.307129025509867,0.332445098640211
"2","sbtm",17.24,0.702791211032744,0.0117142841018306,0.684505158964507,0.69758338535319,0.709735186296811,0.710010645589671,0.712121678959542
"3","hseal",14.9,0.743203458672453,0.00999640921943276,0.733165310046792,0.737350195884486,0.740309528729356,0.746276781260481,0.758915477441152
"4","mld",10.03,0.827003821769232,0.00599416418959929,0.820900368097136,0.823617746399922,0.824586284657314,0.829935040640181,0.835979669051607
"5","log_depth",8.74,0.849267893900754,0.003354361685686,0.84538346123579,0.846098551842936,0.850821096179589,0.850938171525311,0.853098188720142
"6","sss",4.62,0.920375337152226,0.00167065314297193,0.91777988830597,0.919637648073894,0.92115902927501,0.921550617820697,0.921749502285559
"7","tbtm",4.24,0.926827719756453,0.00179257091235499,0.924407484727677,0.92589685219904,0.927046628382447,0.927627021649628,0.929160611823472
