"","var","importance","mean","sd","min","q25","med","q75","max"
"1","gseal",40.31,0.337123148145178,0.0150377106316591,0.323889905735149,0.329898746218041,0.330955371251215,0.338504340068693,0.362367377452791
"2","sbtm",19.73,0.67564795027316,0.010620293246223,0.662876543601725,0.666859027280423,0.678790448802877,0.680899280089848,0.688814451590926
"3","hseal",15.91,0.738473743181315,0.00385188543761472,0.732469820480313,0.737575878148486,0.739508580873088,0.739955771366439,0.742858665038251
"4","tbtm",6.91,0.886344123926917,0.00202411790981421,0.883368386027343,0.885927465552381,0.886641294750218,0.886777943087649,0.889005530216992
"5","mld",6.77,0.888690364707336,0.00591119926484005,0.881734748473074,0.884744026070842,0.88978758921445,0.889949609606246,0.897235850172066
"6","sss",5.67,0.906727031628229,0.00568872668690966,0.901230809389761,0.903084073056928,0.903548608491079,0.91284853687782,0.912923130325559
"7","log_depth",4.7,0.922712381998093,0.00257629577736862,0.91870917282423,0.92226634858375,0.922794745787188,0.92427013328975,0.925521509505546
