"","var","importance","mean","sd","min","q25","med","q75","max"
"1","mld",33.41,0.438137562508874,0.0164983549357645,0.417476150687072,0.426359763556146,0.439640530749401,0.449001994434082,0.45820937311767
"2","gseal",32.22,0.458110734172494,0.0232420547508617,0.424692756973124,0.44610728165935,0.465688167731476,0.469082045421693,0.484983419076829
"3","tbtm",17.97,0.697841447653179,0.00444724287334729,0.691645542534982,0.695973364138818,0.698006109780191,0.700058178822581,0.703524042989322
"4","sbtm",5.71,0.904004355805257,0.00232454272005156,0.899916090675264,0.904563899166445,0.904855845033674,0.904970028420564,0.905715915730339
"5","log_depth",5.38,0.909535740789833,0.00410744643670336,0.904999038439971,0.908633772472185,0.908722781270586,0.90906385476386,0.916259257002561
"6","sss",5.32,0.9105247177733,0.00769961862921682,0.902868524241097,0.90796087318841,0.908993019729578,0.909310164167038,0.92349100754038
"7","hseal",0,1,0,1,1,1,1,1
