"","var","importance","mean","sd","min","q25","med","q75","max"
"1","log_depth",0.64,0.996962123406503,0.000262398007019559,0.996516562769604,0.996975713404185,0.997022539144211,0.997103038270513,0.997192763444004
"2","brick_tbtm",10.57,0.950070978064825,0.00367316698103242,0.94737042415498,0.947866855979452,0.948718377196038,0.950004996714416,0.956394236279237
"3","brick_mld",0.73,0.996534949687442,0.000304767214735471,0.996267066152353,0.9963276004802,0.996354310280061,0.996795572298895,0.996930199225703
"4","brick_sss",0.72,0.996579369471942,0.000208148121239862,0.996255210026325,0.996527475173526,0.99659407907741,0.996756231594961,0.996763851487489
"5","brick_sbtm",18.84,0.910997355904973,0.00385611233404915,0.90707279073291,0.907876702725882,0.910458673464483,0.913162996536818,0.916415616064774
"6","gseal",67.69,0.680205404278315,0.0208554743815964,0.663235967566417,0.6663116613481,0.675001412022258,0.681190480145454,0.715287500309347
"7","hseal",0.8,0.996230913163974,0.000370664815858248,0.995751197651618,0.99612260070249,0.996130232704487,0.996401464542974,0.996749070218304
