"","var","importance","mean","sd","min","q25","med","q75","max"
"1","log_depth",37.11,0.714920469106728,0.0221633155703664,0.693408052424515,0.698564189304799,0.706900283081507,0.730205924953398,0.745523895769421
"2","brick_tbtm",3.44,0.973590830062024,0.00203632365498342,0.970861401102779,0.972665657141333,0.973609914740111,0.974494293347629,0.976322883978267
"3","brick_mld",2.36,0.981864640662835,0.00160409175387073,0.979997166170725,0.980379158002919,0.982501863720309,0.982720181796675,0.983724833623547
"4","brick_sss",2.07,0.984123343726261,0.000977672870291573,0.982449612788067,0.984205631455139,0.984319095893313,0.984782882669655,0.984859495825129
"5","brick_sbtm",20.81,0.840083169757796,0.00595924659560892,0.833921985603435,0.837105689418286,0.83805265486241,0.841877863296995,0.849457655607855
"6","gseal",9.79,0.924811161571607,0.00481683075661677,0.916801469834053,0.924042529281263,0.926484091507959,0.928265193392761,0.928462523842002
"7","hseal",24.43,0.812321523838117,0.0157231599620617,0.793825322446417,0.801125642263749,0.810521102122416,0.824729860459517,0.831405691898485
