"","var","importance","mean","sd","min","q25","med","q75","max"
"1","log_depth",3.68,0.972664088509381,0.00216841124461426,0.969727781969268,0.971934517126258,0.972106192963935,0.974316366602866,0.975235583884578
"2","brick_tbtm",26.96,0.799562677330015,0.0157814716481756,0.7788335842528,0.787278606482662,0.804760805228413,0.81253023658724,0.814410154098959
"3","brick_mld",12.66,0.905889015670668,0.00803961976430835,0.896173504179703,0.902021237217929,0.903423340542302,0.911237038198863,0.916589958214545
"4","brick_sss",0.28,0.997926687487725,0.000296881397227575,0.997558062269088,0.997825424755209,0.997897199651786,0.99797530581317,0.998377444949372
"5","brick_sbtm",5.96,0.955701652400034,0.00684936446922106,0.947231713296253,0.949561881016924,0.959133230296665,0.959882268748067,0.96269916864226
"6","gseal",28.4,0.788882918429439,0.0175433903155165,0.765747456228899,0.778962371822725,0.792935742044094,0.79442913376032,0.812339888291159
"7","hseal",22.07,0.835895270689648,0.00933377561994352,0.829065981865596,0.831495859945617,0.832505892745039,0.834144742938101,0.852263875953887
