"","var","importance","mean","sd","min","q25","med","q75","max"
"1","log_depth",9.66,0.909654309983308,0.00205679678685049,0.907237892315731,0.907819197016256,0.910318562231094,0.910800097348561,0.912095801004899
"2","brick_tbtm",10.54,0.901481112116188,0.0014658728173136,0.899062119401636,0.901338006792181,0.901851999955618,0.902272687018632,0.902880747412873
"3","brick_mld",9.83,0.908068567407277,0.00332781239738265,0.904123233228986,0.905402716339083,0.908733395794262,0.909718238946586,0.91236525272747
"4","brick_sss",23.84,0.777090220211789,0.00514818481140138,0.77145981974764,0.774272850316613,0.776594043558642,0.777947435113057,0.785176952322991
"5","brick_sbtm",20.99,0.803766040683596,0.0032050684748514,0.80072285158794,0.80118974314923,0.803082282814757,0.805359045528555,0.808476280337498
"6","gseal",10.76,0.899372197457123,0.00374420214422909,0.895288992058825,0.896457991212931,0.898618847335435,0.902856206354624,0.903638950323801
"7","hseal",14.38,0.865597172992536,0.00464471648720995,0.861328344557503,0.86160066636999,0.864776407072962,0.86788785457081,0.872392592391415
