"","var","importance","mean","sd","min","q25","med","q75","max"
"1","log_depth",12.02,0.913142222715626,0.000531942024220146,0.912236502440667,0.913253756928067,0.913269277849247,0.913301999045799,0.91364957731435
"2","brick_tbtm",11.86,0.914283116344305,0.00212158618694474,0.910566254103367,0.914477477593594,0.915384321222879,0.91543179278232,0.915555736019368
"3","brick_mld",11.71,0.915419172505634,0.00427154193999844,0.909535405481008,0.912460152315148,0.916829692221074,0.919114077361301,0.91915653514964
"4","brick_sss",18.85,0.863804911468826,0.00235405965753288,0.86033542771109,0.862904399209975,0.864211459930848,0.864980903373679,0.866592367118537
"5","brick_sbtm",17.15,0.876083383153787,0.00148533441505307,0.874889677368704,0.874983766195178,0.875242324487826,0.877116144606516,0.878185003110708
"6","gseal",14.71,0.893691683584908,0.00430116147417737,0.888041357711011,0.892041846040832,0.892342782310825,0.897762130282163,0.898270301579707
"7","hseal",13.69,0.901073952283031,0.00281491630302375,0.898150543910266,0.898631946281969,0.900669365381265,0.903525849337566,0.904392056504092
