"","var","importance","mean","sd","min","q25","med","q75","max"
"1","log_depth",1.2,0.993015824298482,0.000177041623761429,0.992726000403967,0.993020937494015,0.993036576670788,0.9930926525257,0.993202954397938
"2","brick_tbtm",1.5,0.991242044050797,0.000825644099304102,0.99003430434952,0.990731438505253,0.991690714904837,0.991871522209112,0.991882240285261
"3","brick_mld",2.31,0.986571541541294,0.000773692082164757,0.985827808438627,0.986049907294544,0.986387423875961,0.986803966154443,0.987788601942896
"4","brick_sss",81.34,0.526147271745746,0.0106034403132949,0.513345347203199,0.515864244249988,0.532655893415657,0.534015711331646,0.534855162528241
"5","brick_sbtm",3.04,0.98226697267218,0.000435988351551622,0.981520099269916,0.982297997570766,0.982363113717347,0.982564595706805,0.982589057096063
"6","gseal",1.69,0.990180632800458,0.000407579624773627,0.989703885308603,0.989896191210306,0.990170752249069,0.990394531959647,0.990737803274664
"7","hseal",8.92,0.948035628759451,0.00194375152539006,0.946254448394687,0.946370327826687,0.947322747580076,0.950050111844957,0.950180508150848
