"","var","importance","mean","sd","min","q25","med","q75","max"
"1","log_depth",3.74,0.945451004789161,0.000799506782650971,0.944485017070518,0.945053859299581,0.945154365265907,0.946264012133624,0.946297770176177
"2","brick_tbtm",4.72,0.931139942316039,0.00328119567625093,0.925812622580595,0.930815857344247,0.931407927953443,0.933738924055177,0.933924379646734
"3","brick_mld",5.53,0.919325432126274,0.00107929252484551,0.918072723680591,0.918816958846978,0.918977001127993,0.919887780972236,0.920872696003571
"4","brick_sss",9.41,0.862735064585833,0.00381859583121208,0.857448013155814,0.860360240366165,0.863477151587591,0.865847422576132,0.866542495243462
"5","brick_sbtm",18.07,0.7362308263884,0.00519633441281552,0.731010307259978,0.733635082670893,0.733875651155976,0.738423455968563,0.744209634886592
"6","gseal",47.16,0.311704587753504,0.0209422832760895,0.285838093179723,0.304861430310047,0.31175221591096,0.312145250408087,0.343925948958705
"7","hseal",11.37,0.83403238640176,0.00665741450139035,0.827131003538608,0.828718688881983,0.833263881864537,0.837648168891002,0.84340018883267
