"","var","importance","mean","sd","min","q25","med","q75","max"
"1","log_depth",7.61,0.973436284224887,0.00116014466774289,0.972344051863236,0.972908650063482,0.973039521919529,0.973516817140708,0.975372380137482
"2","brick_tbtm",8.55,0.970138513235399,0.00111656139229999,0.96865195297425,0.969501879027597,0.970225680760755,0.970774838476084,0.971538214938305
"3","brick_mld",8.83,0.969186933487877,0.00225636125637439,0.967225098098658,0.967562647920209,0.968704953622111,0.969582305157853,0.972859662640553
"4","brick_sss",36.27,0.87340056771212,0.00388931457380638,0.867026805551498,0.873037101604327,0.874028903052264,0.87586508705356,0.877044941298952
"5","brick_sbtm",15.73,0.945104203821674,0.000854432609906581,0.944066785679497,0.944421595484677,0.945167548204603,0.94590322336597,0.945961866373623
"6","gseal",11.28,0.960606029292041,0.00105200174682031,0.958945242924744,0.960264699360267,0.960958528745138,0.961247480839732,0.961614194590322
"7","hseal",11.73,0.959042284599423,0.0023839818917174,0.955707041192361,0.958232617434206,0.958677916958069,0.960724861491383,0.961868985921095
