"","var","importance","mean","sd","min","q25","med","q75","max"
"1","log_depth",4.94,0.941291006429406,0.00186492648077189,0.938890763062082,0.940493321630705,0.94112810110288,0.942012206092188,0.943930640259177
"2","brick_tbtm",3.22,0.961753217989409,0.00156000782041687,0.959618650437104,0.960758111768414,0.962118671900944,0.962793370109234,0.963477285731349
"3","brick_mld",6.42,0.923745773770077,0.0026646477249206,0.919296132249155,0.923347578724819,0.924748290243146,0.925518036933515,0.925818830699749
"4","brick_sss",11.44,0.864037921521616,0.00389834215370344,0.859698851598063,0.861796086543245,0.86328067312793,0.865534757126977,0.869879239211865
"5","brick_sbtm",17.7,0.789649166749683,0.00791605425544723,0.778117242310989,0.785092443794701,0.792351998015716,0.796266838524501,0.796417311102507
"6","gseal",46.22,0.450756417131386,0.0126291892312363,0.437020320751647,0.440013021010363,0.450131041184498,0.46027846576712,0.4663392369433
"7","hseal",10.06,0.880516134004817,0.00313119482502362,0.875074142356967,0.880757443368264,0.881745486753263,0.882230705151361,0.88277289239423
