"","var","importance","mean","sd","min","q25","med","q75","max"
"1","brick_sst",22.53,0.757408629324331,0.00444373292096878,0.752717952384231,0.75533713810466,0.755568363862456,0.759229320587567,0.764190371682741
"2","dfs",75.53,0.18675190517626,0.0118311653164764,0.1746844116613,0.175139135780874,0.186794095103996,0.198422531655183,0.198719351679948
"3","vel_mag",1.62,0.982539113992057,0.000451074272085248,0.981785182538443,0.982476839414994,0.982747670575677,0.982760882447615,0.982924994983556
"4","brick_xbtm",0.32,0.99651299145018,0.000102067532467011,0.996401022816276,0.996476522077683,0.99649609961117,0.996512434315982,0.996678878429787
