"","var","importance","mean","sd","min","q25","med","q75","max"
"1","brick_sst",26.37,0.573987397029911,0.0116810186710993,0.563126664285372,0.566472645404621,0.56999218799203,0.577921118949867,0.592424368517665
"2","dfs",52.91,0.145183832585973,0.00674650617882437,0.141554133009415,0.142320497377694,0.142358559973791,0.142450747677444,0.157235224891522
"3","vel_mag",10.39,0.832119052833381,0.00255816157583461,0.829823120769038,0.8306070118203,0.831086814615874,0.83283037937056,0.836247937591135
"4","brick_xbtm",10.33,0.833164955646958,0.00147612627952347,0.831293434142662,0.832887513411386,0.833002016975314,0.83321699724446,0.835424816460966
