"","var","importance","mean","sd","min","q25","med","q75","max"
"1","brick_sst",28.93,0.671862164595301,0.00816723046868971,0.660647380471887,0.665656043285459,0.676994255714513,0.677422854530944,0.678590288973705
"2","dfs",68.58,0.222126251525808,0.00778561184653262,0.212731010967799,0.218945287237608,0.220590839621635,0.224591440390328,0.23377267941167
"3","vel_mag",2.39,0.972913301834749,0.00190614404332029,0.970499984726592,0.971399617442086,0.97337787507129,0.974321895822077,0.974967136111702
"4","brick_xbtm",0.1,0.998850219563085,3.00918853343787e-05,0.998805297160824,0.998833658295901,0.998864540000951,0.998871298349555,0.998876304008192
