"","var","importance","mean","sd","min","q25","med","q75","max"
"1","brick_sst",16.7,0.811934737168911,0.00608677810550638,0.806627002202755,0.80971358261284,0.810196183676242,0.810689488761241,0.822447428591477
"2","dfs",81.16,0.086132756524751,0.0244492339452302,0.0616750941475843,0.0619450389981296,0.0871301804039557,0.103970144402577,0.115943324671509
"3","vel_mag",2.13,0.975975782976523,0.00116437285755903,0.974267424299956,0.975501402065004,0.976353756008775,0.976374144818868,0.97738218769001
"4","brick_xbtm",0,1,0,1,1,1,1,1
