"","var","importance","mean","sd","min","q25","med","q75","max"
"1","brick_sst",0.78,0.986323850920826,0.000190259323926748,0.986112706095165,0.986172438288266,0.98632879759471,0.986421049595927,0.986584263030065
"2","dfs",52.83,0.0761024993493761,0.0179246265199524,0.0545980738523154,0.0587835914733993,0.0855257588388123,0.0898527821234964,0.0917522904588572
"3","vel_mag",21.5,0.62411475277188,0.00717395758302154,0.617792971905977,0.618462290843645,0.620569306859109,0.631186529197997,0.632562665052672
"4","brick_xbtm",24.89,0.564805147974116,0.00407262259525542,0.558967096071057,0.56212531372346,0.566903871352512,0.567823428038325,0.568206030685224
