"","var","importance","mean","sd","min","q25","med","q75","max"
"1","brick_sst",18.58,0.694867723186508,0.0142959002129794,0.676734022699646,0.691280573962167,0.692096333097743,0.697943870064194,0.716283816108789
"2","dfs",50.92,0.163935958831415,0.0159138563154114,0.139690338553881,0.155847667621232,0.172075694121784,0.175401239033775,0.176664854826403
"3","vel_mag",15.31,0.748640154657265,0.00497622787660811,0.740819050726032,0.748347921318702,0.748645129422802,0.751125337424074,0.754263334394715
"4","brick_xbtm",15.19,0.750669909295962,0.00438333201450417,0.745140083330677,0.748937527615398,0.749121553131257,0.754059353477652,0.756091028924825
