"","var","importance","mean","sd","min","q25","med","q75","max"
"1","brick_sst",26.82,0.640956662179719,0.0124130020666426,0.623022210573351,0.634283459139101,0.644079936264539,0.649506805140993,0.65389089978061
"2","dfs",65.2,0.12729993629505,0.0269932008878121,0.0925010965051754,0.111303396001859,0.13216943597541,0.136672847944421,0.163852905048383
"3","vel_mag",7.97,0.8932757569745,0.00259902381805931,0.890228733216942,0.890696128929201,0.894627153578089,0.895172876459407,0.895653892688864
"4","brick_xbtm",0,1,0,1,1,1,1,1
