"","var","importance","mean","sd","min","q25","med","q75","max"
"1","brick_sst",6.6,0.818985367744411,0.0123897480444148,0.805835838304004,0.813308855119019,0.817106221361842,0.819565375288047,0.839110548649142
"2","dfs",30.67,0.158408307580358,0.00830983698063462,0.147746426382235,0.154006349568259,0.157665792477002,0.163337525210369,0.169285444263925
"3","vel_mag",25.08,0.311791657307724,0.00595707065121833,0.305208396118372,0.307877598672098,0.31116215577695,0.314115605748946,0.320594530222255
"4","brick_xbtm",37.66,-0.0334403750205214,0.00246785457841212,-0.0368885990717418,-0.0342595169700946,-0.0332491021980724,-0.0327168871306686,-0.0300877697320297
