"","var","importance","mean","sd","min","q25","med","q75","max"
"1","dfs",56.9,0.383611326825435,0.0320550488482797,0.340078347725945,0.371765268738977,0.377666243084478,0.405357464992729,0.423189309585045
"2","sst",35.3,0.61756566231687,0.0404201299699517,0.556927828564044,0.615875496989386,0.621876162301274,0.622556204445301,0.670592619284344
"3","u",7.79,0.91558914228231,0.00731599690694924,0.904253605372813,0.913483273562914,0.916613557531806,0.920567614863343,0.923027660080673
"4","v",0,0.999996944765332,9.75645356693899e-07,0.999995352931776,0.999996841401548,0.999997226728207,0.999997347410183,0.999997955354947
"5","xbtm",0,1,0,1,1,1,1,1
