"","var","importance","mean","sd","min","q25","med","q75","max"
"1","sst",51.49,0.0506509992196728,0.0406692666780049,-0.00747676580012213,0.0346316398853289,0.050461287335045,0.0773915348302818,0.0982472998478305
"2","log_depth",14.44,0.733868755262768,0.00802567144349292,0.723150921578206,0.728760681111414,0.735295774614271,0.738725034014968,0.74341136499498
"3","dfs",13.9,0.743827828738937,0.00712692274447247,0.73600621889119,0.73693520526221,0.745134844832471,0.749327019608587,0.751735855100224
"4","sbtm",10.88,0.799458341624887,0.00439354686767225,0.793641340309923,0.797225694505309,0.799208647543255,0.802213575967924,0.805002449798022
"5","mld",6.41,0.881802154904995,0.00708286240667912,0.871874035424324,0.877368990180338,0.88435364157829,0.885946157525354,0.889467949816668
"6","tbtm",2.89,0.946810712574279,0.00300366664385434,0.942347281185212,0.945615907019032,0.947059183790412,0.949367689069811,0.949663501806925
"7","sss",0,1,0,1,1,1,1,1
