"","var","importance","mean","sd","min","q25","med","q75","max"
"1","sst",47.2,0.0134309856762046,0.029651385411788,-0.0270460663424498,0.00509043766776066,0.0132657240230964,0.0204699888120248,0.0553748442205909
"2","dfs",16.39,0.65739623194131,0.0115901126894565,0.647793813949938,0.652250323050822,0.653920113901874,0.655542884511202,0.677474024292716
"3","log_depth",13.77,0.712209183867133,0.0113918611962324,0.69456911958866,0.707371437549278,0.716869430320349,0.719691141515249,0.72254479036213
"4","sbtm",11.46,0.760466202364804,0.00718973845922762,0.755643481919315,0.757087941378583,0.757491196715265,0.758955038405165,0.773153353405693
"5","mld",10.65,0.77747675091792,0.0113860309912912,0.76407801182482,0.771891967996721,0.77722520639708,0.779258672198378,0.794929896172601
"6","tbtm",0.53,0.988988339132061,0.000609087815787241,0.988208148042704,0.988639241674862,0.989108339172241,0.989154122761516,0.989831844008981
"7","sss",0,1,0,1,1,1,1,1
