"","var","importance","mean","sd","min","q25","med","q75","max"
"1","log_depth",17.28,0.778228832909216,0.00346080017238869,0.774327958410753,0.7759423591594,0.77723753995872,0.781220382303453,0.782415924713751
"2","brick_tbtm",12.63,0.837911657523995,0.00354151379039216,0.831809213070863,0.837870924400978,0.839482053281977,0.840141115998104,0.840254980868054
"3","brick_mld",22.57,0.710381262185452,0.00916173388262468,0.703065518005214,0.703606258809962,0.709056176362359,0.710481653801778,0.725696703947946
"4","brick_sss",15.24,0.804490439180815,0.00660461278972928,0.798476827751309,0.798611358492149,0.802312982562899,0.811401682637164,0.811649344460553
"5","brick_sbtm",8.65,0.889035829292915,0.00182759888854824,0.886602152340496,0.888371981512351,0.88850034462015,0.890616886656353,0.891087781335227
"6","gseal",11.75,0.849270420324459,0.00287229556293091,0.844842750207642,0.848428209713437,0.849596221644019,0.851318998856148,0.85216592120105
"7","hseal",11.88,0.847501659237829,0.00419054800897351,0.842951530094291,0.844329083211282,0.846750730102678,0.850511952265233,0.852965000515664
