"","var","importance","mean","sd","min","q25","med","q75","max"
"1","log_depth",4.22,0.962042406412108,0.000658948426557,0.961195064005038,0.961652106517951,0.962021297785458,0.962479614722359,0.962863949029735
"2","brick_tbtm",9.83,0.911487589119596,0.00350898438757955,0.906884625348098,0.908615017645588,0.913462295815803,0.913611936515364,0.914864070273126
"3","brick_mld",6.97,0.937243665986303,0.00270965151218762,0.932737090076565,0.937289174000039,0.937656648251304,0.938678856158391,0.939856561445214
"4","brick_sss",48.54,0.562994125929079,0.0131804003580084,0.540281742426341,0.565508850006549,0.566496186579323,0.56809541374245,0.574588436890731
"5","brick_sbtm",5.4,0.951361177345872,0.00220884624940906,0.948078708013416,0.95059495868641,0.951641644834252,0.952546751210684,0.9539438239846
"6","gseal",12.57,0.886815164785372,0.00270882372343824,0.884025939684765,0.885126746673145,0.886796285736492,0.886988497142562,0.891138354689894
"7","hseal",12.47,0.887762776449226,0.00358666629510091,0.883494243898843,0.885616771475829,0.887672694600925,0.889082750548091,0.89294742172244
