"","var","importance","mean","sd","min","q25","med","q75","max"
"1","log_depth",0.79,0.992891644863386,0.000219523495932985,0.992623972653337,0.992723597550446,0.992901078592012,0.993073762245476,0.993135813275661
"2","brick_tbtm",16.63,0.850924700887491,0.00349473711026296,0.84735582518466,0.847700412220672,0.850780813601808,0.853488297904482,0.855298155525835
"3","brick_mld",8.11,0.927281509290676,0.00207728784950851,0.924227481655789,0.926439852721207,0.927577572583225,0.928507412160063,0.929655227333096
"4","brick_sss",48.09,0.568845557782113,0.0278447480478427,0.526485773459271,0.554995847533514,0.582302987375469,0.587044938548185,0.593398241994127
"5","brick_sbtm",14.98,0.865671894670116,0.00990015189803538,0.849296106978707,0.865456980662403,0.866919498387937,0.871830569409,0.874856317912531
"6","gseal",6.55,0.941319487183872,0.00331412576676936,0.938171975361184,0.938960292489271,0.940108871188984,0.943189141026033,0.94616715585389
"7","hseal",4.85,0.956550159412047,0.0013777691663737,0.954305621641903,0.956401202339645,0.956749106557621,0.957440970517709,0.957853896003356
