"","var","importance","mean","sd","min","q25","med","q75","max"
"1","log_depth",17.72,0.843966713122974,0.00726005403753944,0.835640549422896,0.837289643518037,0.845151767411842,0.850717864805373,0.851033740456724
"2","brick_tbtm",5.88,0.948221253099322,0.00144066503981766,0.946699456641514,0.947021995904601,0.948028338125828,0.949314123428798,0.950042351395867
"3","brick_mld",10.98,0.903282362008252,0.00469485723383688,0.897423007660738,0.900149513462804,0.90421639177662,0.905000553100733,0.909622344040365
"4","brick_sss",26.78,0.764150306892175,0.00792470567099207,0.751697336843864,0.763757204851077,0.763975419968489,0.768297570856059,0.773024001941384
"5","brick_sbtm",2.59,0.97721558523671,0.000479868004351509,0.976573377937418,0.976978421503969,0.977150659177921,0.977653437543012,0.977722030021228
"6","gseal",9.62,0.915243485489578,0.00218176971242352,0.913233201107759,0.913814827048831,0.915058313755446,0.915272739309194,0.918838346226659
"7","hseal",26.42,0.7673009277549,0.00734340328137376,0.758581364454578,0.761605945332162,0.76867265874743,0.77063646599977,0.777008204240562
