"","var","importance","mean","sd","min","q25","med","q75","max"
"1","log_depth",29.53,0.730928997466044,0.00535060673019747,0.724218976512701,0.726441200146098,0.732417473616652,0.735779192637773,0.735788144416994
"2","brick_tbtm",14.77,0.865439037190048,0.00308788304252203,0.860847990982672,0.865188488715247,0.865530216670244,0.866124855711004,0.869503633871073
"3","brick_mld",12.93,0.88217221451498,0.00353987689992885,0.876815725067032,0.880656932865854,0.883288273944507,0.884236080442723,0.885864060254785
"4","brick_sss",3.74,0.965955373443874,0.000858089722174385,0.964663915812987,0.965829800922354,0.966072627816014,0.96615627164181,0.967054251026204
"5","brick_sbtm",0.28,0.99741524737569,5.72504699761928e-05,0.997353336271132,0.997359020544064,0.997423663499879,0.997466519784263,0.997473696779112
"6","gseal",37.22,0.660826256197763,0.0103269501826676,0.649194373285608,0.651854117837277,0.660973135761522,0.670184558012043,0.671925096092365
"7","hseal",1.53,0.98608030825062,0.00015357919504031,0.985919222921195,0.985995657785825,0.986001623213276,0.986207760077737,0.98627727725507
