"","var","importance","mean","sd","min","q25","med","q75","max"
"1","log_depth",57.82,-0.200508556751729,0.00801853311669064,-0.210318366150286,-0.205052296420066,-0.200833691461153,-0.197198605107907,-0.189139824619231
"2","brick_tbtm",2.37,0.950868798951986,0.000486733713871407,0.950403995982714,0.950470271061736,0.950778429109609,0.951111306252565,0.951579992353305
"3","brick_mld",8.5,0.823442362936205,0.00554028824059607,0.818073990786264,0.819796517351764,0.82047486391784,0.829232289739449,0.829634152885709
"4","brick_sss",0.04,0.999140565662716,2.66375079489318e-05,0.999113319264324,0.999114064797043,0.999142387407289,0.99916193948622,0.999171117358704
"5","brick_sbtm",13.04,0.729181706682275,0.00310958724749263,0.724807405084711,0.72822329971254,0.728534261803718,0.731768812857745,0.73257475395266
"6","gseal",8.65,0.820469161836372,0.00384573705885755,0.816647828293375,0.818488712117055,0.819679312923884,0.820741293557193,0.826788662290353
"7","hseal",9.58,0.801111045923805,0.0032712776783787,0.798367075601378,0.799116233533402,0.800453879183009,0.800953641725266,0.806664399575972
