"","var","importance","mean","sd","min","q25","med","q75","max"
"1","log_depth",10.32,0.955011120413365,0.0029718316279804,0.950651636958308,0.953774388524703,0.955615461694224,0.956515115050438,0.95849899983915
"2","brick_tbtm",11.33,0.950649823250941,0.0018405669715745,0.947728536401783,0.950350189580943,0.950895375774437,0.951668281013602,0.952606733483942
"3","brick_mld",22.38,0.902473040236795,0.00829423481579399,0.893451850233536,0.896326397103095,0.903836649204177,0.903949449512163,0.914800855131003
"4","brick_sss",20.35,0.911317985441615,0.00275188668494769,0.909298886123444,0.910115749716064,0.910385793293972,0.91063119043959,0.916158307635003
"5","brick_sbtm",9.45,0.958836315487032,0.0017875895155703,0.956255307284743,0.957656016696497,0.960017414943836,0.96008479511446,0.960168043395623
"6","gseal",14.01,0.938950966197468,0.00406729902289345,0.935682613488266,0.936288486112015,0.936631460634315,0.940956393863514,0.945195876889231
"7","hseal",12.16,0.947020792709555,0.00592139237696829,0.940142067644716,0.942930708472568,0.946488322506,0.950559796925287,0.954983067999203
