"","var","importance","mean","sd","min","q25","med","q75","max"
"1","log_depth",5.77,0.963370876998374,0.00368513331134879,0.957573613966152,0.962827354139611,0.963323396235371,0.966494567146899,0.966635453503839
"2","brick_tbtm",5.97,0.962135514591525,0.00150793468977128,0.960251750380761,0.960827743882492,0.962657500446966,0.963448830459665,0.96349174778774
"3","brick_mld",28.44,0.819511963608382,0.0128953348395335,0.805329173099529,0.809516526558812,0.821144485738474,0.823460924292721,0.838108708352372
"4","brick_sss",26.41,0.832395931652691,0.00954633388499951,0.817219478641546,0.829930860429896,0.836233717251896,0.836287114836537,0.842308487103577
"5","brick_sbtm",3.68,0.9766764961755,0.00359900755790219,0.972196873148277,0.974837009875925,0.975698687464557,0.979699626083007,0.980950284305734
"6","gseal",13.6,0.913684554966741,0.00738427497872334,0.906482384516664,0.908819828161989,0.909901295283175,0.92045931816403,0.922759948707848
"7","hseal",16.12,0.897688431952847,0.00866341554676458,0.882985582906066,0.898083226981103,0.900802691705659,0.900883214007547,0.905687444163859
