"","var","importance","mean","sd","min","q25","med","q75","max"
"1","log_depth",5.58,0.910069406836388,0.00304157496838565,0.905042616587491,0.909599625682317,0.910929254802712,0.91227275121916,0.912502785890261
"2","brick_tbtm",17.72,0.714438964198898,0.00640872251237015,0.704598597317893,0.711783648714345,0.7163919061886,0.718998047030687,0.720422621742967
"3","brick_mld",37.65,0.393227093175316,0.0253212750649739,0.358523512060657,0.378701301862392,0.397807789837505,0.407439839891561,0.423663022224464
"4","brick_sss",4.91,0.920852255725723,0.00599428458707012,0.914071987018641,0.917820628984217,0.918087481501322,0.92618332887923,0.928097852245206
"5","brick_sbtm",1.26,0.979635025231353,0.00257941866280349,0.976533472965804,0.97819472783013,0.978936793947791,0.981662289026907,0.982847842386135
"6","gseal",23.13,0.627268707359599,0.0169559667395063,0.607183094072621,0.615268799644552,0.626547659106547,0.638018047245903,0.649325936728374
"7","hseal",9.74,0.843038902765134,0.0117599003114864,0.828153722497776,0.838377338195509,0.838707018906538,0.853242911151318,0.856713523074531
