"","var","importance","mean","sd","min","q25","med","q75","max"
"1","log_depth",18.58,0.542537460855562,0.0180911317651094,0.521317418684277,0.52942668043802,0.541303048798868,0.555171937230327,0.565468219126319
"2","brick_tbtm",19.46,0.520787511983028,0.0187994424195242,0.500473820530922,0.503732055873933,0.522487577241927,0.532659270243169,0.54458483602519
"3","brick_mld",13.82,0.659734909111785,0.021490683007017,0.63049308741954,0.65029395323523,0.663960733988611,0.664886886577918,0.689039884337625
"4","brick_sss",11.46,0.717880244359637,0.0158457396588934,0.703358728120864,0.705111826712922,0.716598648282393,0.721662812504686,0.742669206177322
"5","brick_sbtm",24.93,0.386214442700963,0.0261634541089234,0.346353650212515,0.37436524697281,0.39553701711701,0.403975782463589,0.410840516738893
"6","gseal",11.75,0.710694655086865,0.0126381564226205,0.69540292976151,0.698463682458956,0.718526430173735,0.720182685741257,0.720897547298868
"7","hseal",0,1,0,1,1,1,1,1
