"","var","importance","mean","sd","min","q25","med","q75","max"
"1","log_depth",6.72,0.947170864579936,0.00335884994014333,0.943726005692856,0.944788168677942,0.946609454736368,0.948513512182076,0.952217181610439
"2","brick_tbtm",3.08,0.975812160923684,0.00177328502909317,0.973313381745669,0.975372168426343,0.97590139459302,0.976218899394785,0.978254960458605
"3","brick_mld",27.56,0.783357158174056,0.0137027292476284,0.768431500331716,0.773236033418012,0.784561105835938,0.786907289955387,0.803649861329227
"4","brick_sss",30.56,0.759769729137386,0.00926472539573574,0.748993344283171,0.75456102328871,0.756637226210253,0.767388720317877,0.771268331586922
"5","brick_sbtm",3.92,0.969182942546377,0.00323742644091469,0.964667681320369,0.967097576965772,0.970495607107671,0.970965812267115,0.972688035070958
"6","gseal",10.77,0.915361925061856,0.00204949218863758,0.91241652384175,0.913990853830478,0.916646640238312,0.916868341028443,0.916887266370295
"7","hseal",17.4,0.863180606583387,0.0136275170291223,0.853202792165851,0.854469964757777,0.85846814992231,0.863232110082697,0.8865300159883
