"","var","importance","mean","sd","min","q25","med","q75","max"
"1","mld",35.14,0.388145739947508,0.0229080400302902,0.361017101905036,0.373565576354759,0.391636061184198,0.392971063398122,0.421538896895428
"2","gseal",32.27,0.438130155607668,0.029285342958773,0.403337389163732,0.431024942469748,0.431778734784318,0.440287132531696,0.484222579088846
"3","tbtm",21.31,0.628950507304649,0.0221704109851928,0.590195463838102,0.631565702539855,0.637290623455978,0.642030079641322,0.643670667047986
"4","log_depth",11.28,0.803586781701667,0.00552363304132688,0.796714202285209,0.801645310202287,0.802458361046672,0.805368916921136,0.811747118053033
"5","hseal",0,1,0,1,1,1,1,1
