"","var","importance","mean","sd","min","q25","med","q75","max"
"1","log_depth",12.89,0.873277062672969,0.00619004556823772,0.865944757558622,0.867821398802445,0.874358371157427,0.878976263245776,0.879284522600574
"2","brick_tbtm",20.69,0.79652994287655,0.00845324022631616,0.788221501051126,0.788559371348887,0.796809064804164,0.800980755357968,0.808079021820604
"3","brick_mld",10.76,0.894186889596789,0.0031482774951711,0.889250012292874,0.89397370772112,0.894120052324174,0.895896469311131,0.897694206334649
"4","brick_sss",21.3,0.79055802790628,0.00446653493453949,0.786618344601702,0.786896034518281,0.788531539590902,0.794918788466631,0.795825432353886
"5","brick_sbtm",14.15,0.860898443246512,0.00756688209386517,0.84983527047847,0.85935813655618,0.859358608606456,0.867001409289308,0.868938791302148
"6","gseal",7.66,0.924667417155442,0.003780203765491,0.920071615064504,0.922847601284676,0.923376606225731,0.927694217846881,0.929347045355418
"7","hseal",12.54,0.876680871336308,0.00564665680489309,0.870690489719473,0.871675188768893,0.87660116994528,0.880597834854367,0.883839673393525
