"","var","importance","mean","sd","min","q25","med","q75","max"
"1","log_depth",15.22,0.843857742266564,0.00925615437695134,0.831529323388082,0.837616928925192,0.845176255780512,0.85169703979846,0.853269163440573
"2","brick_tbtm",10.53,0.892012358630354,0.00574530889689367,0.886438648863477,0.886701861205453,0.891592556524715,0.895578682705279,0.899750043852846
"3","brick_mld",10.71,0.890133229120514,0.0019474388826303,0.888341046437634,0.888540335826269,0.889901768622943,0.89075246350798,0.893130531207742
"4","brick_sss",26.23,0.730912723326986,0.0121218181030424,0.71292997465198,0.725960990512433,0.73421685386172,0.736469825835179,0.74498597177362
"5","brick_sbtm",8.14,0.916514903952692,0.00310438596088211,0.912095828170908,0.915570493896462,0.916785009948336,0.917467151761597,0.920656035986156
"6","gseal",8.35,0.914324748739013,0.00554960322638739,0.907719369456425,0.911773220666211,0.91198003839142,0.919235979898666,0.920915135282345
"7","hseal",20.83,0.786305799860043,0.0112322699336917,0.774275938767663,0.776588024409579,0.7868037252952,0.792487695081707,0.801373615746065
