"","var","importance","mean","sd","min","q25","med","q75","max"
"1","log_depth",2.36,0.986780070254076,0.00124384999973248,0.984662738417316,0.986788670851528,0.9871243064436,0.987539307077045,0.987785328480889
"2","brick_tbtm",16.23,0.909160266704661,0.0046406661819187,0.905987773581358,0.906252747717408,0.907003465784257,0.909467478098813,0.917089868341466
"3","brick_mld",29.47,0.835008329971663,0.0226763558511969,0.80452144147336,0.81946901365663,0.844829063616353,0.844923182547474,0.861298948564496
"4","brick_sss",19.33,0.891791704631172,0.0101470835646589,0.88049811925421,0.881816876375849,0.894959524304369,0.898501049051927,0.903182954169504
"5","brick_sbtm",3.33,0.981349685296455,0.00198408379998083,0.978697845841362,0.980243663229932,0.981372600277003,0.98270952736941,0.983724789764568
"6","gseal",19.48,0.890926667874575,0.00681338489633538,0.880574097695248,0.88953631676747,0.890556163921036,0.895743368244261,0.898223392744857
"7","hseal",9.8,0.945150992976045,0.00251558680738732,0.940787247560594,0.945645580779054,0.945793215204158,0.946313455447249,0.947215465889166
