"","var","importance","mean","sd","min","q25","med","q75","max"
"1","log_depth",8.54,0.956131419442395,0.00104893951621788,0.955051349338527,0.955147877296135,0.956136854072628,0.956887458111102,0.957433558393585
"2","brick_sst",22.3,0.88544499717163,0.00424824020537151,0.879133922889504,0.883853583199602,0.885682832707783,0.888831282075602,0.88972336498566
"3","brick_tbtm",10.08,0.948240107739057,0.000513803872958487,0.947609229029779,0.94802469560478,0.948251125265097,0.948295387389673,0.949020101405955
"4","brick_sss",20.55,0.894426090880013,0.00826122940295164,0.885187354918781,0.890887206248189,0.89134432170538,0.897891691497014,0.906819880030703
"5","brick_sbtm",4.53,0.976751000164973,0.000561404538461857,0.975941394447516,0.976608450178567,0.97678116455255,0.976930061058566,0.977493930587668
"6","brick_mld",14.85,0.923703117319848,0.00239019155433007,0.920472109502084,0.922614029893189,0.923375011291759,0.925629726683466,0.926424709228742
"7","dfs",8.47,0.956512814210267,0.00137600882701767,0.954106700239509,0.95681637868613,0.956939888381631,0.957120264867285,0.957580838876782
"8","vel_mag",5.26,0.973004236123409,0.00165713010422287,0.971158869333123,0.971680105834981,0.973151917529793,0.973728338284295,0.975301949634853
"9","brick_xbtm",5.43,0.972099516430197,0.000655332963642424,0.971197956559041,0.97160443437159,0.972515425813007,0.972534973925327,0.972644791482017
