"","var","importance","mean","sd","min","q25","med","q75","max"
"1","log_depth",46.78,0.493376729012366,0.0231442648256578,0.468162689666964,0.473341222651121,0.498014871624312,0.502295963055065,0.525068898064366
"2","brick_sst",18.97,0.794560205813489,0.00404558125647693,0.790524626246982,0.790977717101526,0.794634319352479,0.796346526663366,0.800317839703093
"3","brick_tbtm",17.29,0.812762848722951,0.00548211330891316,0.803930402489192,0.812409585775248,0.812815043756174,0.816902932927614,0.817756278666526
"4","brick_sss",4.19,0.954602275136761,0.002480777444339,0.951621697846163,0.952453314844203,0.955335076264561,0.956125175982798,0.957476110746078
"5","brick_sbtm",2.3,0.975131614390472,0.000679682880191095,0.974241808459042,0.97466314918808,0.97522441677155,0.975647423224256,0.975881274309432
"6","brick_mld",2.86,0.969013237188231,0.00118408456845459,0.967318903834532,0.968709993972768,0.968837551231434,0.969744127997333,0.970455608905086
"7","dfs",0.8,0.991357307323646,0.00101228459035213,0.990185403225167,0.990612133346187,0.991316852181538,0.991980664220966,0.992691483644372
"8","vel_mag",6.81,0.926299406473333,0.00459548425710028,0.919015667470776,0.925064333662586,0.927383078173882,0.929281910233013,0.930752042826409
"9","brick_xbtm",0,1,0,1,1,1,1,1
