"","var","importance","mean","sd","min","q25","med","q75","max"
"1","log_depth",51.68,0.302720710407086,0.0287944460022774,0.267515407573569,0.277576250386846,0.310647032036081,0.326946468341849,0.330918393697087
"2","brick_sst",19.67,0.734591798639884,0.0075245539826267,0.72880577681005,0.729498056707697,0.731478659631642,0.736135769093863,0.747040730956168
"3","brick_tbtm",2.29,0.9691662032768,0.00103650097055081,0.968151862818531,0.968343169481413,0.968833804810913,0.969999474566647,0.970502704706494
"4","brick_sss",0.11,0.998464356192868,9.33361252752161e-05,0.99838199777241,0.998388020035595,0.998457565779017,0.998481915639258,0.998612281738059
"5","brick_sbtm",15.55,0.790215838484914,0.00655785028286291,0.782310666803551,0.783852434310239,0.794123298034976,0.795181520348714,0.795611272927093
"6","brick_mld",4.9,0.933934306699065,0.00177508808042714,0.931593806829083,0.932621001254136,0.934434652141096,0.935212255951941,0.935809817319068
"7","dfs",0.75,0.98986561017721,0.000609910390457034,0.989187642912305,0.989213382985669,0.990215633954061,0.990351285814371,0.990360105219641
"8","vel_mag",3.53,0.952379094491028,0.00222509334251992,0.948649909526934,0.952441667516324,0.952825090201278,0.953485255289316,0.954493549921287
"9","brick_xbtm",1.52,0.97943190595214,0.000517835781342741,0.978737057853298,0.979060023367265,0.979578276673002,0.979834860808757,0.979949311058377
