"","var","importance","mean","sd","min","q25","med","q75","max"
"1","log_depth",10.51,0.922215466543641,0.00532116636199631,0.913384584688985,0.922564622147748,0.922981044071653,0.924524786996789,0.927622294813031
"2","brick_sst",25.42,0.811902750922964,0.0115766959551736,0.801402653475146,0.804450613272916,0.806325406638656,0.818083374034851,0.82925170719325
"3","brick_tbtm",6.22,0.953959910720549,0.00432927737102563,0.947327764891325,0.953225502666565,0.954965231259659,0.954995469990585,0.95928558479461
"4","brick_sss",12.1,0.910433188927426,0.00740926460089648,0.901977383473964,0.905724796342894,0.910366749017451,0.91266730392358,0.921429711879243
"5","brick_sbtm",2.29,0.983082821471272,0.000862508468674756,0.981992920671465,0.98240425803986,0.983414511626698,0.983496928113288,0.984105488905048
"6","brick_mld",25.15,0.813876150373707,0.00904423463606548,0.800698899452829,0.808161422618044,0.819433280747548,0.819800648608207,0.821286500441906
"7","dfs",13,0.903824809549321,0.00681345245951002,0.896587771227579,0.899899931322656,0.900796084508393,0.908913539307496,0.912926721380482
"8","vel_mag",5.1,0.962250315044783,0.00465769861751643,0.957210151093186,0.959772420270327,0.960941092532944,0.96396591008755,0.969362001239908
"9","brick_xbtm",0.22,0.998379976726454,0.000154736513989848,0.998236257157587,0.998236919134311,0.998351099252174,0.998493083059145,0.998582525029054
