"","var","importance","mean","sd","min","q25","med","q75","max"
"1","log_depth",10.37,0.946977673630818,0.000930016271828925,0.945787344122404,0.946448274600314,0.947065181262575,0.947333978005238,0.948253590163558
"2","brick_sst",22.27,0.886161984034415,0.00551515603255888,0.880357170843039,0.880931236067323,0.887997751765371,0.888030300522787,0.893493460973555
"3","brick_tbtm",7.23,0.963027988952125,0.00096206429299125,0.962010408533307,0.962351548243387,0.962679917543415,0.964010278251223,0.964087792189294
"4","brick_sss",16.72,0.914565368092769,0.00703061520833114,0.906208605473203,0.911664380722119,0.912366078709423,0.917823717503934,0.924764058055165
"5","brick_sbtm",3.86,0.980254825614516,0.000693869636366154,0.979725980978514,0.979811914643943,0.980021317727314,0.980279046809072,0.981435867913738
"6","brick_mld",22.1,0.887048070270964,0.00467465492449735,0.882182102425243,0.885210543237106,0.88567055810047,0.8874964596048,0.8946806879872
"7","dfs",5.09,0.974007574216569,0.00125788820243384,0.971865995537418,0.973980098453056,0.974397065293456,0.974838659318073,0.97495605248084
"8","vel_mag",8.95,0.954277639041675,0.00155493709574072,0.952345212896038,0.953255993106069,0.954367024014756,0.95508465049458,0.95633531469693
"9","brick_xbtm",3.41,0.98257734831064,0.000664450759060396,0.981810738540164,0.981973053509935,0.982694718694089,0.983121451289856,0.983286779519153
