"","var","importance","mean","sd","min","q25","med","q75","max"
"1","log_depth",11.86,0.949254567786477,0.00348076575754996,0.944253849412368,0.946930363329213,0.951525585608852,0.951531209933725,0.952031830648225
"2","brick_tbtm",14.89,0.936311757392789,0.000794706489000365,0.935602877482758,0.935747037857471,0.936268352519509,0.936323853888626,0.937616665215582
"3","brick_mld",11.99,0.948703467479909,0.00293326257219097,0.945598335098915,0.945830053492749,0.949408227333638,0.950312094314135,0.952368627160106
"4","brick_sss",29.33,0.874510102918389,0.00551288947252856,0.867980848147805,0.871234632600823,0.874343295442118,0.876457417941409,0.882534320459794
"5","brick_sbtm",8.39,0.964094259738322,0.00173859741744061,0.962126474761632,0.962528367660351,0.964288266554411,0.965488095845376,0.966040093869837
"6","gseal",5.13,0.978048835996303,0.0038373644135632,0.975054678428321,0.975324667997892,0.975399318724491,0.981740287574508,0.982725227256301
"7","hseal",18.4,0.921282665943515,0.00460798517804875,0.91746350606364,0.917739818327007,0.918592702728022,0.926168297308236,0.926449005290671
