"","var","importance","mean","sd","min","q25","med","q75","max"
"1","log_depth",12.11,0.964195905977342,0.00246814342043895,0.96037638746912,0.963384392095929,0.964695601679034,0.965851705956969,0.966671442685659
"2","brick_sst",16.21,0.952087854261699,0.00576093463489615,0.945673437232949,0.947707572957777,0.950967725333558,0.957740622026559,0.958349913757654
"3","brick_tbtm",11.48,0.966045664452603,0.00350179708938594,0.962193985223675,0.963033556835599,0.965884758096953,0.969087342327807,0.970028679778981
"4","brick_sss",9.65,0.971479307245172,0.00256209458794513,0.968055977379752,0.97084129697799,0.971024397653048,0.972372538024324,0.975102326190744
"5","brick_sbtm",13.03,0.961463863965319,0.00200387199676709,0.959659151399455,0.960030124782347,0.961433098459614,0.96145460836728,0.964742336817898
"6","brick_mld",12.66,0.962554588980779,0.0023704535013176,0.959392672426086,0.96113231327215,0.962589000972567,0.96460124648016,0.965057711752935
"7","dfs",13.93,0.958821537140134,0.00540139165553568,0.952632267201095,0.95412049934612,0.960432101446372,0.961154617561655,0.965768200145427
"8","vel_mag",5.4,0.984032720977744,0.000858737674523894,0.98291189664869,0.983629096672569,0.983831077884392,0.984885628913985,0.984905904769085
"9","brick_xbtm",5.53,0.983657744199979,0.00183549951243839,0.980761476349714,0.983018681855004,0.984251884864753,0.985104207628803,0.985152470301623
