"","var","importance","mean","sd","min","q25","med","q75","max"
"1","log_depth",20.26,0.733796060028045,0.00834615933229045,0.720221381354813,0.732871740422177,0.734982960900126,0.739130645107866,0.741773572355245
"2","brick_sst",0,1,0,1,1,1,1,1
"3","brick_tbtm",3.37,0.955689619370475,0.00241016929443886,0.951867255073817,0.954941967703829,0.956611165521146,0.956984090656983,0.958043617896602
"4","brick_sss",23.79,0.687536909637078,0.0218591784492985,0.655783585695533,0.680145562673818,0.689694015919592,0.697094919379863,0.714966464516584
"5","brick_sbtm",0,1,0,1,1,1,1,1
"6","brick_mld",18.87,0.752057194729121,0.0165160734328703,0.730248841183858,0.745020272262402,0.747835661045464,0.767732734192379,0.769448464961501
"7","dfs",29.62,0.610927203263217,0.0193376952514736,0.577376894378254,0.612973307207607,0.618892659188821,0.619126478176138,0.626266677365265
"8","vel_mag",0,1,0,1,1,1,1,1
"9","brick_xbtm",4.08,0.946342746232683,0.00246474985002174,0.942655788303172,0.945678944959374,0.946941238569767,0.947021438645102,0.949416320685999
