"","var","importance","mean","sd","min","q25","med","q75","max"
"1","log_depth",12.07,0.967658420792158,0.000540639700995203,0.967097846862743,0.967300452161759,0.96755050008462,0.967864797268022,0.968478507583647
"2","brick_sst",11.8,0.968382398265511,0.00160479599321675,0.966535124436372,0.967888801643497,0.968151907155501,0.968386215909209,0.970949942182973
"3","brick_tbtm",12.02,0.967794305629424,0.000894477860503889,0.966409821964934,0.967414579342154,0.968134427633117,0.968436782075347,0.968575917131566
"4","brick_sss",9.34,0.974979840892108,0.000876398610158185,0.97371801436444,0.97446564176912,0.975329315278153,0.975498136307772,0.975888096741053
"5","brick_sbtm",11.91,0.968105689197785,0.00181690107591219,0.966088359972743,0.967028856758709,0.968220501697809,0.968267980989603,0.970922746570061
"6","brick_mld",10.8,0.97107746682787,0.00261581249963447,0.968490841928857,0.969603037136243,0.970212982806813,0.971862807905909,0.975217664361528
"7","dfs",15.89,0.957442113432358,0.00271527113415136,0.954009297855836,0.956539022611518,0.956699583528732,0.958669008218482,0.961293654947223
"8","vel_mag",7.84,0.979001671420593,0.00110621022991081,0.977361703620793,0.978352126682904,0.979609690392216,0.979840975200155,0.979843861206898
"9","brick_xbtm",8.33,0.977698749336392,0.000528841271498194,0.97677708957114,0.977737628543836,0.977928578701648,0.977995815078513,0.978054634786822
