"","var","importance","mean","sd","min","q25","med","q75","max"
"1","log_depth",35.25,0.62687978366516,0.0194284809665378,0.609033476458233,0.609781005817881,0.620462420118005,0.646466482080475,0.648655533851205
"2","brick_sst",0.94,0.990052940824527,0.000696294543736507,0.989471854673073,0.989625402177874,0.989926899297909,0.990004143458476,0.991236404515305
"3","brick_tbtm",2.38,0.974820375976253,0.000894124225914994,0.973600742908354,0.974295147143074,0.975041289198305,0.975247350361942,0.975917350269591
"4","brick_sss",0,1,0,1,1,1,1,1
"5","brick_sbtm",0,1,0,1,1,1,1,1
"6","brick_mld",7.7,0.918478224272026,0.00575975177136235,0.913001919085665,0.914514052602192,0.916792153933699,0.920705967407198,0.927377028331374
"7","dfs",51.89,0.450701581159002,0.040138619735254,0.409195526431411,0.42514321205373,0.451952309978302,0.452776895956677,0.514439961374892
"8","vel_mag",1.83,0.980675635979554,0.00161560396100449,0.978988306584637,0.979820999761796,0.980605243059891,0.980669173373443,0.983294457118002
"9","brick_xbtm",0.01,0.999888649511411,1.12680954742921e-05,0.999878128619947,0.999880248999209,0.999883796642586,0.999897337914472,0.99990373538084
