"","var","importance","mean","sd","min","q25","med","q75","max"
"1","log_depth",19.16,0.946457554147215,0.00152954081844124,0.944747581085494,0.945684376295695,0.946425207876418,0.946559608299398,0.948870997179069
"2","brick_sst",13.73,0.96164020069201,0.00224971964192768,0.960097666507258,0.960439999884284,0.960481722349957,0.961657771486695,0.965523843231853
"3","brick_tbtm",11.08,0.96904459696399,0.00247229136304805,0.965254920311471,0.968364600569372,0.969327046242459,0.970514247684257,0.971762170012388
"4","brick_sss",8.23,0.977003738708212,0.000304773501503561,0.976539068102989,0.976877358032351,0.977092975121797,0.977200866572636,0.977308425711289
"5","brick_sbtm",11.7,0.967319894395074,0.0012222026541327,0.966155498794424,0.966723940953671,0.967142848059642,0.96720322489648,0.969373959271155
"6","brick_mld",9.78,0.972671358557029,0.00159987785042618,0.970585466638423,0.971719572230837,0.972684473108619,0.973732292710767,0.974634988096498
"7","dfs",12.06,0.966308306427244,0.00141606990394313,0.963852680185006,0.966416570536425,0.966796667569826,0.96715794583798,0.96731766800698
"8","vel_mag",7.42,0.979259287793428,0.00123362895766174,0.977534457572137,0.978855176324367,0.979015521408598,0.980252351384251,0.98063893227779
"9","brick_xbtm",6.84,0.980876688126127,0.00116450068036341,0.979457263038942,0.979971839940801,0.981211176820259,0.981371967814915,0.982371193015721
