"","var","importance","mean","sd","min","q25","med","q75","max"
"1","log_depth",11.94,0.96454215374111,0.00309908703042239,0.960835631201708,0.962073637171822,0.964962399609006,0.966457768398437,0.968381332324575
"2","brick_sst",19.99,0.940656254803853,0.00318571420660296,0.936205392987745,0.93839779581996,0.942252397567759,0.943033503921938,0.943392183721861
"3","brick_tbtm",11.08,0.967118026041402,0.00437092015931557,0.962689955269221,0.963027113574135,0.968316360339718,0.968344789229817,0.973211911794121
"4","brick_sss",5.85,0.982619866136493,0.000529936113592227,0.981921234546682,0.982220515867809,0.982769966434591,0.983049127073253,0.983138486760129
"5","brick_sbtm",10.57,0.968615087582074,0.00141223921732151,0.966709077486726,0.967946695489687,0.968462444916125,0.969698994778139,0.970258225239691
"6","brick_mld",9.48,0.971867917631068,0.00176459845197542,0.969157908363589,0.971382280108333,0.972323571693676,0.972561956875258,0.973913871114483
"7","dfs",23.6,0.929943087519205,0.00357555677742329,0.926383548261884,0.926464008893781,0.930504413849396,0.931589348748541,0.934774117842422
"8","vel_mag",5.01,0.98512287117254,0.00091487462624739,0.983913938305402,0.984567190641496,0.985222987016011,0.985653140182157,0.986257099717633
"9","brick_xbtm",2.47,0.992662164954234,0.000539832528873185,0.992002150897891,0.992250371171281,0.992686115436237,0.993112243052433,0.993259944213328
