"","var","importance","mean","sd","min","q25","med","q75","max"
"1","log_depth",2.16,0.983817366463151,0.000765231910656136,0.982934307425465,0.983310880779345,0.983702227146163,0.984286243840624,0.984853173124157
"2","brick_tbtm",7.48,0.943970205671976,0.00560359600286283,0.936809178126569,0.939849928524919,0.94510269796388,0.947534244695629,0.950554979048882
"3","brick_mld",5.61,0.957958499990773,0.00192452318894022,0.956322378345193,0.956507458088784,0.95766724364937,0.958191507571385,0.961103912299133
"4","brick_sss",20.15,0.848983779217065,0.0216062853626393,0.812275635932025,0.846729222917106,0.860007542021689,0.861740807802342,0.864165687412161
"5","brick_sbtm",0.99,0.992575420403332,0.000155469612917416,0.992430736236415,0.992516715602879,0.99252667913267,0.992563386100773,0.992839584943924
"6","gseal",1.48,0.988886410302283,0.00162724688206333,0.986354384149194,0.988566209456274,0.988994496223827,0.989870404208276,0.990646557473845
"7","hseal",62.13,0.534397024690405,0.0590933795955257,0.469789177887218,0.493820823811206,0.517210902684861,0.58207440622413,0.609089812844608
