"","var","importance","mean","sd","min","q25","med","q75","max"
"1","log_depth",0.78,0.993504199528611,0.00120420469096845,0.991935146575963,0.99300936378401,0.993169339417029,0.994474972806179,0.994932175059874
"2","brick_tbtm",2.17,0.981862025175054,0.00299041794590771,0.978447673205798,0.979762279407356,0.981183326667201,0.984774477685261,0.985142368909654
"3","brick_mld",19.5,0.836765771455436,0.0298494699287229,0.787492871180386,0.831516690787612,0.846256644154849,0.857762304294076,0.860800346860257
"4","brick_sss",21.54,0.8196233097523,0.028785813122165,0.780656674855323,0.803934045317194,0.818658339922277,0.846392402708125,0.848475085958582
"5","brick_sbtm",0.25,0.997934518058819,0.000545025048533917,0.997314948265838,0.997451088240773,0.998081570282457,0.998197903732624,0.998627079772405
"6","gseal",0.87,0.992694707241472,0.00374067481304155,0.98685826427103,0.992117515917633,0.992992293333236,0.994573368047046,0.996932094638412
"7","hseal",54.9,0.540371761941928,0.0740180825718721,0.429050117639096,0.527035701007947,0.529246913713018,0.607230077399408,0.60929599995017
