"","var","importance","mean","sd","min","q25","med","q75","max"
"1","log_depth",2.23,0.960954001439727,0.00727681244874965,0.951324624317221,0.957623903130846,0.959393384616289,0.967948082598641,0.968480012535638
"2","brick_tbtm",0,1,0,1,1,1,1,1
"3","brick_mld",19.24,0.66274041824581,0.0481454326449063,0.608395532665593,0.620562250849868,0.669106560011927,0.693072615610183,0.72256513209148
"4","brick_sss",17.81,0.687833582542058,0.0178364492423954,0.669528496993953,0.669760637167867,0.689322421704904,0.705235271443771,0.705321085399797
"5","brick_sbtm",0,1,0,1,1,1,1,1
"6","gseal",0,1,0,1,1,1,1,1
"7","hseal",60.72,-0.0642070911463311,0.0686655526163739,-0.176279622029463,-0.0734425843634252,-0.0413198497233529,-0.0355774541619573,0.00558405454654233
