"","var","importance","mean","sd","min","q25","med","q75","max"
"1","log_depth",0,1,0,1,1,1,1,1
"2","brick_tbtm",0.12,0.998157989769744,0.000164935127948392,0.998000299773987,0.998007280106083,0.998162720116458,0.998222919459827,0.998396729392363
"3","brick_mld",20.63,0.687141137843237,0.0315453719677723,0.642865758409731,0.670580514152542,0.696562523328524,0.699898841815547,0.725798051509841
"4","brick_sss",8.28,0.874471064511965,0.0137972055659979,0.861309311161762,0.865482105954349,0.86858935984337,0.882166048268718,0.894808497331626
"5","brick_sbtm",0,1,0,1,1,1,1,1
"6","gseal",8.81,0.866445745999222,0.0122807073530512,0.847198533901457,0.862133362669839,0.869895745043267,0.876265127432983,0.876735960948563
"7","hseal",62.16,0.0574865122475373,0.0465276390650077,0.0190023447627958,0.0240803157526301,0.0329317092599717,0.0856030492378693,0.125815142224419
