"","var","importance","mean","sd","min","q25","med","q75","max"
"1","log_depth",1.33,0.988849030727518,0.00250497717679422,0.986364524043641,0.987128377678289,0.987693454767547,0.991167374498738,0.991891422649374
"2","brick_tbtm",0.83,0.992989016137726,0.000637411310516758,0.992242197794635,0.992473236939011,0.993134232870385,0.993268377829202,0.993827035255399
"3","brick_mld",1.14,0.990430279528802,0.00195445846673463,0.988189728616732,0.988588265954262,0.990870006939224,0.992113752394438,0.992389643739352
"4","brick_sss",9.32,0.921680075831988,0.00582876506597139,0.913349119266861,0.919488462902006,0.921180628476162,0.926600267509282,0.927781901005631
"5","brick_sbtm",0.81,0.993216868503169,0.000699702853802654,0.992410293264826,0.992494386155184,0.993667235512601,0.993731976911726,0.993780450671507
"6","gseal",10.5,0.911793746424403,0.0152508892013726,0.88880822443481,0.908098704386116,0.910687015594463,0.924952819812182,0.926421967894442
"7","hseal",76.08,0.360739723544003,0.110112233308402,0.220782928278171,0.327982195822273,0.349471946940299,0.379293091395898,0.52616845528337
