"","var","importance","mean","sd","min","q25","med","q75","max"
"1","log_depth",1.93,0.960450598114805,0.00439697894794752,0.95286907486185,0.961036716795721,0.961337279121638,0.96332301138044,0.963686908414373
"2","brick_tbtm",0,1,0,1,1,1,1,1
"3","brick_mld",23.13,0.526285193470314,0.0186623018787005,0.507702676731299,0.5106646969794,0.528437268498565,0.530361740863789,0.554259584278517
"4","brick_sss",18.34,0.624383933575427,0.0639445529116254,0.543580879094759,0.597851447380792,0.600885889394176,0.687387698067272,0.692213753940135
"5","brick_sbtm",0,0.999999919774133,4.87084098737163e-09,0.999999912394698,0.999999917656194,0.999999920997843,0.999999923568617,0.999999924253315
"6","gseal",4.64,0.905045267970027,0.00790658134269703,0.895874732769758,0.899009933084625,0.905194033470618,0.909732007402854,0.915415633122278
"7","hseal",51.97,-0.0644942652356982,0.0380058501108448,-0.109421278319749,-0.0851325969641997,-0.0770108775045098,-0.0334638964060845,-0.017442676983948
