"","var","importance","mean","sd","min","q25","med","q75","max"
"1","log_depth",4.52,0.966407108189407,0.00636119437597261,0.960833165322146,0.961595538198388,0.964592639409883,0.968638826929174,0.976375371087443
"2","brick_tbtm",29.61,0.780122204511847,0.0175108918371187,0.763608445341769,0.768134749306565,0.779236694504652,0.78107605989687,0.808555073509378
"3","brick_mld",3.8,0.971750347642058,0.00318607667283475,0.967847483419979,0.970364668985549,0.970734330388645,0.973774387153616,0.976030868262503
"4","brick_sss",8.87,0.934157416180689,0.00821487164212061,0.925764035350274,0.927657568013366,0.935285992474717,0.935506521050207,0.946572964014878
"5","brick_sbtm",1.34,0.990078539737015,0.000812740747927271,0.989211506027971,0.98938547173072,0.989996591003801,0.990733403975009,0.991065725947575
"6","gseal",4.51,0.966531392899747,0.00454444164835503,0.961169235863655,0.964378317800275,0.96555033387435,0.968313430153297,0.973245646807158
"7","hseal",47.36,0.648257966892113,0.0266316845722623,0.610765160317935,0.631458957144046,0.656138108714294,0.669233241520964,0.673694366763324
