"","var","importance","mean","sd","min","q25","med","q75","max"
"1","log_depth",2.05,0.982717308036272,0.00145544884721614,0.98153380679022,0.98157743642394,0.981865784494564,0.984240464021779,0.984369048450858
"2","brick_tbtm",8.02,0.932227027960329,0.0042845218849192,0.927369145091497,0.929865155766609,0.931182393833715,0.934236756994628,0.938481688115195
"3","brick_mld",3.22,0.972770472214103,0.00145770248460002,0.971367580896937,0.971517046281343,0.972337376934123,0.974297870876213,0.974332486081898
"4","brick_sss",18.05,0.847499337001147,0.0123824087446901,0.83833144392978,0.8400469320089,0.844550091492087,0.845589537079812,0.868978680495155
"5","brick_sbtm",0.81,0.993191308162657,0.000816558865281928,0.992285429598276,0.992559861842323,0.993272717858731,0.993482653207835,0.994355878306122
"6","gseal",0.99,0.991670578085509,0.0012608071240774,0.99028360194141,0.990727342773228,0.99145166067639,0.992592872082806,0.993297412953711
"7","hseal",66.87,0.434981058487909,0.0657258729026466,0.344151977049647,0.386689872862827,0.469657949162483,0.482680322074562,0.491725171290028
