"","var","importance","mean","sd","min","q25","med","q75","max"
"1","log_depth",11.54,0.926578850753848,0.00271973130528777,0.92311932894773,0.925560275048608,0.925566889767632,0.928830154518926,0.929817605486344
"2","brick_tbtm",4.15,0.973617507276396,0.0013108397331802,0.971863266802749,0.973273877820835,0.973451241798705,0.974012362797782,0.975486787161909
"3","brick_mld",4.31,0.972564901083878,0.000827417992250366,0.971841513024626,0.971997760825798,0.972396284501461,0.972661796559342,0.973927150508163
"4","brick_sss",32.31,0.794458865478155,0.00670437768258405,0.78809280488201,0.788645666377448,0.793275731318433,0.798419941277188,0.803860183535698
"5","brick_sbtm",20.31,0.870754937088093,0.00231650552052069,0.866797839736738,0.870663006596912,0.871639093230597,0.872274994576714,0.872399751299506
"6","gseal",1.35,0.991406320092439,0.000458871265422467,0.990604808608397,0.991487471122857,0.99155262625509,0.991633889074441,0.991752805401411
"7","hseal",26.03,0.834382366586579,0.0143618972484071,0.817506749256323,0.827976184991286,0.83199321943484,0.838161792280437,0.856273886970008
