"","var","importance","mean","sd","min","q25","med","q75","max"
"1","log_depth",15.29,0.934393533985686,0.00347573487296231,0.928554959084603,0.934669726702787,0.934679873124172,0.936751031779689,0.937312079237179
"2","brick_tbtm",13.05,0.944025933035846,0.00378246427407928,0.940092560436665,0.940458342176289,0.944001626858624,0.947191245890254,0.948385889817401
"3","brick_mld",8.83,0.962126944543958,0.00201609919310917,0.959220929269719,0.961331559269133,0.962252089379519,0.963294347976245,0.964535796825175
"4","brick_sss",22.86,0.901917886483631,0.00657257144983959,0.891742164080255,0.898880378240501,0.905482757204401,0.906121876471074,0.907362256421926
"5","brick_sbtm",16.51,0.929165203368158,0.0022361015948715,0.926726092119782,0.927965592748665,0.929112866479882,0.929308150071374,0.932713315421089
"6","gseal",10.97,0.95293188784886,0.00215451115738267,0.949474225624377,0.952584694420442,0.95357688077825,0.953775843708602,0.955247794712626
"7","hseal",12.48,0.946449461665675,0.00182399877304002,0.9443671511499,0.945459787792429,0.946174930648403,0.947046275065804,0.949199163671837
