"","var","importance","mean","sd","min","q25","med","q75","max"
"1","hseal",49.07,0.538650648022191,0.0107817345930628,0.528283470680131,0.534775216824036,0.536258362631404,0.537008100186269,0.556928089789117
"2","log_depth",21.82,0.794871385065685,0.00512009289041518,0.788091785292362,0.790960851035285,0.796787038814817,0.798409897829427,0.800107352356533
"3","tbtm",9.32,0.912393175083114,0.00591248430042052,0.905556242053493,0.910512718252507,0.911319161799447,0.91279105390561,0.921786699404512
"4","mld",8.8,0.917295301675605,0.00190364329163498,0.915239648694536,0.915604486273778,0.917635176983549,0.91813462141611,0.919862575010052
"5","gseal",4.27,0.959895224827816,0.00110343667313858,0.959096845768813,0.959229260775239,0.959421796841561,0.959945480893926,0.961782739859539
"6","sbtm",4,0.962434044917944,0.000788532881222345,0.961548276217846,0.962016354230096,0.962378367162086,0.962565271526309,0.963661955453385
"7","sss",2.73,0.974331712295785,0.00117173921186472,0.973040805338405,0.973289069396606,0.974357823303633,0.97529110296562,0.975679760474659
