"","var","importance","mean","sd","min","q25","med","q75","max"
"1","hseal",51.18,0.492603596520492,0.0205910778210586,0.467637512026236,0.485991892066254,0.486011220086903,0.500352680294866,0.523024678128198
"2","log_depth",14.78,0.853429373690678,0.00261641185725408,0.849528984520828,0.852578659443745,0.85343234500527,0.855509071297269,0.856097808186282
"3","tbtm",13.66,0.864608210913297,0.0045177091898093,0.858369665273008,0.861923745689828,0.865851842133432,0.866951250210496,0.869944551259719
"4","mld",10.9,0.891920867428934,0.00176267922518825,0.890329912426042,0.891205413157083,0.89148700837902,0.891641400026255,0.89494060315627
"5","gseal",4.14,0.958909008287657,0.000353041102248334,0.95865810287507,0.958694637632669,0.958804713944935,0.958864733285812,0.9595228536998
"6","sss",3.23,0.96799283366843,0.000798779532840846,0.966867901178728,0.967549713535498,0.968221796732744,0.968396519554265,0.968928237340917
"7","sbtm",2.1,0.979172189769733,0.000532584833500043,0.978536372901435,0.978735544454888,0.979209549734204,0.979654032826656,0.979725448931482
