"","var","importance","mean","sd","min","q25","med","q75","max"
"1","log_depth",40.94,0.541641529250908,0.0152887039784541,0.517434928977532,0.536019793017508,0.547952304249213,0.552675488800063,0.554125131210225
"2","gseal",40.33,0.548438625229032,0.0367729983303838,0.51132309241647,0.530344934057904,0.543091294924824,0.548369520989448,0.609064283756514
"3","sbtm",15.35,0.828093161488011,0.0140323058428718,0.809282037905228,0.819085241593919,0.83096247486342,0.836497156699748,0.844638896377742
"4","tbtm",3.1,0.965273717914957,0.00569324369212715,0.958708743052087,0.959986007088807,0.966541217295175,0.969872165931154,0.971260456207563
"5","sss",0.27,0.996994826467954,0.000329321713293958,0.996638040568007,0.996650267223789,0.997103343221556,0.997279090022545,0.997303391303873
"6","mld",0,0.999997465599005,2.33920418516049e-07,0.999997112180394,0.999997426363325,0.999997488804182,0.999997541589732,0.999997759057392
"7","hseal",0,1,0,1,1,1,1,1
