"","var","importance","mean","sd","min","q25","med","q75","max"
"1","log_depth",4.85,0.977760007390872,0.00117303469229343,0.976730003434919,0.977235050850195,0.97749149079288,0.977568813819301,0.979774678057063
"2","brick_sst",33.88,0.844570702261963,0.0143077867913209,0.828105255651099,0.837513776440108,0.841872010097402,0.849111378563947,0.866251090557257
"3","brick_tbtm",9.26,0.957519135235191,0.00230045467785275,0.954964487530417,0.955254894096889,0.958371628150951,0.958823193458445,0.960181472939254
"4","brick_sss",15.77,0.927642051862601,0.00604281790065912,0.919612358552953,0.925813596000417,0.927368276018526,0.929044651041703,0.936371377699407
"5","brick_sbtm",4.19,0.980788047738611,0.0010774949130129,0.979626643647915,0.980075134034227,0.980399972202006,0.981722952118871,0.982115536690034
"6","brick_mld",12.98,0.940478303258861,0.00272469484672257,0.937815876263686,0.938309601070577,0.940190219364742,0.941502022798545,0.944573796796756
"7","dfs",10.43,0.95217542148298,0.00292775412517937,0.948147951324875,0.950125374725332,0.953206074426228,0.9545170488775,0.954880658060964
"8","vel_mag",3.94,0.98191532655207,0.000537822495870351,0.981031398541966,0.981873024987349,0.982012702442199,0.982227497051006,0.98243200973783
"9","brick_xbtm",4.7,0.978425532962005,0.00119671904325201,0.97731577673369,0.977511862362836,0.978001050984719,0.979156598271089,0.980142376457689
