"","var","importance","mean","sd","min","q25","med","q75","max"
"1","log_depth",1.06,0.984304825912846,0.00288057764089789,0.980833375075056,0.983740962575301,0.983988218534359,0.984108852188034,0.988852721191479
"2","brick_sst",30.8,0.545963026066281,0.0396551581445616,0.498877775197487,0.506495890165618,0.572621964519576,0.573549768312888,0.578269732135839
"3","brick_tbtm",11.05,0.837099769117319,0.0120994354786791,0.82314270861438,0.827057945432371,0.839292984517897,0.843134657055624,0.852870549966324
"4","brick_sss",0.31,0.995499318477809,0.000741236459350785,0.994773474620621,0.995064784016623,0.995253096083393,0.995737770363416,0.996667467304991
"5","brick_sbtm",0.19,0.997262039840612,0.000644831571788529,0.996268229031014,0.997136551403644,0.997235478707441,0.997798774367108,0.997871165693853
"6","brick_mld",7.87,0.883953487914341,0.0071905059294575,0.874899486464338,0.878654327095684,0.886225099889634,0.886943418527476,0.893045107594571
"7","dfs",24.08,0.644975942266227,0.0162639310076238,0.626008193076017,0.629252360645738,0.653274663827223,0.654055112698863,0.662289381083294
"8","vel_mag",15.7,0.768575790514261,0.0180448300506895,0.753517745703996,0.755829893665176,0.75813339467601,0.781664633724749,0.793733284801374
"9","brick_xbtm",8.94,0.86826610825974,0.0163083350749539,0.850860403198086,0.853913059511495,0.867332295290875,0.881481527019962,0.887743256278284
