"","var","importance","mean","sd","min","q25","med","q75","max"
"1","log_depth",4.3,0.975586600460967,0.00136120434048055,0.974060194499564,0.974690702673602,0.975158882977512,0.976879875994325,0.97714334615983
"2","brick_sst",37.46,0.787489627821171,0.00619961020381503,0.778923660025233,0.783392827386422,0.790083424747694,0.790768947587114,0.79427927935939
"3","brick_tbtm",7.87,0.955353503062659,0.00361697383088932,0.950903751088677,0.953866931690224,0.953938150137969,0.958225284048789,0.959833398347633
"4","brick_sss",15.71,0.91085469128606,0.00421686178781239,0.904155735876785,0.909446158706389,0.912638615576519,0.913277686647845,0.914755259622761
"5","brick_sbtm",2.62,0.985148813467611,0.000589310241033565,0.984435845667477,0.984596812217638,0.985404867721591,0.985624991342654,0.985681550388695
"6","brick_mld",16.51,0.906335538908631,0.00582502166516206,0.89627437737198,0.907165035964687,0.907520509632432,0.910237072524698,0.910480699049359
"7","dfs",9.39,0.946711829781731,0.00247621555536301,0.943154467248989,0.945160164265498,0.9477017327134,0.94875441938081,0.94878836529996
"8","vel_mag",4.22,0.976052484118711,0.00180705604673195,0.973515618260686,0.975175921592579,0.976413933430372,0.976847097470662,0.978309849839256
"9","brick_xbtm",1.91,0.989142628424191,0.000524760654304847,0.988252966063527,0.989179097599448,0.989245849414708,0.989426011734937,0.989609217308335
