"","var","importance","mean","sd","min","q25","med","q75","max"
"1","log_depth",2.89,0.983857930372962,0.00115223215075899,0.982881513359611,0.983090684303935,0.983414231775406,0.984183706597209,0.985719515828646
"2","brick_sst",24.09,0.865374083308488,0.0178618076797011,0.84043552192575,0.856530768911652,0.866305980010313,0.87757937814173,0.886018767552995
"3","brick_tbtm",6.41,0.964176723047585,0.00580959773893853,0.960038621878966,0.960392557594633,0.960755781046977,0.966138551152394,0.973558103564957
"4","brick_sss",22.77,0.872761246600947,0.0124338475339754,0.858528519987342,0.860801386365973,0.877802188228426,0.879895677485499,0.886778460937496
"5","brick_sbtm",6.5,0.963683847028182,0.00570433815138408,0.954996628035045,0.962790792600666,0.963261649447323,0.967326846343516,0.970043318714361
"6","brick_mld",19.71,0.889878811797591,0.003394525791392,0.885912763035482,0.887218004557135,0.890421127246692,0.891424943624896,0.894417220523749
"7","dfs",13.76,0.923098914538605,0.00705475914392885,0.911924430089733,0.920367872061355,0.926617258709951,0.927831375724947,0.928753636107037
"8","vel_mag",2.21,0.98767502104679,0.00181383807098204,0.9857159197613,0.986628298641477,0.987038633911903,0.988725253540292,0.990266999378977
"9","brick_xbtm",1.66,0.990751180887975,0.00132935241089505,0.98982782887791,0.98998547037598,0.990008190372524,0.990937560886789,0.992996853926672
