"","var","importance","mean","sd","min","q25","med","q75","max"
"1","log_depth",3.57,0.97754155811209,0.000973602326767523,0.97691290527323,0.977013842239731,0.977071731101664,0.977467265459461,0.979242046486364
"2","brick_sst",38.98,0.754544533699434,0.0220376122132415,0.723334693109667,0.749121156924172,0.749202907634841,0.771679583841108,0.779384326987384
"3","brick_tbtm",9.52,0.94008898055404,0.00318100141588232,0.935943050865886,0.938042608359966,0.941071367112731,0.941183637632204,0.944204238799414
"4","brick_sss",14.88,0.90630497481429,0.00514935456820658,0.90248213698131,0.902487433860639,0.902947290159492,0.910203544746258,0.91340446832375
"5","brick_sbtm",2.71,0.982953826145846,0.0011519808553284,0.981770991214946,0.98235904498744,0.982652565872165,0.983185874940105,0.984800653714572
"6","brick_mld",10.8,0.932009652593478,0.00606269938866701,0.925769975427595,0.926925606088626,0.93082302587691,0.937128676577913,0.939400978996347
"7","dfs",12.42,0.921794772549146,0.00314224973978227,0.918037506588434,0.920210381317839,0.921375227134301,0.922929543886418,0.926421203818739
"8","vel_mag",3.47,0.978132725612579,0.00132438098801897,0.976071549082373,0.97753720978595,0.978889924154702,0.978949310571518,0.979215634468351
"9","brick_xbtm",3.66,0.976985206504834,0.00152953482113344,0.974946466760886,0.976412370372625,0.976858682327138,0.977609709092596,0.979098803970923
