"","var","importance","mean","sd","min","q25","med","q75","max"
"1","log_depth",0,1,0,1,1,1,1,1
"2","brick_sst",26.4,0.489347446628144,0.020982214310021,0.461706091258401,0.473961296611079,0.49765625608987,0.500054543379924,0.513359045801446
"3","brick_tbtm",9.53,0.81563582466779,0.0148840751063311,0.797374326497813,0.803940824850667,0.819015029695947,0.823860275563856,0.833988666730668
"4","brick_sss",9.35,0.819061982965933,0.00471809933766843,0.812558733340885,0.81738916765942,0.818292806460792,0.822240197637378,0.824829009731189
"5","brick_sbtm",11.8,0.771770061077207,0.00693162039680068,0.763155573442266,0.766273000677238,0.772702280504788,0.778208083175729,0.778511367586015
"6","brick_mld",20.44,0.604659784360796,0.0238633613608702,0.571217314977151,0.59556896584648,0.602513571773611,0.620914174640672,0.633084894566066
"7","dfs",22.29,0.568786095099039,0.00629345158372897,0.563001842669599,0.563021867043724,0.568208446109213,0.571858253307101,0.57784006636556
"8","vel_mag",0.18,0.996558345931184,4.70961092635188e-05,0.996507549725958,0.996533224638885,0.996534660724349,0.996599795581202,0.996616498985528
"9","brick_xbtm",0,1,0,1,1,1,1,1
