"","var","importance","mean","sd","min","q25","med","q75","max"
"1","u",38.04,-0.0026504648549154,0.00389766015094168,-0.00537356380607293,-0.00432825712170458,-0.00393032639233536,-0.00385751002260463,0.0042373330681405
"2","dfs",33.56,0.115336361880719,0.151722250112058,-0.00288724821233414,0.00338430462506922,0.0146014007272359,0.262488326949104,0.299095025314518
"3","v",24.73,0.348074885917307,0.1980159817917,0.113872588342706,0.207966713364503,0.327514240805263,0.500923668469929,0.590097218604133
"4","sst",3.67,0.90325428973402,0.0957030535406347,0.742064984301837,0.898029195594172,0.929397690069138,0.966125147620654,0.980654431084297
"5","xbtm",0,1,0,1,1,1,1,1
