"","var","importance","mean","sd","min","q25","med","q75","max"
"1","dfs",76.73,0.268554634305432,0.0735179853790213,0.15725418718652,0.257029209859076,0.272624811889162,0.296066135513066,0.359798827079334
"2","sst",21.97,0.790556353911324,0.0180166328189731,0.767618128452741,0.779316029955823,0.788875014953009,0.808266679122663,0.808705917072383
"3","v",0.64,0.993916684344621,0.0009186198776862,0.992802897336563,0.993508971255073,0.993688632579194,0.99435201460966,0.995230905942617
"4","u",0.62,0.994070342485937,0.000388463123391023,0.99338521277409,0.994147914334305,0.994217272797047,0.99428458000791,0.994316732516335
"5","xbtm",0.04,0.999610058958332,3.04098316722617e-05,0.999562713258094,0.999611195425471,0.999614093573754,0.999614555648567,0.999647736885771
