"","var","importance","mean","sd","min","q25","med","q75","max"
"1","log_depth",7.55,0.958845958993749,0.0032953067638317,0.955618978670759,0.956553596146633,0.958856643271037,0.9590907982837,0.964109778596617
"2","brick_sst",14.3,0.922039705242877,0.00576290576494507,0.914113164955737,0.919177643258375,0.921878601158876,0.926553074533033,0.928476042308364
"3","brick_tbtm",6.91,0.962335098052727,0.00360413247350868,0.958321753753283,0.960180580545962,0.961054199850432,0.965103577341221,0.967015378772737
"4","brick_sss",25.15,0.862880096703857,0.0113666908486018,0.844046557496015,0.862990506093215,0.864555102911601,0.868761494233857,0.874046822784598
"5","brick_sbtm",8.74,0.952315785426026,0.00240980763783022,0.949342799660718,0.950835766733017,0.952410249023854,0.953334834083199,0.955655277629341
"6","brick_mld",5.91,0.967790708458069,0.00314434061069789,0.964828017048188,0.965754459488319,0.966511562101947,0.969304904245996,0.972554599405896
"7","dfs",9.15,0.950096868516369,0.00273770898681877,0.94564859719503,0.949903408501976,0.950634825371271,0.951298527143955,0.95299898436961
"8","vel_mag",11.12,0.939362005113014,0.0032402787562052,0.935386002148535,0.937839001837779,0.938204540309008,0.942256963026811,0.943123518242935
"9","brick_xbtm",11.18,0.939044659626981,0.00494304047354938,0.932326422127819,0.937084056194919,0.939864042376664,0.940041899499064,0.94590687793644
