"","var","importance","mean","sd","min","q25","med","q75","max"
"1","log_depth",3.25,0.98250849201855,0.00218873319101776,0.980990401837785,0.981091119134999,0.981931202801603,0.982222113756038,0.986307622562326
"2","brick_sst",33.05,0.822297420300199,0.0214001112200265,0.79624003692339,0.810173372512736,0.816407233653856,0.844208267675306,0.844458190735707
"3","brick_tbtm",23.32,0.87459595831281,0.0272576240806371,0.82713054047116,0.876646172233888,0.885851697368973,0.890156343439614,0.893195038050416
"4","brick_sss",14.87,0.920069052565067,0.0229348414248821,0.885396245010299,0.910946603524156,0.927965140693023,0.930539272238939,0.945498001358919
"5","brick_sbtm",7.3,0.960744372157599,0.00968680199440644,0.946864660042373,0.956237594416346,0.961429829098284,0.967975329548305,0.971214447682685
"6","brick_mld",6.7,0.963980271854264,0.0137410569575298,0.946420376485481,0.953117637715954,0.967914748841141,0.97361591047272,0.978832685756023
"7","dfs",4.75,0.974471382100101,0.00380518579909433,0.969609435851731,0.97161411059135,0.975027929995088,0.977775617112932,0.978329816949405
"8","vel_mag",4.85,0.973937034197453,0.00568035965028485,0.967806865612109,0.970239573411545,0.971916662574375,0.978529438922224,0.981192630467012
"9","brick_xbtm",1.91,0.989751066748096,0.00147776932133639,0.987540266140939,0.989096855773978,0.990214327435781,0.990551465477159,0.991352418912622
