"","var","importance","mean","sd","min","q25","med","q75","max"
"1","log_depth",32.96,0.692686378285901,0.00544124043095231,0.684858390289792,0.689563818265933,0.694247092322536,0.696717859830638,0.698044730720604
"2","brick_tbtm",5.97,0.944352153958258,0.00404636743551065,0.9385809360832,0.941789201101497,0.946018647348274,0.947133492041319,0.948238493216998
"3","brick_mld",13.09,0.877953932888735,0.00354995379622169,0.874709487106942,0.8754981998035,0.87710623373051,0.878809640396245,0.883646103406477
"4","brick_sss",4.66,0.956540677988128,0.000826001339867899,0.955361752695693,0.956102163705487,0.956682177699357,0.957141294682918,0.957416001157187
"5","brick_sbtm",5.32,0.95039341557383,0.0011560748355534,0.949054911896614,0.94970373686769,0.950070711456657,0.951243808309905,0.951893909338284
"6","gseal",32.82,0.693990412680231,0.0125281828628803,0.678550187868642,0.688873343866671,0.692415710588372,0.697445752747814,0.712667068329656
"7","hseal",5.18,0.951669459165533,0.0023033559653054,0.949736611285708,0.949859653343211,0.950631484009953,0.953136221156981,0.954983326031811
