"","var","importance","mean","sd","min","q25","med","q75","max"
"1","log_depth",5.3,0.954569077606777,0.0035745114593483,0.948469456745949,0.954285969930445,0.956349526927334,0.956693416037273,0.957047018392883
"2","brick_tbtm",13.82,0.881560436677756,0.00807114815850123,0.871925700537534,0.876857722252277,0.88135354819653,0.884370635508411,0.893294576894028
"3","brick_mld",12.26,0.894876276665798,0.00432829685174449,0.888837906652848,0.892596244566022,0.895284700634,0.897875894475989,0.899786637000129
"4","brick_sss",48.47,0.584571091460058,0.00875811466503973,0.574355150797145,0.576758998231153,0.587496776854953,0.589054371837512,0.595190159579526
"5","brick_sbtm",11.96,0.897472432208371,0.0076710687169683,0.889530845407536,0.890564052441929,0.896809513327187,0.903846413320542,0.906611336544662
"6","gseal",3.52,0.969824275797616,0.00118260013638595,0.968338946221542,0.968941956167683,0.970000329436092,0.97062263451034,0.971217512652423
"7","hseal",4.67,0.960010288886019,0.00195941165557468,0.956628924269844,0.960112976538775,0.960634320456314,0.961334591639348,0.961340631525816
