"","var","importance","mean","sd","min","q25","med","q75","max"
"1","log_depth",1.91,0.982692111101386,0.000741979021438421,0.981527362752576,0.98253181776744,0.982890237505056,0.982985776497618,0.983525360984243
"2","brick_tbtm",5.24,0.952394665391329,0.00222313525584057,0.949020067120977,0.95169304018554,0.952501911008887,0.954354296686662,0.95440401195458
"3","brick_mld",19.57,0.822173810430895,0.0076100096657437,0.811593295202512,0.818357359952506,0.823999207777569,0.825084527892398,0.831834661329489
"4","brick_sss",51.91,0.528372911258434,0.00354060040365726,0.522954273331021,0.527156351533613,0.529014404943889,0.530688590520741,0.532050935962905
"5","brick_sbtm",11.86,0.892222791824754,0.00489654811298536,0.884265549815741,0.891923187378843,0.893403706259251,0.894018876008223,0.897502639661709
"6","gseal",3.02,0.972574612611145,0.00114158061019663,0.970809651398206,0.972281159966857,0.972630249875603,0.973537464721791,0.973614537093267
"7","hseal",6.49,0.941039429511608,0.00172701862586926,0.939426078217836,0.9397322006194,0.940301768831509,0.942430875884089,0.943306224005206
