"","var","importance","mean","sd","min","q25","med","q75","max"
"1","log_depth",20.19,0.761984648453307,0.00190115262743036,0.759825449750891,0.760624106241234,0.761613617032619,0.763585366587443,0.764274702654348
"2","brick_tbtm",14.56,0.82836485601872,0.00199243457959344,0.825884229057379,0.826837192827089,0.82871727741548,0.829651944649303,0.830733636144349
"3","brick_mld",18.28,0.784598842701817,0.00449103684317385,0.778271614675613,0.782241959009666,0.785700724343678,0.786788445508773,0.789991469971356
"4","brick_sss",17.29,0.796232783667396,0.00441397855536166,0.788621577574291,0.796284709030473,0.797956220614331,0.799129479710216,0.79917193140767
"5","brick_sbtm",9,0.893881751714272,0.00254445400421717,0.891645268942356,0.892769376427119,0.892979443144859,0.893792907208087,0.89822176284894
"6","gseal",9.66,0.886190272732868,0.0029565183783963,0.882767314969506,0.883778446042292,0.887107117448798,0.887149778366625,0.89014870683712
"7","hseal",11.02,0.870115770790909,0.00249886381363894,0.867022598348418,0.868428936507816,0.870001042530108,0.872028452436352,0.87309782413185
