"","var","importance","mean","sd","min","q25","med","q75","max"
"1","log_depth",35.96,0.714338584668842,0.00558342983652593,0.707905443339745,0.710580852142013,0.714530626650511,0.716242221680824,0.722433779531116
"2","brick_tbtm",10.59,0.915851194993389,0.00409330567948815,0.909354096987207,0.914699343418826,0.91744221395704,0.917739774847866,0.920020545756006
"3","brick_mld",15.13,0.879773412004663,0.00556301664144574,0.871430920152178,0.877039742651045,0.882245927289627,0.882734749089557,0.885415720840908
"4","brick_sss",4.1,0.967421141411178,0.00119010297760379,0.965672008609695,0.966772202143997,0.967868852160748,0.968193352729807,0.968599291411642
"5","brick_sbtm",2.88,0.977133326375154,0.000464380142833238,0.976645889216103,0.976905321497984,0.976913471555041,0.977392063083288,0.977809886523353
"6","gseal",29.81,0.76315156930804,0.00680293104553656,0.753253209196182,0.76035454072961,0.763886450564882,0.767227661532879,0.771035984516644
"7","hseal",1.53,0.987860253583216,0.000606569201190735,0.986934322289954,0.987824336339216,0.987944473582026,0.9879667599823,0.988631375722587
