"","var","importance","mean","sd","min","q25","med","q75","max"
"1","dfs",68.67,0.229182963259509,0.0700644994311461,0.135558784520583,0.198253408290184,0.21500020909069,0.291882059690145,0.305220354705943
"2","sst",23.22,0.739330607551742,0.0205727711717457,0.712053300178075,0.737782684472126,0.738245763796425,0.738505515762925,0.770065773549158
"3","v",4.83,0.945773705642887,0.00947471090231809,0.930963174080553,0.943369789431807,0.948533202689111,0.949694951718424,0.956307410294538
"4","u",3.25,0.963548926881811,0.00858046027972723,0.953367223460455,0.957293865812164,0.962982139732432,0.970203720157933,0.97389768524607
"5","xbtm",0.03,0.999670343517571,2.2171663984965e-05,0.999636884910127,0.999658807177738,0.999682428342075,0.999683180284273,0.999690416873642
