"","var","importance","mean","sd","min","q25","med","q75","max"
"1","sbtm",26.35,0.459805205781679,0.0182920335369373,0.441806309433686,0.44842910566934,0.455079370125614,0.464997056538997,0.488714187140758
"2","dfs",26.19,0.46309580367204,0.0158463920501619,0.43848723624367,0.455809288652408,0.471761157685213,0.474055240444878,0.47536609533403
"3","sss",12.35,0.746929183487329,0.00458249854396934,0.741547659819553,0.74527151676167,0.746639248996482,0.747033800854889,0.75415369100405
"4","sst",12.31,0.747676901064342,0.00352545257666307,0.741775575110595,0.748250048629389,0.748300526792337,0.748783023226818,0.751275331562569
"5","tbtm",11.22,0.769960504003318,0.00358862019251591,0.763948184829763,0.769541091143331,0.771415822650125,0.771861942816205,0.773035478577166
"6","log_depth",7.85,0.839015537896829,0.00578585297964512,0.832124931591838,0.835867619314493,0.837895871881125,0.842044312970832,0.847144953725857
"7","mld",3.72,0.923778031356182,0.00289460324189506,0.919087022107942,0.923423484018724,0.924401109476022,0.925209445000772,0.926769096177452
