"","var","importance","mean","sd","min","q25","med","q75","max"
"1","dfs",26.48,0.488521043234867,0.00936183578821129,0.475192564310633,0.482265179102682,0.493101658662122,0.495666724687351,0.496379089411547
"2","sst",21.63,0.582248890278983,0.0124975148904374,0.56498214891369,0.574720457305936,0.584924555624042,0.590297139400359,0.59632015015089
"3","sbtm",20.41,0.605753150554081,0.0118954472944264,0.592244758878667,0.596399265431444,0.60446971231796,0.616626036856431,0.619025979285902
"4","sss",14.74,0.715254699857136,0.0050333123569655,0.709764637885315,0.712663138607141,0.714756264665945,0.715841836671258,0.72324762145602
"5","tbtm",8.39,0.838000436739571,0.00479478385536118,0.833120794954359,0.833617014897717,0.837794362683772,0.841310265755998,0.844159745406008
"6","log_depth",5.78,0.888334972747575,0.00240004088940199,0.88574611788994,0.887333606872598,0.8873627874334,0.889204977124295,0.892027374417644
"7","mld",2.56,0.950474231945155,0.00215006410581365,0.948314206017086,0.949508500932432,0.949791972020286,0.95076939305647,0.953987087699503
