"","var","importance","mean","sd","min","q25","med","q75","max"
"1","log_depth",27.05,0.425347019686121,0.0186952116971495,0.413333065658927,0.414919765714468,0.415104485465754,0.425783576670151,0.457594204921306
"2","brick_tbtm",4.7,0.900074329142589,0.00581802579729183,0.893291013758467,0.897014399498273,0.898215140608474,0.903914190406461,0.907936901441271
"3","brick_mld",8.7,0.815160709849113,0.00404022274770055,0.812024353520672,0.812122535521439,0.812510767843817,0.81920653545914,0.819939356900494
"4","brick_sss",21.77,0.537541857547544,0.0110618019768294,0.520859625606998,0.534786209544182,0.539614871302468,0.541300028334193,0.551148552949882
"5","brick_sbtm",21.53,0.542611445073429,0.0173149102408081,0.521854419579203,0.530668515876556,0.541087668020083,0.555376875759591,0.564069746131714
"6","gseal",8.25,0.824762978467464,0.00870545902147935,0.815857088379886,0.818478055596765,0.822852450660968,0.829163535063454,0.837463762636249
"7","hseal",8.01,0.829771135900089,0.0101543937551078,0.812293534032693,0.83068011776153,0.832492332237213,0.83549619131204,0.837893504156968
