"","var","importance","mean","sd","min","q25","med","q75","max"
"1","log_depth",6.27,0.944134193203292,0.00470257250172819,0.938463594019966,0.9409672205535,0.944625124588769,0.945941385295833,0.950673641558389
"2","brick_tbtm",5.84,0.94800280952674,0.00260935548124652,0.945178049904288,0.946675812878227,0.946774366066212,0.949823309148368,0.951562509636606
"3","brick_mld",7.61,0.932229657462648,0.0032992528118876,0.92970624786117,0.929935671917098,0.930366583513837,0.933819901645163,0.93731988237597
"4","brick_sss",54.01,0.519064182400588,0.0160598275296887,0.496969579713534,0.5119046655422,0.517165544385313,0.533338617737922,0.53594250462397
"5","brick_sbtm",4.6,0.959020552734833,0.00208979446043309,0.95650422871169,0.957045518141281,0.960094091959936,0.960380833582399,0.961078091278861
"6","gseal",10.06,0.91038443736328,0.00340663177798025,0.905952113565152,0.908764232363544,0.910312959634657,0.911804313232491,0.915088568020553
"7","hseal",11.6,0.896694580896287,0.00544519795242503,0.889619685068682,0.89227755522244,0.899601904861928,0.899620083021972,0.902353676306413
