"","var","importance","mean","sd","min","q25","med","q75","max"
"1","log_depth",5.62,0.952689617413636,0.00219297280039305,0.951431157917642,0.951566067519564,0.951766068871371,0.952098055094079,0.956586737665526
"2","brick_tbtm",5.75,0.951569147776712,0.000559969116362051,0.95106877575576,0.951189792364529,0.95128487766558,0.951925620143074,0.952376672954617
"3","brick_mld",9.01,0.924077531472877,0.00448957336724865,0.918537926296139,0.921280260345601,0.92382024458647,0.926775065039378,0.929974161096797
"4","brick_sss",47.52,0.599672313133335,0.0241550438201476,0.580007288074683,0.586239426091653,0.593727319659763,0.597180227838534,0.641207304002043
"5","brick_sbtm",6.7,0.943595952131903,0.00285019925391171,0.93969388922381,0.942958669712707,0.943024809568597,0.944832565677908,0.947469826476494
"6","gseal",8.57,0.927835269732929,0.00493069218201619,0.91975277973427,0.92778443029709,0.928100020005854,0.931102359706955,0.932436758920478
"7","hseal",16.83,0.85819921129722,0.00479231597573941,0.851215975363097,0.857844034567753,0.858079749728117,0.859175947483154,0.864680349343977
