"","var","importance","mean","sd","min","q25","med","q75","max"
"1","log_depth",11.46,0.862535221201738,0.00359152543975584,0.859216053216241,0.861129808330333,0.861482270455964,0.862198656206117,0.868649317800034
"2","brick_sst",10.23,0.877221089124816,0.00284520325313035,0.8740946019716,0.875668177861481,0.876161162038873,0.878950379819193,0.881231123932932
"3","brick_tbtm",9.6,0.884749106895201,0.00261154397403025,0.880796814554749,0.883952506694075,0.884805638036942,0.887014239569169,0.88717633562107
"4","brick_sss",5.24,0.937138034170159,0.00249170786811092,0.933176012783944,0.936591434765854,0.93772952765243,0.938457754998417,0.939735440650151
"5","brick_sbtm",0.12,0.998579559782314,3.23957179164629e-05,0.998535715837743,0.998555071379609,0.998593506262373,0.998605625499874,0.998607879931973
"6","brick_mld",13.67,0.835973939115649,0.00505478452983479,0.832424903096615,0.832967785810628,0.833944156945746,0.835816712019015,0.844716137706242
"7","dfs",44.41,0.467093776609553,0.00578987221519728,0.457412838662971,0.467608730615059,0.467657725899616,0.470213861030628,0.47257572683949
"8","vel_mag",5.27,0.936727096237756,0.00206770403715837,0.933798292870938,0.936276148624653,0.936895402570649,0.937080751940092,0.939584885182445
"9","brick_xbtm",0,1,0,1,1,1,1,1
