"","var","importance","mean","sd","min","q25","med","q75","max"
"1","log_depth",2.33,0.993859069115994,0.000175562352728448,0.993656050516687,0.993731581880652,0.993829323700365,0.99403451817569,0.994043871306575
"2","brick_sst",8.8,0.976773077783026,0.00117264568311938,0.975561742767482,0.975561961681413,0.976950172958706,0.977811843573875,0.977979667933656
"3","brick_tbtm",3.06,0.99192025381505,0.000262972242378453,0.991484084616044,0.991898722750134,0.991975819888123,0.992089960888729,0.992152680932218
"4","brick_sss",49.35,0.869766478451266,0.00273780263336757,0.86561560834266,0.869520336287239,0.869934182359738,0.870517260353188,0.873245004913505
"5","brick_sbtm",8.46,0.977685242323515,0.0005473815518639,0.977037199396865,0.977309159993717,0.977732628464016,0.977892672739414,0.97845455102356
"6","brick_mld",0.71,0.998130809976272,6.81008004097309e-05,0.99804734905578,0.998076847802441,0.998151152400115,0.998162841080062,0.998215859542962
"7","dfs",26.5,0.930062147562763,0.00229023676605214,0.926321495623999,0.930027647133242,0.930308565938252,0.931234751616783,0.932418277501541
"8","vel_mag",0.53,0.998592693573501,4.68813948789002e-05,0.998518986117283,0.998586843387875,0.998593991157108,0.998620412097713,0.998643235107525
"9","brick_xbtm",0.26,0.99932606839917,1.32672266721151e-05,0.999309082712238,0.99931990588618,0.999324344072432,0.999332790973081,0.999344218351916
