"","var","importance","mean","sd","min","q25","med","q75","max"
"1","log_depth",11.44,0.936136702105519,0.00155610275956851,0.934450946749611,0.934489499957905,0.936735488408108,0.937372665541373,0.937634909870595
"2","brick_sst",12.1,0.93242151558523,0.00304058308582097,0.928577143125714,0.930359245608156,0.932681324471811,0.934260666208979,0.936229198511487
"3","brick_tbtm",9.51,0.94690297111625,0.00272259412491006,0.943576568038114,0.944545357110366,0.947613443842773,0.949112317085102,0.949667169504895
"4","brick_sss",17.09,0.904533038895328,0.00250694996598852,0.901683167606565,0.902212536276086,0.904952493792151,0.906615978637855,0.907201018163986
"5","brick_sbtm",13.74,0.923283132377584,0.00116577658254481,0.92202058382997,0.922231637353692,0.923258730327023,0.924423113800717,0.924481596576518
"6","brick_mld",8.18,0.954294242577844,0.0019053362851381,0.952443463940698,0.952584276322445,0.953859722962745,0.956260388798109,0.956323360865221
"7","dfs",15.26,0.914789092244986,0.00327832468666031,0.911181617378232,0.911275735477564,0.91679987008745,0.916828101744639,0.917860136537047
"8","vel_mag",6.37,0.964415336220131,0.00167102133527922,0.962215571203749,0.96319777403894,0.964770970066193,0.965815097241316,0.966077268550455
"9","brick_xbtm",6.31,0.96476980658146,0.00129413156347122,0.962893072869827,0.96407641535254,0.965069221613623,0.965785842450745,0.966024480620566
