"","var","importance","mean","sd","min","q25","med","q75","max"
"1","log_depth",9.28,0.952930684257534,0.00511449205141049,0.947749659609153,0.950590070533012,0.951199633302018,0.953916427361115,0.961197630482372
"2","brick_tbtm",1.96,0.990078026032366,0.000798926096198175,0.989005178425937,0.989588906980951,0.99012163752283,0.990772825722296,0.990901581509818
"3","brick_mld",8.71,0.955835189584102,0.00345599544940964,0.952031903603158,0.953349055212047,0.955705425987465,0.95724062386959,0.960848939248252
"4","brick_sss",64.74,0.671615540605722,0.0359261891906302,0.626418183027556,0.651683281022737,0.671687560495569,0.686731448805127,0.721557229677622
"5","brick_sbtm",5.68,0.97120482674542,0.00325813698541843,0.966678313951064,0.969835336004106,0.971209055215514,0.972980142002915,0.9753212865535
"6","gseal",3.19,0.983837105075865,0.00141796012098316,0.981783840161513,0.983440808127542,0.983739390635589,0.984654870906726,0.985566615547956
"7","hseal",6.46,0.967236664806253,0.00249937044127582,0.964219543374196,0.965441555451861,0.967115988848617,0.969212901939663,0.970193334416925
