"","var","importance","mean","sd","min","q25","med","q75","max"
"1","log_depth",27.23,0.300327645265555,0.0477317037084021,0.22593059152693,0.293369219662463,0.301695777762877,0.327494369525302,0.353148267850202
"2","brick_tbtm",21.08,0.458498579343347,0.019912531093034,0.425288242251067,0.45531299636034,0.467865149175506,0.468856069667018,0.475170439262807
"3","brick_mld",3.95,0.898572343092706,0.0131562014037057,0.879816553242379,0.891721322455101,0.900455236204373,0.908352356716117,0.912516246845561
"4","brick_sss",13.02,0.665535968304817,0.0446441627165126,0.611265544567445,0.631886958581321,0.668551447871276,0.696125472909376,0.719850417594669
"5","brick_sbtm",30.27,0.222389475247894,0.0400476641715064,0.187940379759252,0.18826009032312,0.21720711277737,0.23361333149891,0.284926461880819
"6","gseal",0.75,0.980770766774527,0.00317655597979497,0.975442215905178,0.980871442330072,0.981576211508663,0.982107123704217,0.983856840424504
"7","hseal",3.71,0.904802949907663,0.0175156421842645,0.887682272587507,0.890100548620992,0.900110794670602,0.919238576712668,0.926882556946546
