"","var","importance","mean","sd","min","q25","med","q75","max"
"1","log_depth",1.99,0.980270778788692,0.00181224820558441,0.97770650860425,0.97920984384947,0.980729377537636,0.981528583180538,0.982179580771565
"2","brick_tbtm",0.07,0.999353981611979,6.21705780076647e-05,0.999269972462227,0.99933670078234,0.999357488821354,0.999362181946434,0.999443564047542
"3","brick_mld",0.29,0.997077698306026,0.000460312757975375,0.996349015084903,0.996953938820468,0.997244424840938,0.997282074223294,0.997559038560529
"4","brick_sss",97.27,0.0355776980378439,0.0515766020941665,-0.0345079574349126,0.0203470023334583,0.0305994382054651,0.0543122331464929,0.107137773938716
"5","brick_sbtm",0.17,0.998279232118734,0.00028164253657294,0.997976303995974,0.998094252881852,0.998227840056728,0.998401837226018,0.998695926433098
"6","gseal",0,1,0,1,1,1,1,1
"7","hseal",0.21,0.997940148375793,0.000127910578844762,0.997787743387565,0.997828588879157,0.997993910899244,0.997996316638524,0.998094182074473
