"","var","importance","mean","sd","min","q25","med","q75","max"
"1","brick_sst",7.41,0.940584115531094,0.00473580719030775,0.934029604014352,0.939995404527602,0.940456533670152,0.941060823228667,0.947378212214699
"2","dfs",72.6,0.418007337716889,0.0265884716398142,0.384019471387817,0.401152010752173,0.416404782262951,0.441921129260201,0.446539294921304
"3","brick_u",3.38,0.972944170900082,0.00134097846682424,0.971644290306927,0.971879666949893,0.97251209332747,0.973972778118349,0.974712025797773
"4","brick_v",7.6,0.93904310604778,0.00279955872247638,0.934815419219371,0.938638023080217,0.939345777386401,0.939821396146637,0.942594914406273
"5","brick_xbtm",9,0.927828471208932,0.00502096754523986,0.922022381715562,0.924445881658396,0.927011262635599,0.931256430933146,0.934406399101956
