"","var","importance","mean","sd","min","q25","med","q75","max"
"1","brick_sst",12.91,0.87258631137762,0.0115038853997836,0.863492337218741,0.866261332728557,0.866569250244882,0.874916964034941,0.891691672660981
"2","dfs",75.19,0.257913267737809,0.0396124927970395,0.199561856335717,0.251385019873608,0.252711827740109,0.27979407013601,0.306113564603602
"3","brick_u",0,1,0,1,1,1,1,1
"4","brick_v",8.8,0.913118524395999,0.0168470384327931,0.898310124138505,0.90213393252982,0.903869202023626,0.923718374968135,0.937560988319909
"5","brick_xbtm",3.1,0.9694470211883,0.0083842816413712,0.962582437533344,0.963547549120757,0.963944333570174,0.977545523790339,0.979615261926886
