"","var","importance","mean","sd","min","q25","med","q75","max"
"1","brick_sst",17.66,0.836573878023892,0.00216792130566343,0.834523076693215,0.835084213006704,0.835490998911424,0.838378424342867,0.839392677165248
"2","dfs",76.68,0.290293217457125,0.00748201028918915,0.280667608481891,0.286947557902265,0.288293389561017,0.296362794245087,0.299194737095366
"3","vel_mag",5.24,0.95147911267125,0.000646382147192392,0.950465170953394,0.951208599207382,0.951822099593918,0.951882160358389,0.952017533243168
"4","brick_xbtm",0.42,0.996123501682189,0.000165159269254952,0.995964716562966,0.995991633426685,0.996060524479847,0.996297581513477,0.996303052427971
