"","var","importance","mean","sd","min","q25","med","q75","max"
"1","brick_sst",18.02,0.67392216466446,0.0105434162816462,0.662739858062393,0.664598712632521,0.673523364092666,0.681726385626835,0.687022502907887
"2","dfs",35.68,0.354430880810812,0.0221748535170449,0.327437182448667,0.342047892760869,0.34830974912149,0.374689369159553,0.379670210563482
"3","vel_mag",23.56,0.573672510689354,0.00551814277345995,0.565392260980085,0.570547804291331,0.57723757550689,0.577466681772809,0.577718230895658
"4","brick_xbtm",22.74,0.588493062131193,0.00461196113817895,0.582626481805389,0.585953982575036,0.587583847703985,0.593091593105098,0.593209405466456
