"","var","importance","mean","sd","min","q25","med","q75","max"
"1","brick_sst",19.35,0.804078175400348,0.0034600943025064,0.799456796964802,0.802141132588057,0.804249523114236,0.806187041105502,0.808356383229141
"2","dfs",69.58,0.295452862856938,0.00568274525953639,0.287231808442861,0.29332959060705,0.296050888577015,0.29817804589355,0.302473980764213
"3","vel_mag",5.59,0.943447854128366,0.00058755260068513,0.942559252518474,0.943364167294143,0.943464849782843,0.94367283976473,0.944178161281639
"4","brick_xbtm",5.48,0.944500869489589,0.000946110596562416,0.943575320642653,0.943895466741707,0.944141723752115,0.944975743579123,0.945916092732348
