"","var","importance","mean","sd","min","q25","med","q75","max"
"1","log_depth",20.8,0.860825412213978,0.0239902248125183,0.832407859423739,0.849427152040238,0.854530704673517,0.872436623553521,0.895324721378872
"2","brick_tbtm",6.7,0.955147790876118,0.00594380963752707,0.945915420110383,0.954171970424054,0.95498346644769,0.959526257394312,0.961141840004149
"3","brick_mld",3.93,0.973673624928306,0.00549254069228921,0.968057029724015,0.968517939603973,0.973824466954818,0.977235837826873,0.980732850531849
"4","brick_sss",18.59,0.875586825716284,0.0197148652654462,0.855745823362805,0.860402599772983,0.870342449591419,0.888933640126077,0.902509615728136
"5","brick_sbtm",13.01,0.912957756873317,0.00665418120937661,0.905382495478459,0.910266642345663,0.911845117783072,0.913825082788751,0.92346944597064
"6","gseal",16.19,0.891638379587371,0.00822304817236945,0.878241192888732,0.891079963270107,0.892435808045189,0.896899708587556,0.899535225145272
"7","hseal",20.77,0.861003503221782,0.0232882982133819,0.825881794648768,0.856621750607539,0.860411902538679,0.873551428131333,0.88855064018259
