"","var","importance","mean","sd","min","q25","med","q75","max"
"1","log_depth",5.54,0.960416633696508,0.0151627333551235,0.946035412407914,0.953736669289707,0.955363198565853,0.961192483204926,0.985755405014139
"2","brick_tbtm",0.17,0.998765069873821,0.000513691738622916,0.99832693538138,0.998375343897275,0.998704650593152,0.998813294547654,0.999605124949642
"3","brick_mld",6.51,0.953466544795038,0.0244198154324566,0.912900916339513,0.94803656017404,0.967566309508407,0.968235770187684,0.970593167765544
"4","brick_sss",7.83,0.943996039715017,0.0169198930354125,0.918515102767522,0.937550709595581,0.947620475150883,0.953637114946723,0.962656796114378
"5","brick_sbtm",0.13,0.999062682889584,0.000480168193119788,0.998249471380853,0.999060711949124,0.999198892040966,0.999325118160469,0.999479220916506
"6","gseal",34.42,0.753861866961001,0.0314817509755945,0.716928255274033,0.733389493274211,0.746217778713383,0.784515447502984,0.788258360040395
"7","hseal",45.4,0.675306523196119,0.0293087809055328,0.645672815239808,0.650371569631579,0.671558814045129,0.693937003936072,0.71499241312801
