"","var","importance","mean","sd","min","q25","med","q75","max"
"1","dfs",86.17,-0.00241798954905431,0.0301808326887051,-0.0417991965020983,-0.0165497691276437,-0.00951029401981645,0.0261321490977181,0.0296371628065689
"2","xbtm",13.05,0.848153707842722,0.0150843952887291,0.827939713939252,0.840300346838515,0.849131745028389,0.855698242861006,0.86769849054645
"3","sst",0.51,0.994092350746135,0.00074394227405719,0.993168826100325,0.993548925427207,0.994121977234984,0.994684987756678,0.994937037211481
"4","u",0.27,0.996871327457794,0.000346532231519492,0.99649583989467,0.996652976830568,0.996806072659221,0.997013510040714,0.997388237863797
"5","v",0,1,0,1,1,1,1,1
