"","var","importance","mean","sd","min","q25","med","q75","max"
"1","log_depth",6.75,0.931491619806196,0.00241003135058521,0.928236000221605,0.929670213944868,0.932551084661803,0.933251840326579,0.933748959876127
"2","brick_tbtm",6.72,0.931797797306521,0.00171575220266992,0.930129088495131,0.930221809601822,0.93200894831756,0.932349916694817,0.934279223423274
"3","brick_mld",23.38,0.762858643634998,0.00521724214460345,0.757385380880203,0.759914443954136,0.762206160644055,0.763605750434379,0.771181482262218
"4","brick_sss",15.29,0.844906181619129,0.00702472145126068,0.838814965473705,0.839866031180916,0.841329441431181,0.849621718136788,0.854898751873055
"5","brick_sbtm",31.75,0.677939508961993,0.0235887273850307,0.649996050634852,0.654587678028039,0.691239092208639,0.69628482268695,0.697589901251487
"6","gseal",3.82,0.961276536331096,0.00253938711542131,0.95855500761755,0.959580237700014,0.960821195814658,0.962403810783995,0.965022429739261
"7","hseal",12.29,0.875364264887849,0.00652854403300737,0.866731894525585,0.870606311616173,0.87755001066692,0.87926613558831,0.882666972042258
