"","var","importance","mean","sd","min","q25","med","q75","max"
"1","log_depth",9.08,0.879214937468716,0.00364303409002582,0.875193073042753,0.875285146918863,0.8814115651523,0.88188898176779,0.882295920461874
"2","brick_tbtm",7.18,0.904576953976669,0.00167800821481434,0.902818366639676,0.903535844614485,0.903934756210273,0.905685295535777,0.906910506883134
"3","brick_mld",27.7,0.631656390407141,0.0128324031448221,0.617041679320972,0.62528727602124,0.626541855871538,0.640357799566564,0.649053341255393
"4","brick_sss",20.52,0.727190674008402,0.00357901336179553,0.721935113018041,0.72588600118397,0.727572123110092,0.729122469632316,0.73143766309759
"5","brick_sbtm",16.04,0.78665635862372,0.00500031573268229,0.781095825953873,0.782891265246019,0.786445169632579,0.789257145712763,0.793592386573367
"6","gseal",10.43,0.861261655323916,0.00244180743673083,0.857950969156233,0.859508538355343,0.862048771811963,0.863240224562718,0.863559772733324
"7","hseal",9.04,0.879764695375894,0.00323308763564953,0.877041647991824,0.877482880761053,0.87770595186915,0.88325137911693,0.883341617140513
