"","var","importance","mean","sd","min","q25","med","q75","max"
"1","log_depth",19.99,0.771797350682137,0.00880707062314147,0.759697692646906,0.767577538578067,0.771158252266311,0.779316306220096,0.781236963699306
"2","brick_tbtm",5.48,0.937408920516761,0.00146598093172277,0.935849074115451,0.936659203745431,0.936944185783333,0.937919467642409,0.939672671297179
"3","brick_mld",3.03,0.965414918521323,0.00264101852810926,0.961517655801712,0.964546348692587,0.966053208109565,0.966247607922878,0.968709772079872
"4","brick_sss",3.76,0.957115292331608,0.00510394434119344,0.951234681568242,0.953672294887898,0.956004704156725,0.961308783214701,0.963355997830477
"5","brick_sbtm",0.75,0.991485860660248,0.000651730348549016,0.990854810816763,0.990963177854481,0.991404881642964,0.991743512088834,0.992462920898196
"6","gseal",41.84,0.5222547042644,0.0095036089383562,0.51053130077502,0.517549142803448,0.519326460235741,0.530235008050895,0.533631609456898
"7","hseal",25.15,0.712809357068281,0.0143343291117817,0.690091360251184,0.711435050677766,0.712837426292735,0.722162724311989,0.72752022380773
