"","var","importance","mean","sd","min","q25","med","q75","max"
"1","log_depth",15.5,0.80984063316323,0.00557924363719808,0.804440739291547,0.806469304875132,0.808310169153752,0.811211103187433,0.818771849308288
"2","brick_tbtm",6.44,0.921045779747089,0.00435960820762102,0.91635995982467,0.917897492601927,0.919726013325782,0.9251139772312,0.926131455751864
"3","brick_mld",2.21,0.972912157797987,0.00050755152068365,0.972188549865766,0.972695678713408,0.972916208037031,0.973275620646912,0.973484731726816
"4","brick_sss",2.41,0.970500081338141,0.00106648012249837,0.969230697140609,0.969782997140798,0.970615869600358,0.970860597771217,0.972010245037721
"5","brick_sbtm",0.33,0.99590299412446,0.000146442751839335,0.99573919929644,0.995833381865292,0.995834007722214,0.996011604069399,0.996096777668957
"6","gseal",42.89,0.473899777805907,0.0172417803114735,0.453303286797467,0.466603769757985,0.473502755383304,0.475567306512964,0.500521770577814
"7","hseal",30.22,0.629354731590408,0.00970371963690272,0.615868587459109,0.623892343061235,0.630466415282305,0.636752877153268,0.639793434996126
