"","var","importance","mean","sd","min","q25","med","q75","max"
"1","log_depth",8.52,0.94992186619659,0.0022060023587038,0.94728557431263,0.948322198103284,0.949717880449874,0.951970603081882,0.952313075035282
"2","brick_tbtm",2.25,0.986797786156036,0.000436351631039295,0.986330486625498,0.986485033943843,0.986689579972424,0.987101882022864,0.987381948215551
"3","brick_mld",36.14,0.787564094052979,0.0116158074672996,0.767624548045589,0.788248901109706,0.791366179119402,0.793314899557818,0.797265942432381
"4","brick_sss",27.05,0.840987168463733,0.00912437433339658,0.831933903448845,0.834813714995075,0.838029009571646,0.845672334404713,0.854486879898388
"5","brick_sbtm",10.12,0.940517316160637,0.0032177536610767,0.93834667137499,0.93871169413437,0.938911633383301,0.940543649295264,0.94607293261526
"6","gseal",5.71,0.966465993704749,0.0010340574630521,0.964825137936712,0.966078253562079,0.966952278690819,0.967171900810646,0.96730239752349
"7","hseal",10.21,0.939962426270263,0.0019498586211647,0.936851204805461,0.93927951571162,0.94085995662684,0.941236059724457,0.941585394482938
