"","var","importance","mean","sd","min","q25","med","q75","max"
"1","log_depth",9.67,0.86862518882601,0.00479312532288032,0.861032138026427,0.868179001799192,0.868824246328831,0.871266830613238,0.873823727362363
"2","brick_tbtm",9,0.877751977355449,0.00478884765163926,0.872121748668133,0.874819683219613,0.876828524946225,0.880823170135961,0.884166759807313
"3","brick_mld",23.96,0.674493614528867,0.00984738085035789,0.660556471509467,0.671666258345287,0.673208548867002,0.680270247468464,0.686766546454116
"4","brick_sss",17.47,0.762565914587754,0.0124204000816295,0.747193323639094,0.752005870568509,0.766974901567462,0.770314319175213,0.776341157988492
"5","brick_sbtm",10.73,0.854263658356263,0.00400360418253487,0.849331320515679,0.850733400534583,0.855938502458459,0.856796482293136,0.858518585979454
"6","gseal",18.25,0.752023846534138,0.00539900861431187,0.745155602648348,0.747206701831388,0.755235726449024,0.756220778146014,0.756300423595914
"7","hseal",10.93,0.851550351862941,0.00306053660830111,0.847156723605932,0.850224432100158,0.851607450487467,0.853951124463939,0.854812028657208
