"","var","importance","mean","sd","min","q25","med","q75","max"
"1","log_depth",60.57,0.18352097147696,0.0129955508230009,0.165053337147962,0.180500866686621,0.182070031171174,0.189505510397178,0.200475111981864
"2","tbtm",11.35,0.84696297769148,0.00387167315752805,0.840608655007761,0.847121130221632,0.847454058078254,0.848582275115231,0.851048770034519
"3","hseal",8.27,0.888519650042736,0.00273576179145884,0.884338724383839,0.887212813043748,0.889965691594352,0.890045123327237,0.891035897864504
"4","gseal",7.84,0.89431532248848,0.00410390691475116,0.889687830611219,0.890249193724024,0.896342994438412,0.896404867274799,0.898891726393943
"5","mld",5.73,0.922763985015834,0.00163490567064005,0.921032304897564,0.921369896386668,0.922518852972956,0.924386621073212,0.924512249748772
"6","sss",4.98,0.932819010122659,0.00131485533333096,0.931385051626839,0.931803544352417,0.932531558733763,0.934180447387201,0.934194448513074
"7","sbtm",1.26,0.98306519882955,0.000561810890511324,0.982227845233449,0.982940298445366,0.98312470805566,0.983257004873763,0.983776137539515
