"","var","importance","mean","sd","min","q25","med","q75","max"
"1","log_depth",12.77,0.945291004727146,0.00153610194732607,0.943794025253437,0.94391367591236,0.945343784847573,0.94589023993959,0.947513297682772
"2","brick_tbtm",10.14,0.956531083702591,0.00141597436531911,0.954798402400116,0.956091051934238,0.956425137400371,0.95661761894771,0.958723207830521
"3","brick_mld",11.72,0.949800044359173,0.00309479985169818,0.946193884973539,0.948635668293788,0.949298254332079,0.950222557832067,0.954649856364393
"4","brick_sss",21.07,0.909712857588258,0.00380112910331774,0.906749952175914,0.907294805793613,0.907954578206695,0.910581304751436,0.915983647013634
"5","brick_sbtm",17.65,0.924354858664424,0.00364277493224819,0.920322179010877,0.922533692123889,0.922687078774542,0.927013137163413,0.929218206249399
"6","gseal",10.76,0.953878220964858,0.0012650867399742,0.952653248150813,0.952937933206021,0.95348958479248,0.954605239338821,0.955705099336153
"7","hseal",15.89,0.931932734513703,0.00298085081768472,0.929434810658142,0.92968777192241,0.93110599240987,0.932709001781618,0.936726095796477
