"","var","importance","mean","sd","min","q25","med","q75","max"
"1","log_depth",29.89,0.105558912947158,0.0508797712503042,0.0464032730371845,0.0617643256380638,0.110420644877413,0.147415115383462,0.161791205799667
"2","brick_tbtm",13.88,0.584580634614571,0.0186057034672728,0.56664427437497,0.569350670651058,0.578191847543983,0.602370230128227,0.606346150374619
"3","brick_mld",11.46,0.657141016608673,0.014121302100181,0.63775994786536,0.646732774933465,0.664512351970486,0.66634152414237,0.670358484131682
"4","brick_sss",23.81,0.287497844134233,0.0176841291900534,0.260231821531798,0.284095282942501,0.286828484689422,0.301680393147094,0.304653238360349
"5","brick_sbtm",13.65,0.591568355247933,0.0045448401628574,0.584451561795278,0.590061190695668,0.59288504640888,0.594425043122693,0.596018934217147
"6","gseal",2.33,0.930162686207546,0.00260109056410261,0.927758327599253,0.928223292099182,0.930114794137343,0.930374203552797,0.934342813649155
"7","hseal",4.98,0.851042414498364,0.0202075264538763,0.831232810456559,0.841549846664617,0.846300375897768,0.851498648470437,0.884630391002439
