"","var","importance","mean","sd","min","q25","med","q75","max"
"1","log_depth",25.94,0.140320444994015,0.0346403263424093,0.0880083308963302,0.132159770668674,0.137709976370295,0.171647896753276,0.172076250281501
"2","brick_tbtm",9.45,0.686712703131324,0.0160002440027484,0.669046827053593,0.674631977817118,0.68749324878209,0.692655277654291,0.709736184349527
"3","brick_mld",8.96,0.703171193283004,0.015938115208348,0.676287249231266,0.70203077474471,0.708050968687749,0.71429689009476,0.715190083656535
"4","brick_sss",26.45,0.123491889803875,0.0195091135889263,0.102770973314209,0.110588002262928,0.124710576485829,0.125552955333231,0.15383694162318
"5","brick_sbtm",11.71,0.611841959409741,0.0295780219972362,0.580575291698902,0.593216986180388,0.61238010653449,0.614646690803131,0.658390721831796
"6","gseal",1.56,0.948392014557658,0.00274658932665867,0.944250906833844,0.947354202344116,0.948883244657713,0.950135584818387,0.95133613413423
"7","hseal",15.92,0.472351239473278,0.0303736724088145,0.448657272927759,0.452664658032615,0.458981727079167,0.478906028777124,0.522546510549723
