"","var","importance","mean","sd","min","q25","med","q75","max"
"1","log_depth",14.19,0.915426124952004,0.00294513341745107,0.911329763769401,0.914303003334486,0.915129823101511,0.917361238042737,0.919006796511885
"2","brick_tbtm",6.61,0.960627600564941,0.00199562451995111,0.958299943113162,0.958742033341545,0.961214260651664,0.962305678352403,0.96257608736593
"3","brick_mld",11.43,0.93187461979577,0.00539750229652808,0.927589283742533,0.927659513504591,0.930746809364172,0.932640455439524,0.940737036928027
"4","brick_sss",30.55,0.817896682120205,0.0119480055825045,0.803355017882468,0.813093483077183,0.814165920193762,0.824127527329668,0.834741462117943
"5","brick_sbtm",14.17,0.915532104668965,0.00180567985349664,0.912844349251122,0.914478738746253,0.916613602084116,0.916831309371447,0.916892523891885
"6","gseal",9.37,0.944139353410662,0.00107039965055173,0.942789250047496,0.943511403024028,0.944094979407471,0.944751289934868,0.945549844639449
"7","hseal",13.68,0.91847304128144,0.00795238105014165,0.906914830564439,0.918141509806894,0.918177999142552,0.91982529764079,0.929305569252522
