"","var","importance","mean","sd","min","q25","med","q75","max"
"1","log_depth",3.53,0.961289206986356,0.00160788993933757,0.959810593988668,0.960079090566053,0.960501387593684,0.962911924331021,0.963143038452354
"2","brick_tbtm",0.51,0.994371631029165,0.000381272185348592,0.993823002011104,0.994196949429188,0.994496687583608,0.994504364923572,0.994837151198351
"3","brick_mld",10.58,0.884142413091801,0.00563119737278679,0.879995662902112,0.881280241342644,0.882516295710112,0.882913413060624,0.894006452443512
"4","brick_sss",53.08,0.418528138482799,0.0305846342386211,0.377654963598906,0.404685366353783,0.415700198533827,0.436912735501815,0.457687428425662
"5","brick_sbtm",3.12,0.965790092286441,0.00236132601506332,0.963125583310347,0.963795429322844,0.965719830723686,0.96801981559079,0.968289802484538
"6","gseal",9.29,0.898218901214912,0.00520778402317654,0.890962261181679,0.895980605703751,0.897684351456717,0.902891419378763,0.903575868353648
"7","hseal",19.89,0.782127889737863,0.00348427653292,0.778774116971713,0.779319806937608,0.78112727301678,0.784531018799387,0.786887232963826
