"","var","importance","mean","sd","min","q25","med","q75","max"
"1","log_depth",8.5,0.949092243210399,0.00403126783788607,0.942850177243486,0.948111477438006,0.949424847277631,0.951752835429318,0.953321878663555
"2","brick_tbtm",3.22,0.980705893699805,0.00126243435371335,0.978799262513122,0.980485269318266,0.980935661604264,0.981007327179928,0.982301947883447
"3","brick_mld",25.05,0.850026326402023,0.013592712978551,0.829837226295221,0.846000053931413,0.849611038069161,0.859919926225866,0.864763387488455
"4","brick_sss",27.28,0.836661735861305,0.00813221895228717,0.825962650032251,0.834937091347602,0.836178861966011,0.837477497718923,0.84875257824174
"5","brick_sbtm",7.51,0.955036861519099,0.0033218210915258,0.951371132977587,0.952093659363738,0.955028313951672,0.9580787725803,0.958612428722198
"6","gseal",9.61,0.942447110871296,0.00610647347318753,0.935104186034439,0.938894354701782,0.940761311074152,0.948178074087658,0.949297628458448
"7","hseal",18.83,0.887268434637292,0.0133942480321816,0.87544810483273,0.876939826805407,0.880689239607077,0.898868032264458,0.904396969676786
