"","var","importance","mean","sd","min","q25","med","q75","max"
"1","log_depth",4.36,0.965964854732167,0.00163804299299108,0.964052531352819,0.964670502295921,0.966388393374112,0.966535418079597,0.968177428558388
"2","brick_tbtm",0.91,0.992901048253114,0.000728680693293799,0.992045067474573,0.992187757613496,0.993232933391473,0.993461838743942,0.993577644042084
"3","brick_mld",4.87,0.962016754797479,0.000976086646396128,0.961125044987577,0.961485909059109,0.961662368430783,0.962187700145462,0.963622751364466
"4","brick_sss",65.21,0.491485118275348,0.03315743131543,0.467272169444685,0.468165258268394,0.479114956330727,0.495742495556585,0.547130711776349
"5","brick_sbtm",3.58,0.972118451038903,0.00105906699011212,0.970884070365062,0.971600883532242,0.971818871880917,0.972643819911967,0.97364460950433
"6","gseal",5.28,0.958816798763323,0.00282926376075321,0.955775172433118,0.956308701976823,0.95932203543553,0.960016505095863,0.962661578875283
"7","hseal",15.78,0.87694414893161,0.00666558370702739,0.865971380448048,0.875949673171281,0.879655802139842,0.879819325186957,0.88332456371192
