"","var","importance","mean","sd","min","q25","med","q75","max"
"1","log_depth",18.58,0.516583878283226,0.0180567099829216,0.485241941717542,0.518222853493272,0.522953976729684,0.526463346641393,0.53003727283424
"2","brick_tbtm",2.33,0.939252146409362,0.00331331853655378,0.935216795512021,0.937960866365396,0.938024483168124,0.941309802883105,0.943748784118167
"3","brick_mld",13.99,0.635915548639488,0.0128707633867486,0.624676278636214,0.627836360205982,0.628152393946489,0.644762834721997,0.65414987568676
"4","brick_sss",35.02,0.0884828386950118,0.0188031732439526,0.0632146816135408,0.07358907404128,0.0997675366618662,0.100725787373344,0.105117113785028
"5","brick_sbtm",15.7,0.591391344668504,0.0204092298042653,0.573749433093251,0.57780049542754,0.578217375117307,0.61128537087799,0.61590404882643
"6","gseal",3.54,0.907931891160517,0.00660514711667306,0.90201475150743,0.902798747891636,0.904891658271392,0.913454677669435,0.916499620462694
"7","hseal",10.84,0.717943769948994,0.0153779769432398,0.700400636945522,0.705225883281646,0.719823024363848,0.726213139006611,0.738056166147345
