"","var","importance","mean","sd","min","q25","med","q75","max"
"1","log_depth",12.37,0.949640418502428,0.0013630259812387,0.948218122569968,0.948384440434407,0.949560228938165,0.950919746105548,0.95111955446405
"2","brick_tbtm",11.46,0.953365338450803,0.00272513113103199,0.949979224626727,0.951219743693979,0.95369943678839,0.955872445111984,0.956055842032932
"3","brick_mld",11.71,0.95234224361932,0.00144157177046152,0.950517904460737,0.951368546354326,0.952771990518324,0.95280280807685,0.954249968686363
"4","brick_sss",24.75,0.899242414899091,0.00875977223167398,0.887571440364425,0.895200245189861,0.899990246319565,0.902151008025748,0.911299134595854
"5","brick_sbtm",18.28,0.925577622599064,0.0025835384715851,0.921974657346696,0.92466478944572,0.925316153450924,0.927128237162292,0.928804275589687
"6","gseal",9.69,0.960535340431625,0.00132327266651643,0.959152018355657,0.959469077444214,0.960356142313699,0.961366853671659,0.962332610372896
"7","hseal",11.74,0.952199179394119,0.00372179962847758,0.948541033373748,0.950165775408177,0.951098959077646,0.952985864580596,0.95820426453043
