"","var","importance","mean","sd","min","q25","med","q75","max"
"1","gseal",50.37,0.16806168165914,0.0128373403057571,0.154984530291091,0.160848963151743,0.160860665809689,0.180014779674782,0.183599469368394
"2","hseal",23.61,0.610030434768175,0.00486318217938746,0.60550126043113,0.606609782501255,0.607792620577978,0.613468046134386,0.616780464196123
"3","log_depth",10.88,0.820256861541366,0.00497260467127102,0.815561518462133,0.817195474586192,0.817359264876111,0.824503412333447,0.826664637448946
"4","mld",8.72,0.855908800594253,0.00190837809062748,0.854024391682044,0.854370510924898,0.855536781571955,0.856996234494605,0.858616084297765
"5","tbtm",6.41,0.894062313011252,0.00618669119132758,0.88628717176936,0.889909188399322,0.895322577387749,0.896488743273122,0.902303884226708
