"","var","importance","mean","sd","min","q25","med","q75","max"
"1","hseal",71.2,0.0434771491786533,0.0792690408250909,-0.0745859804443376,0.0251408102177323,0.0386057991432159,0.093415369275823,0.134809747700833
"2","gseal",16.66,0.776117455821387,0.0136789314816451,0.75276418465974,0.777824061699388,0.77796324549176,0.785417638968504,0.786618148287542
"3","tbtm",5.78,0.922300507474304,0.00734251747359728,0.91372532155848,0.915882173063794,0.923897823537735,0.92692004539325,0.931077173818262
"4","mld",3.29,0.955736558048766,0.00318788276092443,0.950525222719229,0.955328290127905,0.956517394222603,0.95744560756825,0.958866275605845
"5","log_depth",3.06,0.958863725183018,0.00196812752953122,0.956435159074681,0.957097114675278,0.959637135021472,0.960467718107004,0.960681499036653
