"","var","importance","mean","sd","min","q25","med","q75","max"
"1","log_depth",13.81,0.909282967428076,0.00449203789505706,0.903313914758527,0.907183516223073,0.90864022789136,0.912561477795169,0.914715700472251
"2","brick_tbtm",15.45,0.898504995827198,0.00441385757684419,0.892299366754387,0.896685355640266,0.898198740094898,0.901862462178429,0.90347905446801
"3","brick_mld",3.05,0.97994872403606,0.00160708931496775,0.977812361009833,0.978819032026746,0.98046733010671,0.980849424689542,0.981795472347471
"4","brick_sss",13.18,0.913395359881832,0.00905550806501938,0.897342263645896,0.916233303756088,0.916380807505887,0.917797206625337,0.91922321787595
"5","brick_sbtm",36.51,0.760182712106021,0.0116347856710819,0.741059764876915,0.760163834771394,0.76342797190514,0.763720587106602,0.772541401870053
"6","gseal",5.32,0.965024443440888,0.00248924972795685,0.961303744613503,0.963880562355944,0.965595727006403,0.966957981948946,0.967384201279643
"7","hseal",12.67,0.916789432806803,0.0044109121871491,0.910430459663279,0.914976708519737,0.916733302191016,0.920549546968763,0.921257146691216
