"","var","importance","mean","sd","min","q25","med","q75","max"
"1","log_depth",10.95,0.918614737933742,0.00463404896939718,0.914494037598707,0.915235133862844,0.916077803866433,0.923047425463743,0.924219288876984
"2","brick_tbtm",11.35,0.915629657908827,0.00554553733958889,0.910112713332938,0.911746630376762,0.914040517069095,0.918423132472223,0.923825296293117
"3","brick_mld",2.51,0.981348614101482,0.00233022742210971,0.977883593844916,0.980976764023033,0.981126772288091,0.982575033206251,0.98418090714512
"4","brick_sss",18.07,0.865650129435764,0.00611916049651343,0.860567280973971,0.860675128916134,0.865055053250001,0.866388891119301,0.875564292919415
"5","brick_sbtm",34.49,0.743562178132365,0.0102883555024651,0.72666776897581,0.742145451111687,0.746406480143177,0.749261962248971,0.75332922818218
"6","gseal",4.21,0.968711928764861,0.00245748285207179,0.965460116485431,0.966745793592683,0.969831256398799,0.970581404444487,0.970941072902904
"7","hseal",18.43,0.862939462037114,0.00472219372010725,0.857977781241467,0.860172170639059,0.861418977687458,0.865131888899638,0.869996491717948
