"","var","importance","mean","sd","min","q25","med","q75","max"
"1","log_depth",1.38,0.984701349343921,0.00353202604043448,0.978673102410493,0.984398930700932,0.98654291123925,0.986912453231425,0.986979349137503
"2","brick_sst",51.32,0.430061999321397,0.0688552563152752,0.315150531510673,0.436081328502114,0.441979209382951,0.457582593909734,0.499516333301511
"3","brick_tbtm",1.25,0.986161197646357,0.00284113654789653,0.983349137657594,0.984107051880127,0.985437687495848,0.987539174793284,0.990372936404935
"4","brick_sss",18.23,0.797570922531866,0.0133032593413128,0.778821150131981,0.793096646641375,0.796223089021583,0.805817780378276,0.813895946486117
"5","brick_sbtm",5.38,0.940299180205893,0.00503448621489954,0.932723814692667,0.938521771872323,0.94199784736146,0.942045282083655,0.946207185019357
"6","brick_mld",2.43,0.972999802660312,0.0125811118270542,0.955979874325779,0.968125946280583,0.971550394685556,0.979919980439759,0.989422817569885
"7","dfs",10.09,0.887922945387775,0.00926601566959584,0.877299694839902,0.883014217764468,0.884150087614081,0.895855723097783,0.89929500362264
"8","vel_mag",9.82,0.890986473202276,0.0295662837738336,0.85778998505201,0.868247686403747,0.886482997062927,0.917275283881426,0.92513641361127
"9","brick_xbtm",0.12,0.998698970947894,0.000387310958375719,0.998178038495532,0.998423154691913,0.998803621879756,0.999012290619223,0.999077749053048
