"","var","importance","mean","sd","min","q25","med","q75","max"
"1","log_depth",0,1,0,1,1,1,1,1
"2","brick_sst",57.18,0.13364117662606,0.0431761048115603,0.0859395279347747,0.11243831041036,0.126435046701998,0.141835555935361,0.201557442147807
"3","brick_tbtm",9.53,0.855646923372674,0.0127326510850765,0.838036959814969,0.850042696702918,0.855414222536097,0.863368435522956,0.87137230228643
"4","brick_sss",0,1,0,1,1,1,1,1
"5","brick_sbtm",3.28,0.950277416667922,0.00339074618219072,0.945887388341459,0.948588753971569,0.950291178756816,0.951655668724531,0.954964093545233
"6","brick_mld",0,0.999999912863977,1.74032101749818e-08,0.999999889522086,0.999999901347472,0.999999919026081,0.99999992071971,0.999999933704539
"7","dfs",29.89,0.547069431171291,0.0348862029471125,0.506368144602892,0.51824003250014,0.550861072377803,0.569808006292833,0.590069900082786
"8","vel_mag",0,1,0,1,1,1,1,1
"9","brick_xbtm",0.12,0.998133629612964,0.000192482274505176,0.997969045054387,0.997994317260692,0.998031053111137,0.998271408549543,0.998402324089062
