"","var","importance","mean","sd","min","q25","med","q75","max"
"1","log_depth",0.74,0.987633249135863,0.00216147403364946,0.984347115901096,0.987041904886839,0.988169350699327,0.98839023065295,0.990217643539105
"2","brick_sst",46.83,0.217739097329658,0.0192928693391133,0.188540616690377,0.212045832236436,0.218576987025701,0.231348418315075,0.238183632380702
"3","brick_tbtm",4.55,0.92405354565593,0.00424349892913132,0.919953080320476,0.921096736886172,0.922410804609532,0.926681799966406,0.930125306497063
"4","brick_sss",0.75,0.987536197332998,0.0023401922867593,0.985293453170657,0.985724772196359,0.987183480842321,0.98836848975316,0.99111079070249
"5","brick_sbtm",0.34,0.994322775941291,0.000487182151625072,0.993492209606562,0.994378219863091,0.994397092236804,0.994621295420158,0.994725062579842
"6","brick_mld",10.52,0.824243662844674,0.0195088721301844,0.798502090527458,0.81595446238471,0.820583118455741,0.837287265867065,0.848891376988394
"7","dfs",29.51,0.506995907229248,0.0381910084545054,0.473835187658382,0.491552154839379,0.49392120258533,0.50302916434089,0.572641826722261
"8","vel_mag",3.93,0.934282798779236,0.0105136724349537,0.916519793426182,0.935149222116644,0.935483494688957,0.941339510919915,0.942921972744481
"9","brick_xbtm",2.84,0.952616476342949,0.00391151870319229,0.949055699862357,0.950244184549573,0.951501360610044,0.953241337002658,0.959039799690112
