"","var","importance","mean","sd","min","q25","med","q75","max"
"1","log_depth",0.67,0.990390723021983,0.000431467708515906,0.989982738496639,0.990178353798223,0.990318508198988,0.99035749124799,0.991116523368073
"2","brick_sst",56.54,0.185609772776942,0.0647844244766014,0.0975313275297772,0.150127600060029,0.204973268388439,0.206340959137895,0.269075708768568
"3","brick_tbtm",0.71,0.989792447214327,0.000957718014754181,0.988748695575619,0.989381237601635,0.98952820743395,0.989995261768541,0.991308833691887
"4","brick_sss",21.39,0.69195676294861,0.0236717064955948,0.662678953142949,0.681961382958987,0.682866766121545,0.712127493942854,0.720149218576716
"5","brick_sbtm",10.54,0.848156053593468,0.022138542786881,0.828773108853762,0.832472005967939,0.83643846148237,0.864231523672716,0.87886516799055
"6","brick_mld",3.08,0.955576804477333,0.00708846757445691,0.946656191333775,0.953457103166097,0.955109531669279,0.95630643690874,0.966354759308771
"7","dfs",2.46,0.964528352923988,0.00161590556426748,0.962120599050777,0.964118212798114,0.964702250830851,0.965159875994499,0.966540825945697
"8","vel_mag",2.36,0.96593987793795,0.00591086335205555,0.957737552261519,0.962510547676477,0.966592801376872,0.971323942091048,0.971534546283833
"9","brick_xbtm",2.24,0.967736117198199,0.00691942495295879,0.96109132930025,0.963651386046538,0.964821162835515,0.97074438316229,0.978372324646401
