"","var","importance","mean","sd","min","q25","med","q75","max"
"1","log_depth",0.59,0.991991308098723,0.000333981540982888,0.991589188182184,0.991837876438678,0.991970663071555,0.992062029427287,0.992496783373911
"2","brick_sst",58.47,0.209126064994892,0.0705847182587975,0.103685982172807,0.180728665051712,0.218121563655929,0.263450547801249,0.279643566292763
"3","brick_tbtm",1.4,0.981106191720494,0.00130450653178177,0.979645865679765,0.980052508029288,0.981209430930252,0.981742550571924,0.982880603391239
"4","brick_sss",18.26,0.752959491303946,0.0209616911230184,0.719989224906174,0.74601640408278,0.758611179964369,0.768776431689568,0.771404215876839
"5","brick_sbtm",6.98,0.905520525304401,0.0130958080679234,0.888318824212333,0.898977402933933,0.903132078564364,0.918351362376231,0.918822958435145
"6","brick_mld",3.65,0.950568756029761,0.00419760436760337,0.944924702424074,0.948879973122926,0.949565546439178,0.954634458266638,0.954839099895988
"7","dfs",3.34,0.954832267160503,0.00278571738419948,0.950868771908491,0.95307430103128,0.955951087395309,0.956687922851152,0.957579252616282
"8","vel_mag",3.81,0.948418740946474,0.00989134777283664,0.935750147245699,0.941199538883041,0.949466237559919,0.957548018501429,0.958129762542281
"9","brick_xbtm",3.49,0.952758832696326,0.00736166616461897,0.940988140371196,0.9517272795973,0.953531588265449,0.957322414122996,0.960224741124691
