"","var","importance","mean","sd","min","q25","med","q75","max"
"1","tbtm",34.37,0.692292625547312,0.00788114971763957,0.680561218634969,0.691234400235153,0.69155747994447,0.696079775996909,0.70203025292506
"2","gseal",23.58,0.788826211002542,0.00367184797105565,0.784179909308111,0.785795446184713,0.789859023207647,0.79205762825192,0.792239048060318
"3","log_depth",20.25,0.818680564693142,0.00452690061226661,0.81149566681438,0.817547410777639,0.82000089203983,0.820988380472755,0.823370473361108
"4","sss",8.14,0.927139456925916,0.00201677222967223,0.924975242722014,0.925934648551444,0.926247639575412,0.92890836760312,0.929631386177591
"5","mld",5.78,0.948267949232954,0.00218843778206926,0.945084542503852,0.947441760753206,0.948394852802617,0.949582149854649,0.950836440250446
"6","hseal",5.72,0.948780747805326,0.0017749533144124,0.946480789396093,0.948219668599805,0.948385743437124,0.949531191060642,0.951286346532967
"7","sbtm",2.17,0.980610790383805,0.000562933847892681,0.979825100282835,0.980435626806155,0.980558570473152,0.980889620253854,0.981345034103026
