"","var","importance","mean","sd","min","q25","med","q75","max"
"1","log_depth",52.95,0.329623465094145,0.0168186978350759,0.305900887975433,0.324887483975194,0.331112973852003,0.333610601932731,0.352605377735366
"2","gseal",14.14,0.821031663936585,0.00676493601153373,0.811416241323376,0.816530536324627,0.824167803446728,0.826189563419585,0.826854175168607
"3","mld",13.97,0.823187327798774,0.00649916506310947,0.815878285583236,0.816308007330176,0.827214579194529,0.827839752189787,0.828696014696145
"4","tbtm",8.67,0.890248049996326,0.00612580028906114,0.883606255534597,0.887537042221022,0.888271193480634,0.892004543762351,0.899821214983023
"5","sbtm",8.2,0.896136503989641,0.00284587223313684,0.893080480091419,0.894130848194815,0.895355463465931,0.8982346679579,0.899881060238138
"6","hseal",1.56,0.98029867975017,0.00108641945335395,0.978821357263919,0.979931475221854,0.980342018041095,0.980574818587567,0.981823729636412
"7","sss",0.51,0.993527678853221,0.000892090634629816,0.992936145965955,0.993067407125905,0.993198809341439,0.993334767394041,0.995101264438765
