"","var","importance","mean","sd","min","q25","med","q75","max"
"1","log_depth",35.67,0.611907942164978,0.0166952728713511,0.596707228095485,0.599813596841393,0.603223802428353,0.627165511349859,0.632629572109802
"2","gseal",27.09,0.705258076325732,0.010358957399269,0.69469668402212,0.698238647638158,0.704077751292281,0.707892052423856,0.721385246252246
"3","mld",16.38,0.821780505320981,0.0111292638679862,0.802971256565103,0.821359365908844,0.824797479264812,0.829202622180491,0.830571802685656
"4","sbtm",11.23,0.877862420683789,0.00331998683486316,0.875485682650353,0.876262531376917,0.876359968407245,0.877551288329096,0.883652632655332
"5","sss",5.01,0.945507337933494,0.00215166911162907,0.943284096704083,0.94329439581733,0.946285275467891,0.94650512532463,0.948167796353536
"6","tbtm",4.36,0.952521749438952,0.00195845952190722,0.950078794146157,0.950801570410026,0.953416260211558,0.95378652849073,0.954525593936292
"7","hseal",0.25,0.997243567038812,0.000109550010750237,0.997072492041832,0.997218292918718,0.997274229913792,0.997284978249619,0.997367842070097
