"","var","importance","mean","sd","min","q25","med","q75","max"
"1","log_depth",3.55,0.906465288178735,0.00289617465651945,0.902178502610659,0.905071224938203,0.90739995961662,0.908098560256752,0.909578193471442
"2","brick_sst",4.35,0.885381828725311,0.00418371320729031,0.880125479985294,0.882264475067867,0.886052856750851,0.888103817858155,0.890362513964391
"3","brick_tbtm",0.6,0.984220844183659,0.000411127614244104,0.983676790962411,0.984116012056291,0.984126189299217,0.984387999549915,0.984797229050463
"4","brick_sss",0.84,0.977776506997591,0.00129939353177873,0.975953166789565,0.976898352621745,0.978474434586187,0.978492173116792,0.979064407873667
"5","brick_sbtm",5.67,0.850546598044111,0.00291311730170537,0.84710870631732,0.849231745172392,0.849775129300272,0.851801481854202,0.854815927576371
"6","brick_mld",15.56,0.589817116489812,0.0127217297662643,0.567412845278962,0.592407846488898,0.594413792390109,0.596476745087829,0.598374353203263
"7","dfs",25.32,0.332411467972725,0.0117636935782362,0.318724605497737,0.323984561333683,0.330437885520168,0.343680641962962,0.345229645549077
"8","vel_mag",16.58,0.562782028075221,0.0105335746189902,0.547659792319952,0.557738058662087,0.563728693534224,0.570958339432985,0.573825256426858
"9","brick_xbtm",27.53,0.27436227782952,0.0135360857682706,0.252643656729424,0.273759379267191,0.277441129549654,0.278229438538817,0.289737785062513
