"","var","importance","mean","sd","min","q25","med","q75","max"
"1","log_depth",3.29,0.951705171570157,0.00333874214766445,0.947755702065761,0.948903667730728,0.952145351329212,0.954141107685785,0.955580029039299
"2","brick_sst",12.77,0.812760170797452,0.0014097627595712,0.810703814416579,0.812178938048895,0.813081096712138,0.813372227102454,0.814464777707193
"3","brick_tbtm",10,0.853404560018025,0.00746493358527183,0.845284762856789,0.850831228315031,0.85246678230615,0.852823554488542,0.865616472123614
"4","brick_sss",5.44,0.920235082395336,0.0026858717731896,0.915881908967224,0.919911334482717,0.920746816806741,0.921660243758565,0.922975107961433
"5","brick_sbtm",10,0.853316764829049,0.00552299343262102,0.845964395580457,0.849908644426797,0.854445776526438,0.856048774410386,0.860216233201167
"6","brick_mld",19.2,0.718418593214963,0.00523552063284263,0.710440405011183,0.71644606588942,0.719299503292351,0.722642315856154,0.723264676025707
"7","dfs",35.83,0.474589660205204,0.00716435383552198,0.464223568088727,0.471665775065952,0.476170507410406,0.477422971162107,0.483465479298826
"8","vel_mag",1.73,0.974627936948227,0.00138690139519672,0.973208395072519,0.973668594575351,0.974193380119331,0.975481493854329,0.976587821119604
"9","brick_xbtm",1.75,0.97438490417793,0.000820115372546787,0.973359543100393,0.974097958964816,0.974230565816323,0.974640047455671,0.975596405552446
