"","var","importance","mean","sd","min","q25","med","q75","max"
"1","log_depth",5.57,0.91154408613326,0.00256659257118636,0.90867630209723,0.910510117004893,0.911318359355094,0.91154781222672,0.915667839982363
"2","brick_sst",13.04,0.793102045822478,0.00367043056581032,0.788337183680894,0.791085092803581,0.792650874101182,0.796104281212176,0.797332797314559
"3","brick_tbtm",5.72,0.909263071150999,0.00283093078588103,0.904672599552935,0.909594301634092,0.909688004942592,0.909887358176113,0.912473091449264
"4","brick_sss",5.7,0.909516243204933,0.00213184417338692,0.907659449623484,0.907786038772459,0.90856559461565,0.911265982000861,0.91230415101221
"5","brick_sbtm",11.81,0.812594559622216,0.00315092154359804,0.807717280089701,0.811781553474412,0.812814236293105,0.814974651265242,0.815685076988621
"6","brick_mld",15.93,0.747148693142447,0.0124100491269108,0.734516863946256,0.735952909987609,0.747275054162858,0.753987433752637,0.764011203862874
"7","dfs",39.76,0.369092938239267,0.0111219695763236,0.356814703802614,0.359619781092527,0.371717294360389,0.372978071782078,0.384334840158728
"8","vel_mag",1.28,0.979686304702119,0.000911955249399311,0.97820663050086,0.97939177621602,0.980251586707263,0.980281320908758,0.980300209177693
"9","brick_xbtm",1.19,0.981099773472214,0.00111234487647544,0.979298537595613,0.980740322400151,0.98175529765136,0.981771363160772,0.981933346553175
