"","var","importance","mean","sd","min","q25","med","q75","max"
"1","log_depth",3.18,0.961419197032953,0.00222201179489891,0.958088124060804,0.960949250678487,0.961177617858001,0.963122072725699,0.963758919841772
"2","brick_sst",8.31,0.899195035900273,0.00454387919812661,0.893867440883852,0.896275997989603,0.898977719684518,0.901211513032996,0.905642507910397
"3","brick_tbtm",5.53,0.932945840937127,0.00354077347227145,0.929409351823477,0.929624397637447,0.933129656175785,0.934815954022539,0.937749845026386
"4","brick_sss",6,0.927161400217023,0.00151763180253735,0.925623934381032,0.926068378262527,0.927045242030131,0.927568078965172,0.929501367446251
"5","brick_sbtm",5.46,0.93373208998096,0.0038307525114604,0.927032622963188,0.934159022733486,0.93547787773966,0.935583129962993,0.936407796505476
"6","brick_mld",19.43,0.764337024045296,0.0141132732853675,0.744210230373189,0.756572840998853,0.770148804486056,0.77018791698041,0.780565327387971
"7","dfs",50.56,0.386663208808977,0.0119263467195812,0.373551675420863,0.379676428678724,0.381532826298289,0.397924929092506,0.400630184554503
"8","vel_mag",1.22,0.985182157112993,0.000676398742372556,0.984481128738606,0.984481557766443,0.985292592370025,0.985796163210159,0.985859343479732
"9","brick_xbtm",0.31,0.996288271753428,0.000188214389692626,0.996109129475333,0.996127382432639,0.996231000676214,0.996459385734105,0.996514460448849
