"","var","importance","mean","sd","min","q25","med","q75","max"
"1","log_depth",4.74,0.841926631792241,0.00383461636179993,0.837831158510422,0.839314137558253,0.841593629270914,0.843175489328921,0.847718744292693
"2","brick_sst",4.69,0.843542485173087,0.0111141445939466,0.826529171527415,0.841094361429125,0.845270810784748,0.848025437917173,0.856792644206971
"3","brick_tbtm",6.1,0.796451887388147,0.00910624611995167,0.786917613971859,0.789488622975352,0.794557510296286,0.802518506185761,0.808777183511477
"4","brick_sss",1.39,0.953685009365969,0.00321348764495285,0.949242096469178,0.952336565966893,0.953270103105081,0.956389868061151,0.957186413227543
"5","brick_sbtm",14.6,0.512709541834335,0.0152158471327009,0.498346085937823,0.502463029974428,0.506082848162492,0.521885413093252,0.534770332003682
"6","brick_mld",8.71,0.709384855522122,0.0121186199160174,0.689230597686845,0.707908387434062,0.7138866411673,0.715489309782367,0.720409341540034
"7","dfs",13.54,0.548047361628508,0.0150455551546204,0.529960924478093,0.540094128399693,0.544541507800016,0.557060706199596,0.568579541265145
"8","vel_mag",19.05,0.364306109599881,0.00433498032221728,0.358982631738702,0.362529398081045,0.363556310589134,0.365751311486182,0.370710896104342
"9","brick_xbtm",27.19,0.0927834449667285,0.0117282945180852,0.080913690122133,0.0842584482900621,0.0890060893832813,0.10098162476475,0.108757372273415
