"","var","importance","mean","sd","min","q25","med","q75","max"
"1","log_depth",2.17,0.971140812197281,0.00152935627148275,0.969005993041328,0.97043660347704,0.971262368963965,0.971953993443479,0.973045102060593
"2","brick_sst",14.65,0.805532872953738,0.0060095163692385,0.799099038739061,0.802769974785444,0.803984016109428,0.806704684495917,0.815106650638838
"3","brick_tbtm",11.74,0.84426700201884,0.0074867798784059,0.832416373841843,0.841606142961043,0.847425348992676,0.848878705919148,0.851008438379489
"4","brick_sss",3.79,0.949723302461553,0.000943774390200547,0.948326714975264,0.949432621479963,0.949821238160569,0.950160682103829,0.950875255588142
"5","brick_sbtm",4.15,0.944923181061842,0.00188658630074911,0.942262104244801,0.944404169988365,0.945000809825944,0.945457681403586,0.947491139846513
"6","brick_mld",21.69,0.712170054597893,0.00835415106764517,0.703580374474473,0.709442738707282,0.709731400573827,0.712069680844336,0.726026078389544
"7","dfs",40.34,0.464657302613892,0.00490946011102455,0.456941685636343,0.463244168058368,0.46642625857773,0.46680896627079,0.469865434526228
"8","vel_mag",0.67,0.99107593414553,0.000496831429537822,0.990511842866848,0.990679348111954,0.991095022199076,0.991362030500742,0.991731427049031
"9","brick_xbtm",0.8,0.989447730742283,0.000795668289779365,0.988644796964659,0.98879648974415,0.98922713234212,0.990206255517551,0.990363979142933
