"","var","importance","mean","sd","min","q25","med","q75","max"
"1","log_depth",7.94,0.932426209697798,0.00122221346587944,0.93046540076007,0.932096154558084,0.932763987068731,0.933394163950574,0.933411342151533
"2","brick_sst",10.46,0.911004562126999,0.00265929854800305,0.907386425070188,0.909725625720809,0.910711365605122,0.913547421320545,0.91365197291833
"3","brick_tbtm",8.58,0.927025674168768,0.00210950536712688,0.924691560447745,0.925343495726708,0.926852206463606,0.928522596963691,0.929718511242089
"4","brick_sss",10.04,0.914540625375235,0.00210115188327968,0.91169766895927,0.91400721825996,0.914236963775152,0.915278610318334,0.917482665563459
"5","brick_sbtm",11.85,0.899141599289381,0.00204665199907389,0.896383189123231,0.89802274867595,0.899488790534921,0.900028213011917,0.901785055100887
"6","brick_mld",12.3,0.895315502619872,0.00488962012594588,0.890895472486851,0.892335773222074,0.892697752836559,0.89806702159076,0.902581492963116
"7","dfs",32.37,0.724612405828362,0.00365114377796818,0.720473187218851,0.721884340052177,0.724749170457838,0.726234209754237,0.729721121658706
"8","vel_mag",3.18,0.972927169883931,0.000964810680350395,0.972016834744631,0.972325306602325,0.97285293236462,0.972923961958363,0.974516813749714
"9","brick_xbtm",3.27,0.972184995082588,0.00104863307737948,0.971628158510945,0.971703293745907,0.971709845318556,0.971827157418149,0.974056520419384
