"","var","importance","mean","sd","min","q25","med","q75","max"
"1","log_depth",1.48,0.984889231715468,0.000499355812875577,0.984337086109889,0.984360099081988,0.985126216524576,0.985310572155973,0.985312184704916
"2","brick_sst",5.86,0.940007756225086,0.0010581117576507,0.938593438897193,0.939152582966821,0.940655039312173,0.940741293289646,0.940896426659595
"3","brick_tbtm",4.66,0.952336334313522,0.00321226853195152,0.947822573620974,0.950168709606447,0.953748784952902,0.954566951187497,0.955374652199788
"4","brick_sss",22.48,0.769930252243005,0.0118109389212558,0.758349757520858,0.764703094101847,0.7653435326672,0.772064013620087,0.789190863305035
"5","brick_sbtm",4.05,0.958555637505387,0.00186027000148868,0.956008451311559,0.957637126559248,0.958546686945829,0.959806171041392,0.960779751668905
"6","brick_mld",14.91,0.847388665544938,0.00561834801533284,0.840531905180722,0.842286178552794,0.849997062257721,0.850904378790856,0.853223802942593
"7","dfs",46.55,0.523489359492853,0.00741064254285601,0.513868859643501,0.520953929994104,0.521795274240225,0.527104782647581,0.533723950938853
"8","vel_mag",0.02,0.999837033443676,8.89158689302419e-06,0.999822536732742,0.999836186913388,0.999839028494889,0.99984122734606,0.999846187731301
"9","brick_xbtm",0.01,0.999930769499065,8.29324793572135e-07,0.999929708503115,0.999930503765022,0.999930646131494,0.999931000492973,0.99993198860272
