"","var","importance","mean","sd","min","q25","med","q75","max"
"1","log_depth",0.65,0.997010005148609,0.000110768777593298,0.996892380886487,0.996916528724035,0.997027506518523,0.997045735446068,0.997167874167931
"2","brick_tbtm",1.99,0.990883144592489,0.000581071952056992,0.990052327658046,0.990560750697904,0.99108068873559,0.991186749986667,0.99153520588424
"3","brick_mld",1.93,0.991153181890373,0.000398414215133387,0.990706311809393,0.990850603237975,0.991081361912088,0.991538423536053,0.991589208956358
"4","brick_sss",60.71,0.721198814144014,0.00505192971646873,0.712576125146019,0.721335377590906,0.722874472225987,0.723676821712079,0.725531274045076
"5","brick_sbtm",3.98,0.981723425276736,0.000482413002832913,0.980864024917918,0.98188334187878,0.981909421257725,0.981967568133333,0.981992770195924
"6","gseal",23.12,0.893822499404641,0.00311733029664766,0.891343268761151,0.891405730683494,0.891960075280674,0.896664649962828,0.897738772335058
"7","hseal",7.63,0.964977885178034,0.00127643815307343,0.963040731113434,0.964479826963176,0.965466343000534,0.965513636951986,0.966388887861039
