"","var","importance","mean","sd","min","q25","med","q75","max"
"1","log_depth",12.26,0.9254518253065,0.00207633339181379,0.923114833957395,0.923282610892119,0.926571394868251,0.926933562111596,0.927356724703139
"2","brick_tbtm",15.67,0.904728184370731,0.00220057447048909,0.902676906566063,0.903212504752766,0.903995272823195,0.905636448459208,0.908119789252421
"3","brick_mld",14.01,0.914789956186835,0.00338777320131259,0.909044320357505,0.914876308897305,0.915553851438527,0.916836218906095,0.917639081334744
"4","brick_sss",18.97,0.884663875443415,0.00149407781581931,0.883461566404276,0.883646521761361,0.883715315444162,0.885733236930618,0.886762736676659
"5","brick_sbtm",9.49,0.942317507050228,0.00174091110772612,0.940273107940757,0.941571151403707,0.941739050312351,0.943172635182243,0.944831590412084
"6","gseal",15.99,0.902789237705586,0.00288542601249846,0.898731509107941,0.901428334997782,0.902983346590044,0.904595266933518,0.906207730898644
"7","hseal",13.61,0.917251170357615,0.0022097432140588,0.914508340674603,0.915375705201916,0.918167947771306,0.918469363019048,0.919734495121201
