"","var","importance","mean","sd","min","q25","med","q75","max"
"1","log_depth",14.01,0.89844278371577,0.00415149310279287,0.895449656333005,0.896057296313542,0.897475144851232,0.897540593032029,0.90569122804904
"2","brick_tbtm",11.64,0.915620931335836,0.00159124109835317,0.913169569000646,0.915585576218629,0.915857985626309,0.915870811849032,0.917620713984562
"3","brick_mld",10.28,0.925504639645969,0.00280067437476826,0.922408910951987,0.922822685604448,0.926356817836107,0.927034067482721,0.928900716354581
"4","brick_sss",16.29,0.881957639558996,0.00799084976677008,0.870487148173459,0.878235368531558,0.88238340313274,0.888719108523827,0.889963169433394
"5","brick_sbtm",20.55,0.851063444699476,0.00416888060102179,0.844620364957288,0.849145981767225,0.853340034378557,0.853540523591479,0.85467031880283
"6","gseal",9.41,0.931785443342844,0.0022305460793768,0.927909952016329,0.931889314370009,0.932758295988444,0.9331210753979,0.933248578941539
"7","hseal",17.83,0.870794194273041,0.00400489847220392,0.866290596355081,0.869291997583124,0.87048988132317,0.870661656005889,0.877236840097939
