"","var","importance","mean","sd","min","q25","med","q75","max"
"1","log_depth",2.68,0.984757406463209,0.00058421901344072,0.983853454163727,0.984698917982351,0.984786884280526,0.984990845165776,0.985456930723661
"2","brick_tbtm",6.91,0.960702958501976,0.00160722868249387,0.958442263320032,0.960217046556213,0.960339136765106,0.962168359489834,0.962347986378697
"3","brick_mld",8.15,0.953636403964135,0.00376179507109691,0.950027673430605,0.950247919919905,0.953606705106871,0.955225021699766,0.959074699663525
"4","brick_sss",35.91,0.795700680555847,0.00625629906210822,0.789185862027069,0.789941417634356,0.795602251379948,0.800403031549849,0.803370840188013
"5","brick_sbtm",9.18,0.947789302393821,0.00236350546765442,0.945082994287205,0.946962919059097,0.947178148797049,0.948221349181322,0.951501100644433
"6","gseal",18.04,0.897398555178268,0.00493981259655023,0.892757158260516,0.894690510127775,0.895293835319358,0.898994303547942,0.905256968635749
"7","hseal",19.14,0.891128395641434,0.00363815175404034,0.88872938886162,0.888917368575803,0.890111806560925,0.890375348850314,0.897508065358507
