"","var","importance","mean","sd","min","q25","med","q75","max"
"1","log_depth",5.36,0.963873399855438,0.00133983865757786,0.962534156946811,0.963022048499399,0.963226720202931,0.96496109603373,0.965622977594318
"2","brick_tbtm",10.19,0.93133711741645,0.00232305688550519,0.927853163562135,0.930395327838412,0.932044775470101,0.932438330394614,0.933953989816988
"3","brick_mld",11.92,0.919671677867341,0.00177946279232546,0.918322013200838,0.918667876616692,0.91903370349552,0.919593331486245,0.922741464537411
"4","brick_sss",16.49,0.888857355588631,0.00550786816726802,0.883682539516241,0.883786892472106,0.88774839285327,0.893275721966465,0.895793231135071
"5","brick_sbtm",23.42,0.842118308143869,0.00494591680164438,0.838540089544923,0.838865491548318,0.839972278571931,0.842762063611909,0.850451617442266
"6","gseal",18.94,0.872317299116181,0.00196375145520867,0.870232062921446,0.871323110127453,0.871945236683772,0.872629918098896,0.87545616774934
"7","hseal",13.69,0.907724726574069,0.00382975834097717,0.902934331937275,0.90559241246485,0.90689121031595,0.911156023087949,0.912049655064324
