"","var","importance","mean","sd","min","q25","med","q75","max"
"1","brick_sst",38.92,0.576200799651953,0.086408233712282,0.463707095286979,0.521056859075021,0.598549001986467,0.609374705820725,0.688316336090575
"2","dfs",14.53,0.841786622507163,0.0211128028553908,0.812049149272079,0.828297401141382,0.85126207847628,0.853306494920472,0.864017988725604
"3","brick_u",16.73,0.817801668954311,0.0384859536662397,0.760337602847142,0.799842103793408,0.830940519253563,0.839256869786682,0.858631249090757
"4","brick_v",6.98,0.923985643322381,0.03759711921296,0.860153939909613,0.923173027673638,0.934749629301374,0.948515597529815,0.953336022197467
"5","brick_xbtm",22.84,0.75126030114481,0.140183993845624,0.623744430320424,0.638623875262604,0.720793724693581,0.808744782731258,0.964394692716183
