"","var","importance","mean","sd","min","q25","med","q75","max"
"1","brick_sst",91.84,0.142779487277579,0.0335042216685273,0.108656242587105,0.111816322237178,0.145459851486572,0.159619772663672,0.188345247413368
"2","dfs",0,1,0,1,1,1,1,1
"3","brick_u",0.6,0.99441412474328,0.000756921257278253,0.993595134523126,0.993776440007433,0.994360844907023,0.994980009731366,0.99535819454745
"4","brick_v",7.57,0.929386620736184,0.00483443699257258,0.923630859158146,0.926908672514456,0.928108868955953,0.932225126304405,0.936059576747962
"5","brick_xbtm",0,1,0,1,1,1,1,1
