"","var","importance","mean","sd","min","q25","med","q75","max"
"1","brick_sst",10.78,0.923616149512661,0.0100851615382863,0.911683637850941,0.916526336800318,0.923033936680467,0.930125718399568,0.936711117832011
"2","dfs",9.99,0.929156815479954,0.00866947745494844,0.91845674936851,0.925358789251056,0.927363042977288,0.933072328919844,0.941533166883073
"3","brick_u",27.41,0.805727426251235,0.0143843730358415,0.786113744526602,0.797211832125215,0.806675898734675,0.819061643892252,0.819574011977429
"4","brick_v",23.72,0.831893181039467,0.0184269770801571,0.802953679005385,0.830068143675321,0.831025128944336,0.844852515012106,0.850566438560186
"5","brick_xbtm",28.11,0.800743833638158,0.0199136882044444,0.782066545541066,0.788760175850936,0.790906469068596,0.811587127646989,0.830398850083203
