"","var","importance","mean","sd","min","q25","med","q75","max"
"1","gseal",31.87,0.554006447873713,0.0501509232340759,0.494132776342709,0.508306307881924,0.571100346715444,0.588745030223778,0.607747778204711
"2","hseal",28.4,0.602465301915516,0.0370806969201239,0.554696521268655,0.57822836683579,0.609000459304161,0.620288813530872,0.650112348638103
"3","fish_biomass",19.96,0.72065569193992,0.06906349534538,0.601265930959936,0.723373398523211,0.746502454648863,0.762526258328177,0.769610417239413
"4","tbtm",17.82,0.750584255003064,0.030945659496388,0.706062041456846,0.747840192897502,0.752058462563104,0.753603821143621,0.793356756954248
"5","sss",1.83,0.974372400887861,0.0050147732008002,0.965984505572871,0.973909180916826,0.975851054462968,0.977485295790136,0.978631967696502
"6","sbtm",0.12,0.998350711928879,0.00021001124407793,0.998118651957378,0.998145040820591,0.998394604563289,0.998527812832848,0.998567449470291
"7","mld",0,1,0,1,1,1,1,1
"8","log_depth",0,1,0,1,1,1,1,1
