"","var","importance","mean","sd","min","q25","med","q75","max"
"1","log_depth",26,0.881467113896124,0.00287653538910743,0.877937612888433,0.880214710701651,0.880825581801254,0.88277285583723,0.88558480825205
"2","brick_tbtm",5.67,0.974154047325641,0.00290149472551209,0.97016807695428,0.972835860661523,0.974060723375356,0.975994300535471,0.977711275101576
"3","brick_mld",21.35,0.902664734757999,0.00713859162361247,0.893798477571005,0.897529512277856,0.903495010532296,0.906860015471445,0.911640657937391
"4","brick_sss",7.34,0.966545286997156,0.00165637993074569,0.96462884399358,0.965628838159976,0.966204265156722,0.967323360125684,0.968941127549821
"5","brick_sbtm",20.61,0.906061618091731,0.00491617251764245,0.901931104215535,0.902079398253341,0.905639712075429,0.90664398566335,0.914013890251002
"6","gseal",3.73,0.982984921934067,0.00180479396708435,0.980028646011059,0.98248122865681,0.984005154756092,0.984107787558292,0.984301792688082
"7","hseal",15.29,0.93030315446652,0.00539954122912678,0.922057771012723,0.92947666965238,0.929901378504561,0.933832838422207,0.936247114740727
