"","var","importance","mean","sd","min","q25","med","q75","max"
"1","log_depth",38.81,0.652536716967701,0.0207588411813923,0.632823329476206,0.637047536414431,0.645241188246639,0.665451596690913,0.682119934010318
"2","brick_tbtm",1.13,0.989925936019126,0.00219013916511454,0.987049093269627,0.989113426482134,0.989912353465342,0.990474638188769,0.993080168689758
"3","brick_mld",19.34,0.826861951854466,0.0207585926860309,0.803436612231353,0.807444526182283,0.830068015727935,0.845660295295097,0.847700309835663
"4","brick_sss",23.15,0.792743782292382,0.0250966504111543,0.770286170365896,0.771367823331556,0.785429510911562,0.808404529304904,0.828230877547991
"5","brick_sbtm",17.31,0.845040874852476,0.00920694274639429,0.836121616172555,0.837331184299024,0.842125534560349,0.854269954441874,0.855356084788578
"6","gseal",0.23,0.997932963171982,0.000184001305898026,0.997737661820874,0.997760548168298,0.997948406932256,0.998057767846957,0.998160431091526
"7","hseal",0.03,0.999746415717165,1.05068706224911e-05,0.999730417142064,0.9997419175846,0.99974951458983,0.999753623934144,0.999756605335189
