"","var","importance","mean","sd","min","q25","med","q75","max"
"1","log_depth",16.43,0.94087206546358,0.00304656714570456,0.937456906910539,0.939142963609424,0.939599775717677,0.943714003811482,0.944446677268781
"2","brick_tbtm",13.9,0.949953589493738,0.00356838013095705,0.944186278282069,0.949092107537263,0.951375897148411,0.951734453840942,0.953379210660005
"3","brick_mld",15.94,0.942638311016797,0.000989712798164324,0.941717078093667,0.941934933593994,0.942322245129636,0.943064725412608,0.94415257285408
"4","brick_sss",14.79,0.946752231338716,0.00502321487660413,0.939919225558202,0.944354501210169,0.947355223650317,0.948730606027552,0.953401600247342
"5","brick_sbtm",13.58,0.951133698208736,0.0032349463385858,0.946493571304167,0.949018485250422,0.952811583456031,0.953399445558639,0.953945405474422
"6","gseal",10.2,0.963269319014376,0.00189081938983309,0.960475302499345,0.962581334009867,0.963432185665481,0.964435892268253,0.965421880628935
"7","hseal",15.16,0.945431733167252,0.00329983054336556,0.94260194782994,0.943063241178258,0.943456801885194,0.948624463973902,0.949412210968966
