"","var","importance","mean","sd","min","q25","med","q75","max"
"1","log_depth",18.39,0.941331692697565,0.0022131753011715,0.938894871459492,0.93921774280191,0.94173733163945,0.94294052700026,0.943867990586713
"2","brick_tbtm",12.08,0.961474833788058,0.00217918778528601,0.959388816154428,0.960090730007834,0.960578567870113,0.962564349482477,0.964751705425437
"3","brick_mld",19.69,0.937175276030696,0.00202839345909181,0.93524948132436,0.935568093017547,0.937279739624339,0.93742708131443,0.940351984872804
"4","brick_sss",14.45,0.953905615272185,0.00228845593664846,0.951399185011415,0.952185236280599,0.954288188076858,0.954383644356566,0.957271822635486
"5","brick_sbtm",12.85,0.959015165693895,0.00271638696570544,0.954746084217511,0.95827955184784,0.959481439255912,0.960943201300293,0.961625551847921
"6","gseal",10.88,0.965274773673758,0.00217663963763548,0.963219371890486,0.964339343140471,0.964850883610526,0.965002048195856,0.968962221531453
"7","hseal",11.66,0.962788108191319,0.00188920165990424,0.961062625538544,0.961917309286162,0.961952494429254,0.963098078001951,0.965910033700686
