"","var","importance","mean","sd","min","q25","med","q75","max"
"1","log_depth",13.15,0.943240798715962,0.00443984015532678,0.937195102714993,0.94020317942871,0.9444070223397,0.946768703400309,0.947629985696098
"2","brick_tbtm",8.01,0.965444089374489,0.00183937658192702,0.963310131012695,0.964917218675572,0.965044489894625,0.96558522793643,0.968363379353121
"3","brick_mld",29.29,0.873572328340532,0.00454619768294091,0.865728160416447,0.87418398233994,0.874605456600188,0.876180585958324,0.877163456387761
"4","brick_sss",0,1,0,1,1,1,1,1
"5","brick_sbtm",49.54,0.786184998920401,0.0138199190067218,0.773707075035312,0.776958581604939,0.778778420667032,0.796020550422687,0.805460366872035
"6","gseal",0.02,0.999928361185818,6.34477937595368e-06,0.999919971262752,0.999923391830701,0.999930805305392,0.999933374052979,0.999934263477265
"7","hseal",0,1,0,1,1,1,1,1
