"","var","importance","mean","sd","min","q25","med","q75","max"
"1","log_depth",15.56,0.874137071505075,0.00501957218121642,0.868115519517481,0.871367082977467,0.872667990624029,0.878253942418653,0.880280821987742
"2","brick_tbtm",16.28,0.86830482829513,0.00488834163682576,0.862541240597602,0.864935243902981,0.867416010938949,0.873302384430015,0.873329261606103
"3","brick_mld",34.43,0.721532250964319,0.0126031936843786,0.706169738254477,0.711798911877155,0.722985694919998,0.729960590752867,0.736746319017097
"4","brick_sss",14.21,0.885075959689043,0.0069036586725239,0.875913456936713,0.882365768945249,0.883234501438634,0.89095439513774,0.892911675986878
"5","brick_sbtm",0.21,0.998296389007845,0.000158535970656165,0.998132214830615,0.998132632265695,0.998335000067889,0.998399688446471,0.998482409428555
"6","gseal",1.83,0.985188317088152,0.00172995952179238,0.983503126646242,0.984255687087718,0.984548502321484,0.98568887990499,0.987945389480328
"7","hseal",17.47,0.858744252775179,0.00799874967576083,0.846689482124788,0.854329388068056,0.863875877464576,0.863911937464222,0.864914578754251
