"","var","importance","mean","sd","min","q25","med","q75","max"
"1","log_depth",3.24,0.979521959481982,0.00166590123657555,0.977279604152948,0.97828624722889,0.980120103648661,0.9808187261436,0.981105116235811
"2","brick_tbtm",13.96,0.911660044394626,0.0083648452739167,0.900584629981433,0.907596136021348,0.910340027196137,0.918565892578601,0.921213536195611
"3","brick_mld",8.67,0.945123724625369,0.00317461652319395,0.941182132649297,0.943842909198867,0.944487227061224,0.94638470296133,0.949721651256125
"4","brick_sss",0.44,0.997205670997841,7.10714289771803e-05,0.997114556394703,0.997157916619972,0.997224119292827,0.997234011840082,0.997297750841619
"5","brick_sbtm",61.24,0.612329591337914,0.0227388341925697,0.575718075749072,0.605201966332583,0.621819813427017,0.628977770664356,0.629930330516544
"6","gseal",9.51,0.939800384564521,0.0047299497798972,0.933025813642492,0.93831996592974,0.940344754209118,0.941270313927899,0.946041075113355
"7","hseal",2.94,0.981366788962974,0.00101552274653352,0.979668609850074,0.981242798537549,0.981762586915935,0.981918673948962,0.982241275562353
