"","var","importance","mean","sd","min","q25","med","q75","max"
"1","log_depth",6.79,0.9709430667772,0.0014090706013579,0.969048657966748,0.970698332813274,0.970765286363453,0.971213393252352,0.972989663490172
"2","brick_sst",6.13,0.97377102963458,0.00519134823135393,0.968642571306737,0.968717860291052,0.975160346190661,0.975393900791473,0.980940469592977
"3","brick_tbtm",2.49,0.989329000669234,0.000717211344168259,0.988353419150506,0.988939939220866,0.989487468722521,0.989614362416399,0.99024981383588
"4","brick_sss",11.02,0.952807545832766,0.00564759553097769,0.946247849547629,0.949811932563865,0.951964763336698,0.954781100775895,0.96123208293974
"5","brick_sbtm",7.44,0.968146561618936,0.00140773880054325,0.965801372188583,0.968018077612688,0.968474687743613,0.969195469707931,0.969243200841865
"6","brick_mld",5.31,0.977250100194568,0.000838545205358518,0.9757976059654,0.977365882586125,0.97754842243461,0.97759413141168,0.977944458575023
"7","dfs",59.74,0.744224346379674,0.0148116878728042,0.725755778302442,0.739092129892368,0.743981855312087,0.745520377405604,0.766771590985868
"8","vel_mag",0.43,0.998164724908343,0.000237382141342198,0.997949139165903,0.998054757543295,0.998087267096733,0.998166702829245,0.99856575790654
"9","brick_xbtm",0.65,0.997197744020257,0.000232224993191613,0.99693052393754,0.996957062401895,0.997356559826551,0.997361641909425,0.997382932025873
