"","var","importance","mean","sd","min","q25","med","q75","max"
"1","log_depth",0.26,0.996695094079074,0.000520646043351746,0.995946611427271,0.996427012709834,0.99684839870178,0.996959265414023,0.997294182142463
"2","brick_sst",5.32,0.931945907037909,0.00589794943439671,0.922918886882408,0.93134893480489,0.931723482343534,0.934774560261621,0.938963670897095
"3","brick_tbtm",0.48,0.993842878450626,0.00148718049148292,0.992484557474489,0.992929075487179,0.993228198198789,0.994385697264525,0.99618686382815
"4","brick_sss",3.49,0.955370323857825,0.013897286240843,0.931867619049419,0.953426118152099,0.963489166095459,0.963625325035695,0.964443390956454
"5","brick_sbtm",0,0.999999721093396,2.72615830251814e-08,0.99999967790988,0.999999719011614,0.999999719755409,0.999999741575246,0.999999747214831
"6","brick_mld",3.03,0.961284358981481,0.00291119062326482,0.957157540391717,0.959901211109044,0.962103594574261,0.962348364070906,0.964911084761477
"7","dfs",80.13,-0.025027992181184,0.0264873553463935,-0.0586484210393867,-0.04582279517261,-0.0198015773349448,-0.0022332549941086,0.00136608763513015
"8","vel_mag",0,1,0,1,1,1,1,1
"9","brick_xbtm",7.3,0.906612873629789,0.0215343238801708,0.882691211462406,0.891835375281607,0.903353239272636,0.918281186491952,0.936903355640345
