"","var","importance","mean","sd","min","q25","med","q75","max"
"1","dfs",82.87,0.133649473246037,0.0437339220429952,0.0861438277788267,0.0912830607067615,0.148029724894112,0.154923788231375,0.187866964619112
"2","u",8.06,0.915727529440418,0.0108976602393586,0.908108452330852,0.910588738523717,0.911384999501982,0.913659133526527,0.934896323319014
"3","v",5.67,0.940733058277646,0.0144865325513606,0.916607680312944,0.940600033375204,0.94256113054399,0.950833497100259,0.953062950055833
"4","sst",2.24,0.976579319013782,0.00334887402672308,0.972217488606959,0.974298428277461,0.977346478150809,0.97833766066843,0.980696539365249
"5","xbtm",1.16,0.987905583347851,0.00147930127629439,0.986011975490366,0.986756904600656,0.988216996737046,0.989165419473803,0.989376620437381
