"","var","importance","mean","sd","min","q25","med","q75","max"
"1","log_depth",6.57,0.950566962830047,0.0041556540541463,0.945079970926096,0.948351753372296,0.950056397431176,0.954475655268547,0.95487103715212
"2","brick_tbtm",23.01,0.826900081259256,0.00907619878401247,0.816105757267926,0.820375876296171,0.827246868115212,0.831760584700527,0.839011319916446
"3","brick_mld",16.81,0.873559095592141,0.00671717425951937,0.863778101774816,0.871828813223332,0.874257795302829,0.875583378751789,0.882347388907938
"4","brick_sss",26.77,0.798642438331217,0.00823055987232077,0.788097096783964,0.795525153089737,0.795810550994172,0.805158700938594,0.808620689849617
"5","brick_sbtm",10.39,0.92186619188926,0.00308016972514083,0.918336755962807,0.919102583959398,0.922263874137364,0.924414160310819,0.925213585075911
"6","gseal",7.41,0.944301233490039,0.00216828635402939,0.940878053068215,0.944260397936786,0.944435314663626,0.945093326198369,0.946839075583198
"7","hseal",9.04,0.932022405698318,0.0021732323285427,0.929711671292324,0.929907350560343,0.932200471270794,0.934033315334634,0.934259220033493
