"","var","importance","mean","sd","min","q25","med","q75","max"
"1","log_depth",9.29,0.916183370897071,0.00102338293619249,0.914507713386007,0.916231887017702,0.916380993997855,0.916499223744735,0.917297036339056
"2","brick_tbtm",23.27,0.78993799435222,0.00755471766444146,0.778482337708869,0.787345142469912,0.790783303739621,0.795429795687183,0.797649392155513
"3","brick_mld",20.66,0.813545305340285,0.00446846294793748,0.809186713586309,0.809653557739191,0.812576396082076,0.817084984472504,0.819224874821346
"4","brick_sss",13.34,0.879563642602104,0.00422306299862739,0.874390906850579,0.876088673266723,0.88103602319828,0.881635736978492,0.884666872716444
"5","brick_sbtm",10.53,0.904983475425396,0.00421519829945238,0.900234396054075,0.902743920825943,0.905101114353181,0.905265950446333,0.91157199544745
"6","gseal",11.48,0.896355289228482,0.00226479677315681,0.894380833358147,0.894704874790307,0.895084870011553,0.898416295182039,0.899189572800362
"7","hseal",11.43,0.896807388253004,0.00391024316746246,0.892956649623289,0.893767421699803,0.895340025420784,0.900920780347076,0.901052064174065
