"","var","importance","mean","sd","min","q25","med","q75","max"
"1","log_depth",6.9,0.83735721495857,0.00430859462231882,0.831459968183752,0.835539654309818,0.838231628493737,0.838326410991087,0.843228412814458
"2","brick_tbtm",6.62,0.843871224994253,0.00225559075059285,0.841508436873103,0.841907454305041,0.84356801374619,0.845959976154381,0.846412243892549
"3","brick_mld",11.5,0.729006550552527,0.00874614095504542,0.71621266876439,0.725126787594209,0.729847378756109,0.736149032893262,0.737696884754667
"4","brick_sss",5.31,0.874776572227625,0.00220206261881876,0.872373602437553,0.873740678605069,0.874005453425624,0.875638104375222,0.878125022294656
"5","brick_sbtm",13.76,0.675644426030887,0.00650805465615956,0.670688280844228,0.671763899096657,0.671805481428177,0.677815454346463,0.686149014438912
"6","gseal",40.39,0.0479332714856873,0.0245559245556078,0.018687016230984,0.0302151115406242,0.0458292501666584,0.0683193306383092,0.0766156488518609
"7","hseal",15.52,0.634026780208824,0.0103769597964658,0.620923921127215,0.629651700698595,0.634536707149689,0.635594059696737,0.649427512371883
