"","var","importance","mean","sd","min","q25","med","q75","max"
"1","log_depth",5.31,0.970246179057347,0.00103087154420682,0.969246570379101,0.969613458267771,0.970003580652879,0.970464372458004,0.971902913528979
"2","brick_tbtm",23.06,0.870823181419287,0.00549162598951043,0.864457716288091,0.868604263085148,0.8703761517585,0.871203308695259,0.879474467269439
"3","brick_mld",16.84,0.905677248294357,0.00402577008027304,0.900499618540578,0.902515144929689,0.907495236456388,0.907624939177117,0.910251302368015
"4","brick_sss",33.1,0.814625711641682,0.0096250246317156,0.80553324160615,0.805931295729103,0.812282783773508,0.823240704052004,0.826140533047644
"5","brick_sbtm",9.41,0.947309561342826,0.00159545740874704,0.945118979438282,0.946868127240837,0.947033637235559,0.948098613261943,0.949428449537507
"6","gseal",4.55,0.974527907866178,0.000486153748329929,0.97372517686675,0.974536499352752,0.974611303195096,0.974739409237372,0.97502715067892
"7","hseal",7.73,0.956726956019343,0.000542191938632821,0.956107450866541,0.956473601895522,0.956532523687204,0.957015088253811,0.957506115393635
