"","var","importance","mean","sd","min","q25","med","q75","max"
"1","log_depth",5.6,0.867545905782236,0.00414411452258218,0.862587721525998,0.864183734521069,0.868552359359847,0.86961423716259,0.872791476341674
"2","brick_tbtm",5.96,0.859051975344595,0.00622912030635311,0.85335294185453,0.853404329172817,0.858118876056656,0.862493188351967,0.867890541287005
"3","brick_mld",10.28,0.756840772584649,0.0127984303047337,0.737217738856252,0.756352276185778,0.758640955675171,0.758960686822266,0.773032205383779
"4","brick_sss",5.79,0.863079697359006,0.00250524932685881,0.861493976697538,0.861815364781066,0.862214237798675,0.862354769889142,0.867520137628611
"5","brick_sbtm",15.22,0.639985830734735,0.00864715983760066,0.628475449118643,0.637918483415921,0.638201125691786,0.643131448414255,0.652202647033073
"6","gseal",41.56,0.0167465671671287,0.0110318143717709,0.00631477328908419,0.00995190424385427,0.0100383567569821,0.0282781764280524,0.0291496251176703
"7","hseal",15.61,0.630600100919951,0.00600229937428873,0.62266539824262,0.626825566725694,0.631381196275662,0.63425012541293,0.637878217942851
