"","var","importance","mean","sd","min","q25","med","q75","max"
"1","log_depth",7.49,0.903335032752587,0.00210856624397312,0.900840712466385,0.901610644505307,0.904062714960766,0.904089106530986,0.906071985299491
"2","brick_tbtm",15.56,0.799186492785895,0.0101926305754182,0.782256939171779,0.797183118147168,0.803953937272543,0.805300579783835,0.807237889554149
"3","brick_mld",18.76,0.757943372400444,0.00696345555392628,0.747867880525746,0.754077447967844,0.760375314989389,0.762062626551415,0.765333591967827
"4","brick_sss",29.89,0.614336750962071,0.00761325073705196,0.606437246083762,0.60720489571944,0.615594518350334,0.617896168222356,0.624550926434464
"5","brick_sbtm",8.21,0.894007591746434,0.00407965394934544,0.889886579159848,0.891043617439909,0.892377096038571,0.89807543459935,0.89865523149449
"6","gseal",9.13,0.88213143470779,0.00406602732506302,0.876486047214619,0.879433003459477,0.884062136583257,0.884178955181502,0.886497031100095
"7","hseal",10.96,0.85861424912989,0.00357772674680503,0.85425810114598,0.857029153564999,0.85769260846496,0.860415821593067,0.863675560880447
