"","var","importance","mean","sd","min","q25","med","q75","max"
"1","hseal",44.63,0.418895166542353,0.0496278776641068,0.366002493389612,0.370199350675719,0.424354947654287,0.462921318058914,0.470997722933235
"2","gseal",34.02,0.557148322605341,0.0775942203154723,0.481202805541336,0.482690403775028,0.560067367541597,0.600170774796644,0.661610261372103
"3","mld",16.3,0.787775813558536,0.0346084836436243,0.728559271155027,0.793846105811896,0.796231441456997,0.800702586676877,0.819539662691883
"4","sss",3.25,0.957669080592198,0.00935815140256894,0.946697028683854,0.953196120208122,0.953817878617714,0.965207330639107,0.969427044812194
"5","sbtm",0.91,0.988195649959693,0.000706347737332262,0.987412186456157,0.987653742985607,0.988069005595467,0.988826741816209,0.989016572945027
"6","tbtm",0.89,0.988385508897101,0.00170120344075942,0.986230092575894,0.987816013193651,0.988252073083133,0.988695900797051,0.990933464835776
"7","log_depth",0,1,0,1,1,1,1,1
