"","var","importance","mean","sd","min","q25","med","q75","max"
"1","log_depth",54.75,0.203742229968168,0.0119285168307193,0.193130038929249,0.195318105362448,0.197045730878078,0.214413004857839,0.218804269813229
"2","sst",29.26,0.574473093715099,0.00791738458810235,0.561183043836949,0.573537047034699,0.577431487748844,0.57939784330657,0.580816046648432
"3","mld",8.09,0.88229970358267,0.00292305888042961,0.878377368750198,0.88148431519951,0.881492239329338,0.884047364742047,0.886097229892258
"4","dfs",3.53,0.948607771042431,0.00333565868382563,0.94291457160117,0.948947200377905,0.949215266861225,0.950564895989808,0.951396920382045
"5","sbtm",3.36,0.951144594301592,0.00148455629425412,0.948663135449018,0.951043502270901,0.95147797584166,0.952208982174677,0.952329375771705
"6","tbtm",0.91,0.986732470296978,0.000545187454456659,0.986110395359076,0.986236543958947,0.986824124280554,0.987143412720183,0.987347875166129
"7","sss",0.1,0.998611427286193,0.000121815795763299,0.99849885010498,0.998533845298913,0.99854256849096,0.998706461063473,0.99877541147264
