"","var","importance","mean","sd","min","q25","med","q75","max"
"1","log_depth",52.83,0.202733517739907,0.0315625125874334,0.169626265834583,0.172526031691108,0.203572412912102,0.230516931173837,0.237425947087908
"2","sst",23.5,0.645379910741677,0.00453152869728933,0.639256782703994,0.643171446768059,0.645158476830225,0.64840286077004,0.650909986636064
"3","sbtm",10,0.849023602886975,0.0033031557581697,0.843371349938185,0.848901879994487,0.85034087637049,0.851167501096548,0.851336407035163
"4","mld",7.04,0.893785302051355,0.00144887786852246,0.89181138745688,0.893006136522672,0.89404414393228,0.894434115548068,0.895630726796873
"5","tbtm",3.48,0.947516684680484,0.00291455354803405,0.944838148222539,0.945719585185184,0.947018187981945,0.947663359093936,0.952344142918819
"6","dfs",3.15,0.95244703119022,0.00215356109489912,0.949203842355137,0.951982380363454,0.952262886196434,0.954069414426341,0.954716632609732
"7","sss",0,0.99997637691764,1.49720783654665e-06,0.999974333355838,0.999975612301554,0.999976692169293,0.999976916621102,0.999978330140411
