"","var","importance","mean","sd","min","q25","med","q75","max"
"1","log_depth",1.02,0.983742916530905,0.00108284787496178,0.982365027022695,0.983060104511757,0.983733631518508,0.984475487924862,0.985080331676703
"2","brick_tbtm",4.19,0.933419195804289,0.00484212407126192,0.926620834881234,0.930404939729877,0.935245028543215,0.93613720866115,0.938687967205967
"3","brick_mld",1.48,0.976496979026,0.00207140319924214,0.974890287415872,0.975678581652341,0.975772507853576,0.976019091377026,0.980124426831185
"4","brick_sss",19.15,0.695846316561442,0.0110819300845096,0.684636206337033,0.690152288845579,0.690641587711337,0.701348364120839,0.712453135792422
"5","brick_sbtm",15.19,0.758793962681748,0.0258877826761898,0.714831601181361,0.763226555579044,0.763871923589923,0.768633296101535,0.783406436956878
"6","gseal",17.95,0.714906161718281,0.0133466413181471,0.697029746480518,0.709640728412567,0.712589024040615,0.723405335010583,0.731865974647125
"7","hseal",41,0.348917820009163,0.0257145351810951,0.320571822928666,0.321125367292236,0.364118938808996,0.36927082990053,0.369502141115388
