"","var","importance","mean","sd","min","q25","med","q75","max"
"1","sss",34.03,0.341009137420239,0.0534461784150309,0.297723569175815,0.298049661530609,0.314788126877766,0.378601203938165,0.415883125578839
"2","tbtm",20.34,0.606066095259909,0.0178208248953298,0.584130697301809,0.594307994425238,0.603826178183767,0.623651906574891,0.624413699813838
"3","gseal",15.08,0.708028985025929,0.0309185755006688,0.671531856166732,0.680712175903231,0.713362845260311,0.73537495992585,0.739163087873521
"4","hseal",12.39,0.760023397814259,0.0277271446424261,0.734170233374387,0.735272736396106,0.751938309207039,0.787546612400234,0.791189097693529
"5","log_depth",9.11,0.823666481161181,0.0164365248856351,0.808264157443923,0.808451401457815,0.821306122031032,0.834562086636893,0.845748638236245
"6","sbtm",6.8,0.868302018588771,0.0149363528093444,0.850319570425831,0.855973318529751,0.872961877071532,0.875369858313123,0.886885468603617
"7","mld",2.25,0.956526335918183,0.0109462354067863,0.945270639488064,0.947598375397259,0.95382353566992,0.966612913055026,0.969326215980647
