"","var","importance","mean","sd","min","q25","med","q75","max"
"1","gseal",33.25,0.271652460932065,0.0313731666844641,0.241454494281628,0.24915497421597,0.263716154665476,0.284390540009889,0.319546141487363
"2","tbtm",20.28,0.55564633216018,0.027145318008484,0.517011243166571,0.549227614957919,0.558669273505307,0.560519147811415,0.59280438135969
"3","sbtm",18.83,0.58739822743364,0.0276955147584917,0.561250993900514,0.573936329617264,0.582203805044851,0.585586326360826,0.634013682244744
"4","sss",15.88,0.65210855188995,0.0161968550578577,0.628696916446184,0.642330695271132,0.658117223326759,0.66543565300226,0.665962271403415
"5","hseal",5.2,0.885994948668829,0.0124468471148896,0.868742455565298,0.877945809038549,0.889021392456985,0.897071461043717,0.897193625239598
"6","log_depth",5.17,0.88677494915825,0.0037198526576932,0.883008052693914,0.88445858193784,0.885771857535331,0.888118156297536,0.89251809732663
"7","mld",1.38,0.969736999184864,0.0027788286857426,0.965159081739117,0.969359815956391,0.970434711910735,0.971520380972969,0.972211005345107
