"","var","importance","mean","sd","min","q25","med","q75","max"
"1","brick_sst",28.76,0.782252219087273,0.00712186509770441,0.775997535799748,0.779221932239578,0.780199216812928,0.781360316596361,0.794482093987749
"2","dfs",57.84,0.562062219946573,0.00887607015032387,0.548643093905035,0.558963694715794,0.563606866986952,0.567205292888742,0.571892151236343
"3","vel_mag",6.98,0.947175471826599,0.00153753234088878,0.945650369841466,0.94618932073158,0.946498577702421,0.948213998042726,0.949325092814802
"4","brick_xbtm",6.42,0.951387672315693,0.000379084240860482,0.950802638885928,0.951309058779822,0.951474725736114,0.95151384739248,0.951838090784122
