"","var","importance","mean","sd","min","q25","med","q75","max"
"1","brick_sst",30.37,0.806308730372173,0.00589584472613643,0.797461275395477,0.803155731000574,0.808954454426534,0.810799373360694,0.811172817677588
"2","dfs",62.47,0.601606799445239,0.0130371747393121,0.580973072392718,0.599185866542919,0.602579894826172,0.611321793117504,0.613973370346884
"3","vel_mag",3.25,0.979276162475326,0.000992698544069402,0.978032580262494,0.978496001974875,0.979424209658804,0.980161002494336,0.980267017986123
"4","brick_xbtm",3.91,0.97506125378603,0.000698068389765246,0.974150720732235,0.974601142985158,0.975100237840712,0.975626468458407,0.97582769891364
