"","var","importance","mean","sd","min","q25","med","q75","max"
"1","brick_sst",23.14,0.8154281037001,0.005852066211723,0.810265339725687,0.810635307734843,0.813253384150512,0.819364811462923,0.823621675426537
"2","dfs",76.85,0.387033781807854,0.00987442047626996,0.371597113491272,0.386089494084076,0.388731441966183,0.389894767300388,0.398856092197351
"3","vel_mag",0.01,0.999949960858904,1.96624413613645e-06,0.99994746162487,0.999948474678328,0.999950310204736,0.999951406724009,0.999952151062579
"4","brick_xbtm",0,1,0,1,1,1,1,1
