"","var","importance","mean","sd","min","q25","med","q75","max"
"1","log_depth",2.76,0.971976425594846,0.000486821103737642,0.97161254837867,0.971772175412287,0.971810752892812,0.971854871120987,0.972831780169473
"2","brick_sst",8.89,0.909737246117922,0.00136168072079539,0.908140782358735,0.908840008654145,0.909480942172302,0.91078360754944,0.911440889854985
"3","brick_tbtm",0.82,0.991676935276082,0.000211397386413446,0.991360598922366,0.991675729847728,0.991680304345215,0.991712939675209,0.99195510358989
"4","brick_sss",2.64,0.973178093347004,0.000647115530910087,0.972536140964096,0.972598046241091,0.973051338511523,0.973831968894545,0.973872972123763
"5","brick_sbtm",21.23,0.784389989645745,0.00308141314370173,0.781104249509812,0.78254231541301,0.783720992142759,0.785489961266669,0.789092429896474
"6","brick_mld",16.22,0.835261660501837,0.00518834426936955,0.831093750402762,0.831936784077013,0.832633464939982,0.837072164152875,0.843572138936554
"7","dfs",46.42,0.528501889536753,0.00955648047816839,0.517277988034631,0.522848796175908,0.527721662322384,0.532286972703363,0.54237402844748
"8","vel_mag",0,1,0,1,1,1,1,1
"9","brick_xbtm",1.03,0.989565528860622,0.000263329676836239,0.989312194356326,0.989337211357611,0.989494612835789,0.989800776161948,0.989882849591434
