"","var","importance","mean","sd","min","q25","med","q75","max"
"1","log_depth",8.44,0.960137110808546,0.000525893146750805,0.959644100193439,0.959721442534196,0.959968414853325,0.960473822708849,0.960877773752924
"2","brick_sst",6.8,0.967852805924258,0.000573882655907387,0.967275979903516,0.96742860177514,0.967658966017849,0.968287059110194,0.96861342281459
"3","brick_tbtm",4.53,0.978606979835697,0.000280526297151035,0.97831599485926,0.978344888405343,0.978623416022425,0.978782686965901,0.978967912925559
"4","brick_sss",11.03,0.947895393260402,0.000362982842350162,0.94748431031383,0.947632115470912,0.947819610442918,0.948241995043544,0.948298935030803
"5","brick_sbtm",7.21,0.965934133524312,0.000147956479374262,0.965786636461637,0.965839431798805,0.965865959572707,0.966044445779365,0.966134194009044
"6","brick_mld",14.58,0.931090938975916,0.00113267043595928,0.929758376143519,0.930533864327934,0.930945285794798,0.931418187857977,0.932798980755351
"7","dfs",42.29,0.800149315048188,0.00110949901085997,0.798271019723082,0.800040710590444,0.800598373687229,0.800914197628823,0.800922273611363
"8","vel_mag",2.54,0.987983418641596,0.000342188545208407,0.987744387224698,0.987794248732129,0.98782312522501,0.98798051813883,0.988574813887314
"9","brick_xbtm",2.58,0.987810141302675,0.000430221607521767,0.987505731239485,0.987616854630938,0.987652500569929,0.987707256263224,0.988568363809798
