"","var","importance","mean","sd","min","q25","med","q75","max"
"1","log_depth",0.82,0.987648912675056,0.000327849793043739,0.987276735779751,0.987414525697056,0.987635153514117,0.987810919876639,0.988107228507715
"2","brick_sst",9.15,0.862216234813118,0.0136565971236141,0.845304677414891,0.853040542540759,0.861027489001857,0.874755734418037,0.876952730690046
"3","brick_tbtm",2.85,0.957046313690068,0.00178945667176596,0.954441374962144,0.956020817796456,0.957771092280645,0.958164066619958,0.958834216791139
"4","brick_sss",11.58,0.82577437708002,0.00665410620369324,0.818096391062921,0.821940444024756,0.823556994233656,0.831173703288014,0.834104352790754
"5","brick_sbtm",5.31,0.92008439052843,0.00107171416821441,0.919296957305956,0.919449398689463,0.919666862809723,0.920081334739887,0.92192739909712
"6","brick_mld",11.39,0.828640353594955,0.0129959627398188,0.813285495766881,0.81853822655977,0.830481268125166,0.835180219948296,0.845716557574662
"7","dfs",54.87,0.174127840052997,0.0397736573974783,0.126399679443557,0.149674113081728,0.171247619319787,0.193962037294043,0.229355751125871
"8","vel_mag",3.44,0.948159142536068,0.00333725511284392,0.942839010300259,0.946923474166582,0.949964745858562,0.950237582319507,0.950830900035428
"9","brick_xbtm",0.58,0.991285761275462,0.000220482462629751,0.990922614238671,0.991260824053382,0.991342959400851,0.991406830995924,0.991495577688483
