"","var","importance","mean","sd","min","q25","med","q75","max"
"1","log_depth",7.1,0.925023950154186,0.000689768165892275,0.924118698845593,0.924620006309262,0.925012214446195,0.925529652811853,0.925839178358028
"2","brick_sst",10.38,0.890432630677207,0.0030700079522371,0.886244970176173,0.88847475405667,0.891477497686652,0.891927065853964,0.894038865612576
"3","brick_tbtm",3.8,0.959852609019196,0.000811500212767329,0.958950261363496,0.959505354124302,0.959632915221419,0.960052639627708,0.961121874759058
"4","brick_sss",12.48,0.868250054034545,0.00126455986545686,0.866452004763845,0.867501334448593,0.868557235652365,0.869351842535927,0.869387852771994
"5","brick_sbtm",5.5,0.941953501510892,0.0004419604446222,0.941450230291041,0.941501278539221,0.942181621022277,0.942258226458379,0.942376151243543
"6","brick_mld",13.67,0.855696364955524,0.0013032600101024,0.854529911344291,0.854745027882717,0.855447608547813,0.855966912353158,0.857792364649639
"7","dfs",43.69,0.538649352705244,0.0051217697266126,0.530524562421874,0.536674453086776,0.541577739000116,0.541631510153178,0.542838498864278
"8","vel_mag",1.68,0.98222784602378,0.000616870609584576,0.981246472087615,0.982096223040498,0.982340764465399,0.982607741748096,0.982848028777292
"9","brick_xbtm",1.7,0.98200151863427,0.000494872029975719,0.981174290439919,0.981974549568144,0.982106511871752,0.982338156358614,0.982414084932923
