"","var","importance","mean","sd","min","q25","med","q75","max"
"1","log_depth",5.97,0.947494436511084,0.00167416689504794,0.945516507166681,0.945842956189734,0.948390711119626,0.948731725982307,0.948990282097074
"2","brick_sst",7.13,0.937279058915274,0.00331810505907716,0.931717137156437,0.937223199324549,0.938442632192212,0.938550311697711,0.940462014205463
"3","brick_tbtm",5.72,0.949699008427574,0.00126267422671323,0.948550533257294,0.949037566040555,0.949434478336045,0.94964096039762,0.951831504106356
"4","brick_sss",10.06,0.911559819163872,0.00218238398053199,0.909536435875142,0.909847202772381,0.910950912516021,0.912680086101341,0.914784458554476
"5","brick_sbtm",9.41,0.917285620760277,0.00149942273852357,0.915658766371196,0.916513060845781,0.916656319773133,0.918180707753217,0.919419249058059
"6","brick_mld",6.84,0.939863196181153,0.00490295822851301,0.932283965961272,0.938200320111723,0.940859762965233,0.943293685718605,0.944678246148934
"7","dfs",27.74,0.756170714115834,0.00972506595132427,0.744702448371925,0.750639946823093,0.754276701988185,0.761485877037943,0.769748596358025
"8","vel_mag",13.27,0.883372725815008,0.00334399110274725,0.880832760526197,0.881055332348868,0.881535317297865,0.884833134972806,0.888607083929304
"9","brick_xbtm",13.86,0.878177783998863,0.00363567398295165,0.873891548376998,0.874539261755478,0.88057116068669,0.880600327035717,0.881286622139432
