"","var","importance","mean","sd","min","q25","med","q75","max"
"1","dfs",49.99,0.600451632102514,0.0204160122860582,0.576836611916666,0.586609162378376,0.597873142772633,0.613057379816507,0.627881863628389
"2","sst",49.28,0.60615610784552,0.0144865858911142,0.585817368651443,0.604188414425425,0.604215424483273,0.610399913768379,0.626159417899082
"3","v",0.66,0.994709077620109,0.00021115589592693,0.994469830243471,0.994592103492548,0.994625463904755,0.994885947394765,0.994972043065006
"4","xbtm",0.04,0.999642608680728,7.9409994629102e-06,0.999628935564662,0.999642829352342,0.999645818178732,0.999646617670788,0.999648842637114
"5","u",0.02,0.999822069989207,9.49564846494899e-06,0.999809151959959,0.999816036474586,0.999824373845214,0.999827794787862,0.999832992878413
