"","var","importance","mean","sd","min","q25","med","q75","max"
"1","sbtm",39.21,0.414625212543776,0.0362681633131698,0.357614138278816,0.411540137138739,0.411651843487373,0.444743041843742,0.447576901970208
"2","hseal",27.67,0.586888430904794,0.0133119848663324,0.571221253095263,0.582391897315711,0.583445082655821,0.589955450849732,0.60742847060744
"3","sss",22.48,0.664382642504534,0.0213771945434082,0.630082673512779,0.662701841805811,0.667104641608065,0.674373404719177,0.687650650876837
"4","log_depth",5.65,0.915655404262189,0.00617256878742418,0.908240168253184,0.911713625335877,0.916374740960493,0.917454191453091,0.924494295308304
"5","tbtm",3.36,0.94985223189181,0.00490463932157802,0.944099221967429,0.946722502090009,0.94892059850031,0.953293008710148,0.956225828191152
"6","mld",1.23,0.981599172165383,0.00193249680718174,0.979898766085154,0.98034301817216,0.981055940738051,0.981926130586065,0.984772005245487
"7","gseal",0.39,0.994217200390514,0.00183792756223781,0.991043717590033,0.99448077704101,0.994616698814278,0.995298087452985,0.995646721054266
