"","var","importance","mean","sd","min","q25","med","q75","max"
"1","log_depth",5.99,0.927690001781335,0.0160826700287283,0.90107185331852,0.923802688538449,0.937160547141653,0.938054184182076,0.938360735725979
"2","brick_tbtm",36.99,0.553642625043881,0.0469839687499904,0.501686969404314,0.509899729533045,0.568199964279664,0.575328343441575,0.613098118560808
"3","brick_mld",21.29,0.743081108867328,0.0308623070371828,0.712573012968669,0.728028484055725,0.728124508129359,0.756052063695643,0.790627475487244
"4","brick_sss",1.92,0.976836548057207,0.00595910643907381,0.966603565776962,0.976504290469026,0.980291954399768,0.980342590587864,0.980440339052416
"5","brick_sbtm",1.02,0.987702281035926,0.00165419641119902,0.985575095730192,0.987080249653325,0.987178081746912,0.988891098565654,0.989786879483549
"6","gseal",3.27,0.960560939811875,0.00678012748334317,0.952011093364184,0.956386740109006,0.960113776054173,0.965355405928127,0.968937683603882
"7","hseal",29.52,0.643700921689403,0.0565310796909298,0.559979249440005,0.642076114408344,0.646723837708048,0.650414402287956,0.719311004602662
