"","var","importance","mean","sd","min","q25","med","q75","max"
"1","log_depth",17.66,0.848081107518321,0.00474815793526149,0.842559419727691,0.843447847390038,0.849879447576724,0.8520678322138,0.852450990683351
"2","brick_tbtm",35.09,0.698113021908229,0.013190808580537,0.678970455139526,0.690347135864758,0.702835969355877,0.708558349395539,0.709853199785444
"3","brick_mld",7.55,0.935034613140347,0.0109599517981747,0.916325401496003,0.936033369902859,0.937713016496105,0.940394841235197,0.944706436571571
"4","brick_sss",4.49,0.961356340120074,0.00226960504019161,0.958542085517668,0.959832165154452,0.961785074962845,0.962185438871087,0.964436936094317
"5","brick_sbtm",13.84,0.880966912395341,0.00598582985662511,0.873721819743062,0.87765003919201,0.879513940795447,0.885310480073925,0.88863828217226
"6","gseal",15.79,0.864202330891582,0.00596988562794454,0.856511578757728,0.861003724175037,0.863546289316347,0.868228483325363,0.871721578883434
"7","hseal",5.58,0.952004343297388,0.00252419120790588,0.947930651803238,0.95194845737024,0.95255217450947,0.952752741606292,0.954837691197702
