"","var","importance","mean","sd","min","q25","med","q75","max"
"1","log_depth",10.82,0.91938328986186,0.00169087560248207,0.91716271141737,0.918325551584367,0.919383637909452,0.920938838942159,0.921105709455952
"2","brick_tbtm",12.74,0.905073580869029,0.00270248980247989,0.901872245013188,0.903649354184376,0.90420636566684,0.90707853001029,0.908561409470453
"3","brick_mld",11.87,0.911593138994392,0.00321794877913047,0.908328974962312,0.909162335982345,0.91043415267419,0.914906935249509,0.915133296103601
"4","brick_sss",21.74,0.838016162743876,0.00545373277103164,0.830690434352408,0.835253275444498,0.83740214709463,0.843260736111679,0.843474220716166
"5","brick_sbtm",12.59,0.906218678653806,0.0014566506411312,0.90489756631655,0.905012992923824,0.905619357872791,0.907635427536882,0.907928048618983
"6","gseal",12.19,0.909183791133993,0.000999543334014411,0.907559018527969,0.908932904542489,0.909605098207821,0.909740017345162,0.910081917046524
"7","hseal",18.04,0.865577662586778,0.000976962331054496,0.86491782583906,0.865028965665857,0.8652711988789,0.865376036619206,0.867294285930871
