"","var","importance","mean","sd","min","q25","med","q75","max"
"1","log_depth",4.02,0.969192295464322,0.00145105065233294,0.967731601802631,0.967898273970928,0.96942874040823,0.969618566312027,0.971284294827795
"2","brick_tbtm",14.13,0.891806017317213,0.00450122238165054,0.886488516325299,0.890246877457262,0.890460664074366,0.893203464197389,0.89863056453175
"3","brick_mld",13.66,0.89543843037653,0.00631367153065339,0.888490268746324,0.89287231002553,0.893163593768717,0.897465087853035,0.905200891489043
"4","brick_sss",33.83,0.741054655625774,0.00566323520279195,0.731913194244315,0.740691634188096,0.742423242742312,0.742929272567443,0.747315934386706
"5","brick_sbtm",15.78,0.879195086987187,0.00454745932173483,0.874545787879634,0.875532248883005,0.878560478916541,0.881763160834859,0.885573758421895
"6","gseal",7.8,0.940278999856804,0.00334642653851318,0.934966682765242,0.939075354814967,0.941804110124649,0.942359368238405,0.943189483340758
"7","hseal",10.77,0.917518999430482,0.00316669850470786,0.912506023422906,0.917166688289811,0.917801039588606,0.919096615805655,0.921024630045434
