"","var","importance","mean","sd","min","q25","med","q75","max"
"1","log_depth",42.4,0.581522862301555,0.017353408161419,0.553278911621913,0.582669956403928,0.584373614701036,0.586453454753777,0.600838374027119
"2","brick_tbtm",2.27,0.977625419946321,0.000774812624652635,0.976424290009254,0.977350057331119,0.977948348555646,0.97796433331355,0.978440070522033
"3","brick_mld",11.36,0.887894986831371,0.00425391121031343,0.883280217845995,0.883925504116166,0.888403519493955,0.89082313195761,0.893042560743127
"4","brick_sss",4.33,0.957303832399776,0.00125311318234594,0.955758159733094,0.957062049778028,0.957157411476579,0.957285318813551,0.959256222197625
"5","brick_sbtm",0.06,0.999402489315005,6.30534012809138e-06,0.999395975809373,0.999397916153906,0.999401781739427,0.99940480614571,0.999411966726611
"6","gseal",14.6,0.855897328675104,0.00181877880322419,0.852989938252431,0.855659870586029,0.856009890268782,0.857176335214628,0.857650609053651
"7","hseal",24.98,0.753472691467594,0.00778290017397436,0.743354659545665,0.749642198987343,0.753098618933751,0.757277013907895,0.763990965963318
