"","var","importance","mean","sd","min","q25","med","q75","max"
"1","log_depth",9.05,0.971637939368345,0.000255026410630046,0.971285640473402,0.971482052248908,0.971685342578489,0.971827519531689,0.971909142009235
"2","brick_tbtm",7.98,0.974991202128529,0.000506266896649958,0.974177006996892,0.974973706656812,0.975084973007996,0.975158979062051,0.975561344918893
"3","brick_mld",13.08,0.958989210848247,0.00284426940308749,0.955102841454393,0.957970214102282,0.958359584254135,0.961255333908564,0.962258080521861
"4","brick_sss",31.89,0.900025838549747,0.00264174983857506,0.895699953562262,0.899291225959268,0.901461056454,0.901713467454266,0.901963489318938
"5","brick_sbtm",9.79,0.969310795540286,0.00100639203581911,0.96855163246722,0.96855412422455,0.968838636802309,0.969711737528794,0.970897846678555
"6","gseal",11.19,0.964926780118312,0.000750208018065016,0.963693308844936,0.964750253058095,0.965295529813719,0.965346015594033,0.965548793280776
"7","hseal",17.04,0.946585277811931,0.00172471785421998,0.944316124499804,0.945409146878877,0.946957088319289,0.947619569400685,0.948624459961002
