"","var","importance","mean","sd","min","q25","med","q75","max"
"1","log_depth",9.38,0.925132035307008,0.0020618472321414,0.922794472607811,0.923035294254686,0.926168026575292,0.926445969634162,0.92721641346309
"2","brick_tbtm",13.29,0.893937816173249,0.00179583978290394,0.891765627051835,0.893237348758162,0.893488607229826,0.894605794202147,0.896591703624275
"3","brick_mld",12.41,0.900938498933912,0.00379322018764743,0.894415175380422,0.901084824429473,0.902164649006798,0.903189997973713,0.903837847879154
"4","brick_sss",22.28,0.822150185558213,0.0025853020509339,0.817888856333951,0.821954495168645,0.822796663381136,0.823399759364118,0.824711153543213
"5","brick_sbtm",14.52,0.884107720255278,0.00338503788895884,0.87925303102339,0.8824464014617,0.884738717236888,0.886103889768512,0.887996561785899
"6","gseal",12.82,0.897692202248932,0.00205817132445721,0.895789704744552,0.895901359746108,0.897226557964363,0.898980409550463,0.900562979239175
"7","hseal",15.31,0.877825221966306,0.00256498121393694,0.874638861717139,0.876569076562308,0.87701839231449,0.88016972275884,0.880730056478752
