"","var","importance","mean","sd","min","q25","med","q75","max"
"1","hseal",42.1,0.380593451563851,0.0259060279584446,0.35419575868022,0.359760400573023,0.379774417784752,0.390501443554561,0.418735237226699
"2","log_depth",24.25,0.643154889595859,0.0166228048035184,0.622890543514711,0.634880887525126,0.637412383310703,0.658621569987825,0.66196906364093
"3","tbtm",20.04,0.705090646582881,0.00688311637803086,0.695942159339136,0.703784498966406,0.704136223737124,0.706429737198336,0.715160613673402
"4","gseal",7.24,0.893429605690995,0.0187049680397178,0.868944927393414,0.879993352806413,0.900765175342063,0.90172485112446,0.915719721788626
"5","mld",6.37,0.906294449487207,0.0108919581681257,0.893806793981611,0.895710759153826,0.910071523138104,0.914183431030686,0.917699740131807
