"","var","importance","mean","sd","min","q25","med","q75","max"
"1","log_depth",3.6,0.982377055793174,0.000765885206689425,0.981463274709246,0.981848763389752,0.982313292313089,0.982912726033163,0.98334722252062
"2","brick_sst",8.09,0.960352853719926,0.00618727176903931,0.954304209371118,0.954917656478734,0.959921465195201,0.963497160238919,0.969123777315656
"3","brick_tbtm",4.32,0.97880794404796,0.00449475227765158,0.973871425671748,0.974271988076994,0.980597492869286,0.981394232600107,0.983904581021663
"4","brick_sss",8.91,0.956319256939631,0.00290683016522054,0.951629084853601,0.95618796613986,0.957097568693631,0.957115191807088,0.959566473203974
"5","brick_sbtm",49.42,0.757843615178675,0.0228902268551143,0.742613868386781,0.746067469811826,0.747606204541977,0.754937484796016,0.797993048356774
"6","brick_mld",3.63,0.982210793006773,0.00166934959086996,0.979491338312339,0.981999507630207,0.982470870515219,0.983355104251391,0.983737144324708
"7","dfs",17.61,0.91369503884516,0.00636011493085567,0.906497442960652,0.909847005888435,0.91232515762191,0.917053014593357,0.922752573161449
"8","vel_mag",2.21,0.989185456831843,0.000610454188395075,0.988184765390359,0.989130638616321,0.989261088774362,0.989660758266161,0.989690033112014
"9","brick_xbtm",2.2,0.989202693435135,0.00057927753556387,0.988588715411542,0.98877546576817,0.989033698710321,0.989703137968679,0.989912449316964
