"","var","importance","mean","sd","min","q25","med","q75","max"
"1","log_depth",13.44,0.968083816413616,0.00280006069199487,0.963991172621657,0.967517453043574,0.967656908072614,0.969860177838109,0.971393370492127
"2","brick_sst",13.53,0.967863368661815,0.00363425829332344,0.962017594241443,0.967881909707932,0.967891947402922,0.969802254281986,0.971723137674793
"3","brick_tbtm",4.44,0.989462202440969,0.00162199597019238,0.987860801484405,0.988268943646163,0.988875012612318,0.990667387100665,0.991638867361295
"4","brick_sss",19.97,0.952576374379127,0.00232729786974199,0.94869826521971,0.952564782496114,0.953066787724918,0.953724967956631,0.954827068498261
"5","brick_sbtm",12.41,0.970540807280344,0.00109981163300429,0.968964903396952,0.969841232915612,0.971103910159028,0.971194182716946,0.971599807213181
"6","brick_mld",4.3,0.989797257847494,0.000883624671643801,0.988478002618964,0.989687493786877,0.989835423015982,0.990044358262519,0.990941011553128
"7","dfs",18.57,0.955913876717621,0.00239709001106714,0.952981563628274,0.954802566355069,0.95546658581906,0.956962156731933,0.959356511053768
"8","vel_mag",6.32,0.984990686364148,0.00193806246550788,0.98278811714367,0.983725736848191,0.985131741183755,0.985425024821318,0.987882811823808
"9","brick_xbtm",7.03,0.983316321238956,0.00155772835173743,0.981585537983748,0.98239424273124,0.98317431386619,0.983730287916225,0.985697223697378
