"","var","importance","mean","sd","min","q25","med","q75","max"
"1","log_depth",2.55,0.978417464053604,0.00126801889997185,0.9769842165217,0.977868516190692,0.978125694241373,0.978716187456737,0.980392705857518
"2","brick_sst",0,1,0,1,1,1,1,1
"3","brick_tbtm",0,1,0,1,1,1,1,1
"4","brick_sss",65.14,0.449738499782661,0.0429518485650533,0.38206045137916,0.447687954457338,0.452359784214002,0.466916019415178,0.499668289447627
"5","brick_sbtm",0,1,0,1,1,1,1,1
"6","brick_mld",0,1,0,1,1,1,1,1
"7","dfs",32.3,0.727110781340821,0.0440211784214781,0.649093989566578,0.738106355247341,0.746625474110642,0.74670015407111,0.755027933708432
"8","vel_mag",0,1,0,1,1,1,1,1
"9","brick_xbtm",0,1,0,1,1,1,1,1
