"","var","importance","mean","sd","min","q25","med","q75","max"
"1","log_depth",10.62,0.928530102660632,0.0122887146545739,0.91648953686617,0.92113450846521,0.924636760372042,0.932543414692244,0.947846292907491
"2","brick_sst",26.82,0.819470958724043,0.0110429039634885,0.803485229256876,0.818058537476967,0.81935848973518,0.822024620369519,0.834427916781671
"3","brick_tbtm",9.04,0.939164544215235,0.00470952818505642,0.933712855490271,0.935047217568195,0.940446311422062,0.941567024136227,0.94504931245942
"4","brick_sss",26.86,0.819190430292279,0.0179767050643495,0.80130264411416,0.807008628202559,0.810958251055072,0.834950367910141,0.841732260179465
"5","brick_sbtm",3.15,0.97881052529355,0.00230544615935945,0.976526273775566,0.97738620835942,0.978680523897742,0.978909146238768,0.982550474196251
"6","brick_mld",5.46,0.963251343181985,0.0060612461059604,0.956590807548472,0.957868735780523,0.963999131157966,0.966746358376944,0.971051683046022
"7","dfs",5.05,0.966015862330562,0.00204818156496202,0.96409267023576,0.96435168028405,0.965813250732969,0.966668081333876,0.969153629066156
"8","vel_mag",6.18,0.958400171803017,0.00377523841240766,0.953136608392734,0.957626500608276,0.958292537797269,0.959257347298536,0.963687864918272
"9","brick_xbtm",6.83,0.954051982744979,0.00296950343165247,0.950198465234124,0.952605231445803,0.953485968366867,0.95635183747819,0.957618411199911
