"","var","importance","mean","sd","min","q25","med","q75","max"
"1","log_depth",4.46,0.940289717658355,0.00473262748059848,0.93536270871773,0.936619001107704,0.938993935131333,0.944454911825639,0.94601803150937
"2","brick_sst",53.81,0.279038995409749,0.0765838811828177,0.160735098407729,0.245804455952468,0.317933590836706,0.319503587105987,0.351218244745855
"3","brick_tbtm",20.3,0.728061166814698,0.0288374164919801,0.688667624282076,0.705698325847669,0.747393510689428,0.748640959768275,0.749905413486045
"4","brick_sss",0,1,0,1,1,1,1,1
"5","brick_sbtm",0.03,0.999636053709068,2.08072029444742e-05,0.999606317930348,0.999625123428104,0.999638927375517,0.999653264564839,0.999656635246529
"6","brick_mld",3.38,0.954709935827444,0.00546115291921028,0.947351186550671,0.95227248477841,0.953739099792487,0.959707871533283,0.960479036482371
"7","dfs",6.82,0.908661872999298,0.00670883223896311,0.90211142856052,0.903463612707787,0.906110043454554,0.914993906265231,0.916630374008401
"8","vel_mag",10.01,0.865840189299686,0.015697152872872,0.84702177561858,0.856713514304645,0.861385968504455,0.880721543364971,0.883358144705779
"9","brick_xbtm",1.2,0.983919835985006,0.000817905725676816,0.983072647226406,0.983532431436273,0.983596877607852,0.984203242122378,0.98519398153212
