"","var","importance","mean","sd","min","q25","med","q75","max"
"1","log_depth",7.61,0.974472238580214,0.000951638868362106,0.973489614356019,0.974017350509591,0.974128925181636,0.974751726531541,0.975973576322282
"2","brick_sst",24.81,0.916748680157637,0.00381317385693143,0.912789717023996,0.914268402432808,0.915025153791027,0.920671815160183,0.920988312380169
"3","brick_tbtm",7.42,0.975113491240812,0.00164445223263753,0.973493656618922,0.974157000598401,0.97500923482567,0.975098325412056,0.977809238749009
"4","brick_sss",15.51,0.947957236486845,0.00171536848404841,0.945784226613528,0.946904777253575,0.947946588360841,0.948982010583317,0.950168579622962
"5","brick_sbtm",8.37,0.971922885065626,0.000800876126017127,0.971086461431038,0.971482620365868,0.971732739825003,0.972127048986477,0.973185554719747
"6","brick_mld",6.2,0.979203222486156,0.00230308023745673,0.976302301352287,0.978375192772917,0.979151855308817,0.979517358509997,0.982669404486764
"7","dfs",9.53,0.968041291167272,0.00151162159134694,0.966058529604978,0.967778777250213,0.96798087957462,0.968081031748778,0.970307237657769
"8","vel_mag",11.01,0.963076520158801,0.00144840405790494,0.961045994436868,0.962353149048761,0.96345069922168,0.963644423060908,0.964888335025787
"9","brick_xbtm",9.55,0.967962780046792,0.00144542303319867,0.965990534260842,0.967575743030926,0.967844160505055,0.96841643850882,0.96998702392832
