"","var","importance","mean","sd","min","q25","med","q75","max"
"1","log_depth",7.55,0.976642551586301,0.00214608522053077,0.974400511759458,0.975245284884298,0.976455284667642,0.977126287821255,0.979985388798852
"2","brick_sst",31.02,0.903983324155102,0.00644052601495352,0.896262132490306,0.901690958864189,0.902554337995691,0.905609362866344,0.913799828558983
"3","brick_tbtm",8.37,0.974105242339743,0.00250610146355451,0.970191300553759,0.973755279034687,0.9740823653728,0.97575265453772,0.976744612199748
"4","brick_sss",18.87,0.94158357571656,0.00633405364054573,0.936648289230945,0.937628091604493,0.94003113894835,0.941168793817128,0.952441564981886
"5","brick_sbtm",6.47,0.979976729123014,0.000880138810198815,0.979154355552061,0.979436857794549,0.979785889514362,0.980086802150999,0.981419740603097
"6","brick_mld",5.26,0.98372983237156,0.00153672591919495,0.981867896213738,0.982279296744779,0.984453160647737,0.985014145134367,0.985034663117178
"7","dfs",5.64,0.982544744268378,0.00204149851224195,0.98030183470977,0.981397934141631,0.982426161346038,0.982857213838283,0.985740577306171
"8","vel_mag",7.96,0.975365209589458,0.000967889351133632,0.974271783954446,0.975104708973899,0.975160743656201,0.975360920015587,0.976927891347155
"9","brick_xbtm",8.87,0.972536448671811,0.00178595100314453,0.970135796164078,0.971788373255996,0.972143017407384,0.974246288427494,0.974368768104103
