"","var","importance","mean","sd","min","q25","med","q75","max"
"1","brick_sst",29.16,0.622479026949214,0.0538555363727103,0.527940265835279,0.63148331859892,0.642339317750627,0.651313582791435,0.65931864976981
"2","dfs",62.65,0.188805694384166,0.0281521248888572,0.14531256355655,0.185371625337976,0.185682153246036,0.212343039946516,0.21531908983375
"3","vel_mag",7.36,0.904648085684679,0.00800686596884841,0.891078766906329,0.904825166935327,0.906627644182149,0.909081914389214,0.911626936010379
"4","brick_xbtm",0.83,0.989194016292169,0.000829350742530283,0.98843574636224,0.988543837928427,0.988931753359679,0.989649131468908,0.990409612341592
