"","var","importance","mean","sd","min","q25","med","q75","max"
"1","brick_sst",9.86,0.901016508494485,0.0146285027180314,0.887701482417032,0.891280216110391,0.894821046687084,0.907964736311555,0.923315060946362
"2","dfs",88.83,0.108548426568423,0.0578671527238189,0.0181133226595634,0.105019840721413,0.110633203391007,0.132371634426179,0.176604131643952
"3","vel_mag",1.31,0.986884772936313,0.00204234989631246,0.984539548385743,0.985973156307586,0.986026718150735,0.988183535572388,0.989700906265114
"4","brick_xbtm",0,1,0,1,1,1,1,1
