"","var","importance","mean","sd","min","q25","med","q75","max"
"1","sbtm",40.59,0.491752640936347,0.029857478039016,0.458103034460354,0.469386613646739,0.491627377541567,0.506454751385189,0.533191427647888
"2","sss",29.02,0.636630966857113,0.0465397404953848,0.587848897011696,0.613546442569283,0.614069900233778,0.664046932497633,0.703642661973173
"3","hseal",11.53,0.855691827712034,0.0186745926716472,0.83420155390393,0.839135495731533,0.859345548609296,0.867680933658003,0.878095606657408
"4","fish_biomass",9.38,0.882519089708915,0.00958650890571389,0.873540415244487,0.877729864864376,0.88093626552508,0.881717315913921,0.898671586996713
"5","tbtm",4.52,0.943360411081735,0.00278036463028786,0.939926884429278,0.942823892870849,0.942984716827776,0.943381434638066,0.947685126642705
"6","mld",2.62,0.96720875494159,0.002282233519054,0.964491130349897,0.965570709227499,0.967179520209045,0.968642546999162,0.970159867922349
"7","log_depth",2.34,0.970759859026632,0.00240094962488871,0.967336953564349,0.969865090642835,0.970501067920361,0.973013772601947,0.973082410403668
"8","gseal",0,1,0,1,1,1,1,1
