"","var","importance","mean","sd","min","q25","med","q75","max"
"1","log_depth",49.95,0.186389054598977,0.0381115423377897,0.12387567712423,0.181977613776127,0.197484205582408,0.204278988942932,0.224328787569185
"2","dfs",15.45,0.748420045761221,0.0135230884354536,0.73429817860794,0.735837965347006,0.7500191569517,0.755677360431863,0.766267567467595
"3","sst",15.19,0.752568339648744,0.00496609046056852,0.74678659596069,0.750155774349019,0.751183910733665,0.754948721974675,0.759766695225673
"4","fish_biomass",8.52,0.861283057534862,0.00879008288293749,0.847438276434264,0.858817247513339,0.864174084187564,0.865452794967911,0.87053288457123
"5","mld",4.63,0.924553940131977,0.0074789496192731,0.915408699056832,0.918685425404364,0.926940333290819,0.927686125404847,0.934049117503022
"6","tbtm",3.47,0.943466855414646,0.00289344321083506,0.939541398615202,0.942501505472673,0.942902138849297,0.945208039451208,0.947181194684851
"7","sbtm",2.79,0.954578744297704,0.00321207428785614,0.950982256114771,0.952871839921667,0.953143839987503,0.957373365798218,0.95852241966636
"8","sss",0,1,0,1,1,1,1,1
