"","var","importance","mean","sd","min","q25","med","q75","max"
"1","sst",45.97,0.045872693417542,0.0337612837111047,0.00349103085432973,0.033824925504805,0.0371190327448473,0.0609526521622458,0.093975825821482
"2","log_depth",20.64,0.571571364582789,0.00750837365504513,0.562087513535961,0.56575214931557,0.572711513382048,0.57842704997962,0.578878596700744
"3","mld",18.96,0.606386780619893,0.0163989598879032,0.587772272510577,0.591856516703701,0.608881355942349,0.617121951140457,0.626301806802382
"4","sbtm",7.9,0.836116451184838,0.00886917927339415,0.822720811551028,0.832307103327905,0.838019883784391,0.843727073087257,0.843807384173609
"5","fish_biomass",4.51,0.906354282725177,0.00458075842353542,0.90127279670827,0.904087595432376,0.904876861183501,0.90833339129816,0.913200769003577
"6","dfs",1.24,0.974208238245534,0.00131323104666039,0.972449883831899,0.973649886179236,0.97400134215384,0.97510422202818,0.975835857034514
"7","sss",0.67,0.986046639804399,0.00182188002602954,0.984007734427942,0.985070977621746,0.985221272195868,0.987727700760922,0.988205514015514
"8","tbtm",0.11,0.997772969911635,0.000120642883400989,0.997660362562584,0.997672378378718,0.997775809893178,0.997796643991727,0.997959654731969
