"","var","importance","mean","sd","min","q25","med","q75","max"
"1","dfs",51.37,0.640225654876943,0.0111509503317122,0.624983852205496,0.633616173348146,0.642170234734111,0.647059940784016,0.653298073312944
"2","sst",19.66,0.862303266528923,0.00527220923170991,0.855761868571728,0.858658990271089,0.862533572431894,0.865621673111643,0.868940228258262
"3","mld",9.9,0.930687400363146,0.00222655574101156,0.928171377122943,0.929248751398078,0.930445286843469,0.931653319403753,0.933918267047486
"4","tbtm",8.59,0.939854582394251,0.00339086153301538,0.935648765886228,0.938127271929885,0.940109496857181,0.940556723070156,0.944830654227806
"5","log_depth",4.57,0.967988616414936,0.000880726905753004,0.966982237277129,0.967094443364215,0.96838372245983,0.968718077027578,0.96876460194593
"6","sbtm",3.34,0.976608852745826,0.0005055567443445,0.975953088641222,0.976363917872855,0.976504919361823,0.977019284230264,0.977203053622968
"7","sss",2.58,0.981927825133803,0.0014809601646531,0.979424927426834,0.981879283476214,0.982351685113735,0.982813900854301,0.983169328797929
