"","var","importance","mean","sd","min","q25","med","q75","max"
"1","dfs",46.94,0.647403405526818,0.0173811487000748,0.619860835242532,0.643754683317978,0.651615883335253,0.655656507934751,0.666129117803577
"2","tbtm",30.71,0.769354254457899,0.00353458132601498,0.764959961094337,0.767351787251418,0.768572833570774,0.772569441185489,0.773317249187478
"3","sst",8.26,0.937992719370432,0.00177031028746965,0.935755597319189,0.937093858150362,0.938127144441179,0.938444551004144,0.940542445937285
"4","mld",6.43,0.95170760665293,0.00191150445990041,0.950153354118449,0.950373204607324,0.950423238154752,0.95361747703655,0.953970759347574
"5","sbtm",3.95,0.970367946447026,0.0010994104592199,0.968541550643017,0.970370092060068,0.970560573814877,0.970927940175943,0.971439575541227
"6","sss",3.33,0.975009410713902,0.00212977934231251,0.97294127810256,0.973336056935051,0.974305802058071,0.976643717344156,0.977820199129671
"7","log_depth",0.39,0.997054295691045,0.000583881123548185,0.996039237919918,0.997101423075717,0.997300236460954,0.997344636302239,0.997485944696396
