"","var","importance","mean","sd","min","q25","med","q75","max"
"1","sbtm",21.03,0.441124128840201,0.0293445873072731,0.411095003759977,0.414170122193999,0.438069666773066,0.469631913362819,0.472653938111141
"2","gseal",19.85,0.472629983329378,0.0244990715488613,0.447729683117557,0.452526532504883,0.470335641759154,0.485035685913279,0.507522373352019
"3","tbtm",18.29,0.514105064710398,0.0174021340338884,0.487419196727051,0.50564434770205,0.522585694325328,0.52715508774673,0.527720997050832
"4","mld",16.77,0.554375711714226,0.0258431766387789,0.515593598161316,0.550605774225714,0.551000798482852,0.570736872597547,0.583941515103703
"5","log_depth",13.73,0.635292205460359,0.0143242802410658,0.620489124394526,0.622163146111688,0.633986480170441,0.649681687590061,0.650140589035081
"6","sss",10.34,0.725279855269693,0.0232556490631243,0.702414107401205,0.707735465845648,0.716193539545837,0.746482502593484,0.753573660962288
"7","hseal",0,1,0,1,1,1,1,1
