"","var","importance","mean","sd","min","q25","med","q75","max"
"1","log_depth",6.08,0.972114552400987,0.000694965850155394,0.971223116165829,0.971619416370059,0.97219023751213,0.972653481862338,0.972886510094578
"2","brick_sst",15.16,0.930500843351708,0.00333021295620271,0.925147597391339,0.930166504843477,0.930631839650908,0.933017171110538,0.933541103762279
"3","brick_tbtm",6.52,0.970105658488287,0.00134881610634337,0.968348461926145,0.969478923804898,0.969927327763989,0.970895725126445,0.971877853819959
"4","brick_sss",1.5,0.993142285939926,0.00070939438993766,0.992435668350638,0.992448453546626,0.993121951489162,0.993746560058486,0.993958796254721
"5","brick_sbtm",3.44,0.984248832824979,0.000387145536223275,0.983848285646372,0.983926506812491,0.984162241252063,0.984647246122126,0.984659884291843
"6","brick_mld",1.05,0.995176107789837,0.000179207667351002,0.994875284079187,0.995149462042958,0.995253585197891,0.995299387674257,0.995302819954891
"7","dfs",65.45,0.699922644936407,0.02488653123666,0.677066805930833,0.682936437248428,0.688390985873021,0.715269547685628,0.735949447944125
"8","vel_mag",0.44,0.997964766135305,0.000187270540239024,0.997847397525754,0.997859603564616,0.997882265995539,0.997941045961792,0.998293517628824
"9","brick_xbtm",0.36,0.998340855882743,0.000366850690716868,0.997948973285707,0.998059393539942,0.998245461633292,0.998703492283429,0.998746958671348
