"","var","importance","mean","sd","min","q25","med","q75","max"
"1","log_depth",0.11,0.999140859547633,0.000148636886222922,0.998921860856677,0.99909570558693,0.999134879575037,0.999245505376858,0.999306346342665
"2","brick_sst",10.66,0.919149722767198,0.0206229747296418,0.89651943423485,0.909113123336852,0.911236823930747,0.929380005257612,0.949499227075928
"3","brick_tbtm",9.15,0.930617184532234,0.00566474523171631,0.925699895997599,0.927037910705216,0.927462487625165,0.933841046243581,0.939044582089607
"4","brick_sss",3.01,0.977157750648847,0.00235818663562764,0.974514737752245,0.976152223268557,0.976182523216195,0.978327948932108,0.980611320075129
"5","brick_sbtm",10.62,0.919443451061876,0.00368121011580546,0.914294693275751,0.917748190991022,0.920140753381534,0.920866910084329,0.924166707576741
"6","brick_mld",1.06,0.991964332634852,0.00138815158515103,0.99040729279769,0.991469595786849,0.991719680017735,0.992030402883222,0.994194691688764
"7","dfs",64.75,0.508934939441454,0.0298148973655548,0.462694042272032,0.502379044196395,0.51587786635059,0.520135420019227,0.543588324369024
"8","vel_mag",0.63,0.995236275328652,0.000576608807986345,0.99452795698512,0.99494168827067,0.995192224185681,0.995450387351075,0.996069119850716
"9","brick_xbtm",0,1,0,1,1,1,1,1
