"","var","importance","mean","sd","min","q25","med","q75","max"
"1","tbtm",32.97,0.76251164546585,0.0291768311843001,0.731699169907718,0.747868268076287,0.750909647964661,0.77556628128021,0.806514860100372
"2","mld",27.32,0.80317244186369,0.0221021048562697,0.771818281181917,0.789599672260582,0.810747553051785,0.817864183674581,0.825832519149587
"3","hseal",17.79,0.871862928874849,0.0105994971139298,0.858284851305365,0.865212248497722,0.871187393338343,0.881353169946382,0.88327698128643
"4","gseal",8.21,0.940880879291188,0.00398711028284839,0.935000230401693,0.938911424449611,0.942026585589446,0.943414452786434,0.945051703228754
"5","sbtm",6.59,0.952511429924815,0.00404705740846018,0.947142883120975,0.950507303057959,0.953252224583583,0.953576015499792,0.958078723361766
"6","sss",4.2,0.969756315905222,0.00502247616466523,0.961067532172062,0.970354494762246,0.971087409362697,0.972671862884632,0.973600280344473
"7","log_depth",2.92,0.978972042803174,0.00245304358867502,0.975855312557042,0.976865191415665,0.980001990143385,0.980891680128195,0.981246039771583
