"","var","importance","mean","sd","min","q25","med","q75","max"
"1","sst",53.58,-0.0413386648085209,0.0342707588829518,-0.0871647150582224,-0.0676962993516827,-0.0264347612055816,-0.0172029316412108,-0.00819461678590693
"2","log_depth",17.66,0.656768844359167,0.035066795355355,0.600402121734539,0.644331987472456,0.677352365879505,0.680345317917508,0.681412428791829
"3","sss",13.4,0.739530175646372,0.0160079901465918,0.725438487645697,0.730315650308515,0.734640560303981,0.740976427437495,0.766279752536171
"4","mld",9.71,0.811314989786417,0.0244771860613214,0.780263568589988,0.791585479893064,0.818554960782558,0.828461540334999,0.837709399331475
"5","dfs",2.42,0.953033309036022,0.00635620810954324,0.946763904229689,0.947488669999451,0.951494400611906,0.959571652632963,0.959847917706099
"6","sbtm",1.79,0.965199498783408,0.0029172662399607,0.961461196750039,0.964301179375235,0.964882504682835,0.96582020167083,0.969532411438103
"7","tbtm",1.08,0.979009735850787,0.00276636399747613,0.974318462998562,0.978889423589574,0.979858684526564,0.980899934836541,0.981082173302693
"8","fish_biomass",0.37,0.9928612130174,0.000590913977865468,0.99206509428966,0.9924348355449,0.993088749279609,0.99322760303739,0.993489782935441
