"","var","importance","mean","sd","min","q25","med","q75","max"
"1","sst",52.79,0.285438059771398,0.0389336936965686,0.234953152798898,0.279469372643331,0.283223863553147,0.285165186396912,0.344378723464699
"2","dfs",27.62,0.626220118921774,0.0328086591086681,0.591060710873293,0.602929991743653,0.628720765467688,0.632335627488701,0.676053499035537
"3","tbtm",18.13,0.754637035151073,0.0618553075681606,0.665641853246134,0.735458812722531,0.761087769335068,0.775489980591313,0.835506759860317
"4","fish_biomass",1.37,0.981471549297017,0.00104070181321033,0.980359892595603,0.9805648583049,0.981441161364839,0.982200290977193,0.982791543242551
"5","log_depth",0.09,0.998756567191912,0.000259150710337545,0.998477102148133,0.998622845513809,0.998732499887696,0.998779644482404,0.999170743927517
"6","mld",0,1,0,1,1,1,1,1
"7","sss",0,1,0,1,1,1,1,1
"8","sbtm",0,1,0,1,1,1,1,1
