"","var","importance","mean","sd","min","q25","med","q75","max"
"1","log_depth",3.42,0.958138209607954,0.000618045183089632,0.957385058171451,0.957750520191734,0.958107671318599,0.958475522359177,0.958972275998808
"2","brick_sst",23.53,0.71225771864647,0.00742760970737389,0.703390684557968,0.705827138914762,0.713998361401226,0.717336891786884,0.720735516571509
"3","brick_tbtm",60.63,0.258454873896049,0.0121086991008829,0.245411117108442,0.251746992675234,0.255201761658329,0.263023451074226,0.276891046964013
"4","brick_sss",0.34,0.995868312384407,0.000136956269991158,0.995705267822064,0.995760985881347,0.995882539162537,0.995952122677519,0.996040646378567
"5","brick_sbtm",0.11,0.998618120202863,3.53980519896712e-05,0.998579654468973,0.998590049700118,0.998625257405309,0.998626262119901,0.998669377320016
"6","brick_mld",1.68,0.979397747279452,0.000477011812992886,0.978595170366559,0.979345815343921,0.979601687403402,0.979651887263435,0.979794176019942
"7","dfs",8.08,0.901233090177276,0.00235429484333634,0.899255396710072,0.899540378709802,0.900276819160108,0.902172245880879,0.904920610425521
"8","vel_mag",2.2,0.973061077107743,0.00247057233416104,0.968837493188482,0.973071197163911,0.973871686812559,0.974508190610831,0.975016817762931
"9","brick_xbtm",0,1,0,1,1,1,1,1
