"","var","importance","mean","sd","min","q25","med","q75","max"
"1","log_depth",1.75,0.98825615809162,0.000860417960786248,0.98761958974334,0.987737609448118,0.987805155985119,0.988429157273707,0.989689278007814
"2","brick_tbtm",4.95,0.966720153902849,0.00417330724384567,0.960673903009354,0.964952113133023,0.967999193664536,0.968117999926188,0.971857559781144
"3","brick_mld",7.65,0.948554781884599,0.00775368659750089,0.935390227189817,0.948630564152889,0.950876809153512,0.952557182185738,0.955319126741038
"4","brick_sss",22.84,0.846515708437568,0.0183730526481244,0.825103134733465,0.832251928530601,0.851700820390351,0.851847217362963,0.871675441170459
"5","brick_sbtm",1.88,0.987358619236634,0.0011853456333,0.986127936264249,0.986726731479401,0.986873328114815,0.987934813073141,0.989130287251565
"6","gseal",0.94,0.993707259233931,0.000451514391978235,0.993189992197408,0.993321141078387,0.993720637029856,0.994116394983067,0.994188130880938
"7","hseal",59.99,0.596806292070874,0.0301030124954935,0.56250574593856,0.576950448424477,0.588261299267849,0.625397013932946,0.630916952790538
