"","var","importance","mean","sd","min","q25","med","q75","max"
"1","log_depth",0.58,0.991471743206106,0.000633974833430575,0.990553043287113,0.991060630642345,0.991856108122723,0.991943649319449,0.991945284658902
"2","brick_tbtm",0.98,0.985411905679548,0.00131365215822871,0.98401390108054,0.984443176036582,0.985177251996218,0.986178183104651,0.987247016179748
"3","brick_mld",23.3,0.654734110081805,0.0510755297928965,0.564498750193734,0.668306293253854,0.674372243225545,0.676295712010348,0.690197551725542
"4","brick_sss",5.89,0.912693150339182,0.00668167798757374,0.903095573170188,0.909582833761235,0.914550464977854,0.915428219174745,0.920808660611886
"5","brick_sbtm",0,1,0,1,1,1,1,1
"6","gseal",6.82,0.898885003741033,0.010952261487497,0.883189764623928,0.894566461321805,0.900789247714337,0.903081070704727,0.912798474340369
"7","hseal",62.43,0.0749003015663982,0.0311575101347389,0.0385957482671695,0.0481780872242316,0.0800796609666994,0.0951327072316848,0.112515304142206
