"","var","importance","mean","sd","min","q25","med","q75","max"
"1","log_depth",0,1,0,1,1,1,1,1
"2","brick_tbtm",0.28,0.997568503135404,4.55287684485042e-05,0.997530968487666,0.99754423261171,0.997553124908842,0.997567861948901,0.997646327719901
"3","brick_mld",0.77,0.993309308241965,0.000862696618905091,0.992288881942086,0.992876343668155,0.993006516190678,0.993948149406535,0.994426650002373
"4","brick_sss",5.03,0.956581275285176,0.0028654877568544,0.95364041496244,0.953920793371451,0.957150078570936,0.95766044776231,0.960534641758745
"5","brick_sbtm",0,1,0,1,1,1,1,1
"6","gseal",0,1,0,1,1,1,1,1
"7","hseal",93.91,0.189114865760458,0.0551541991201517,0.118775528959742,0.150626838751557,0.198766214904206,0.219625363888279,0.257780382298504
