"","var","importance","mean","sd","min","q25","med","q75","max"
"1","log_depth",12.22,0.934645334857777,0.0022698259797729,0.93208793190257,0.932351725951194,0.935465522837863,0.936586553413442,0.936734940183817
"2","brick_tbtm",11.45,0.938778118314115,0.00465478406768911,0.933419192874223,0.936372943309021,0.937045669583085,0.942099594307389,0.94495319149686
"3","brick_mld",4.9,0.973800402050314,0.00168917080284904,0.972518858962609,0.972534123820863,0.973018834609521,0.97446157354727,0.976468619311309
"4","brick_sss",40.68,0.782486830458221,0.0128277287091466,0.770244761467879,0.771071592759166,0.779656802988052,0.792629844418948,0.798831150657062
"5","brick_sbtm",5.94,0.968224252678719,0.00208069373693909,0.965425328550598,0.967516246190951,0.967620315717997,0.969990255752246,0.970569117181801
"6","gseal",3.93,0.979006146877378,0.00084331458446805,0.977855979560169,0.978349934889947,0.979569040221858,0.979602976611347,0.97965280310357
"7","hseal",20.88,0.888365142806465,0.00382800438773306,0.881914641262531,0.888042368459594,0.889759028141603,0.89056012644101,0.891549549727587
