"","var","importance","mean","sd","min","q25","med","q75","max"
"1","log_depth",11.94,0.909957265209194,0.00635891307012774,0.90189839659364,0.909107653505893,0.909224745468153,0.909824742319945,0.919730788158337
"2","brick_tbtm",4.19,0.968399511411105,0.00357018282642691,0.962176124842346,0.968824636575209,0.969582595815563,0.9705977111836,0.970816488638806
"3","brick_mld",4.94,0.962776812016349,0.00333887121110285,0.958499157803292,0.961794149284815,0.96253242068801,0.963279982018458,0.967778350287171
"4","brick_sss",51.39,0.612555820642166,0.0336045480886665,0.565264603187523,0.593233117268818,0.618130110666444,0.640502163547997,0.64564910854005
"5","brick_sbtm",1.04,0.992156028126791,0.000633648317845589,0.991532407349643,0.991785184936291,0.991807188791144,0.99266080789227,0.992994551664607
"6","gseal",1.19,0.990993958957585,0.00042002163928062,0.990541821774581,0.99074507670965,0.990807756067547,0.99136324292054,0.991511897315606
"7","hseal",25.3,0.809286253271521,0.014930223908269,0.791321003004016,0.794751043805574,0.818482515247507,0.820069513407828,0.821807190892678
