"","var","importance","mean","sd","min","q25","med","q75","max"
"1","log_depth",9.69,0.820993269199614,0.0177412614367137,0.800584942847519,0.814124667271435,0.816797511812522,0.824845534431055,0.848613689635538
"2","brick_tbtm",2.85,0.947241302035987,0.00807731782555017,0.936908586734681,0.940368535164625,0.950786412638532,0.95332931595664,0.95481365968546
"3","brick_mld",12.09,0.776613822699605,0.0102880167538009,0.762325915051632,0.770284694031992,0.778517381779759,0.785496046846728,0.786445075787912
"4","brick_sss",18.37,0.660428864889886,0.0267670775426929,0.630232768889004,0.645924811219664,0.660960165482139,0.662917268412936,0.702109310445688
"5","brick_sbtm",28.25,0.477931736372637,0.0485532546457254,0.425618561301405,0.429732351122864,0.486341298487529,0.518615589434853,0.529350881516533
"6","gseal",6.02,0.888816631415993,0.0248983659590957,0.860952643223786,0.877553962445625,0.887453272737055,0.889633753179086,0.928489525494413
"7","hseal",22.73,0.57987045517142,0.0381913409019971,0.541431696484353,0.555764749499751,0.572736112669321,0.589241996907867,0.640177720295808
