"","var","importance","mean","sd","min","q25","med","q75","max"
"1","log_depth",14,0.927182454337182,0.00290813157161854,0.92290659763089,0.926180423499757,0.927074017390335,0.929766309105124,0.929984924059806
"2","brick_tbtm",10.1,0.947470571515318,0.00247753763714651,0.944240013482169,0.946017325707133,0.947275843825716,0.949727644296424,0.950092030265146
"3","brick_mld",6.84,0.964394809111105,0.000644910530694473,0.963405083772579,0.964134627902316,0.96462343652969,0.96475948320463,0.965051414146311
"4","brick_sss",36.7,0.80906950198938,0.0185308309090789,0.790421348346249,0.796010765900623,0.809110907776019,0.811599435931227,0.838205051992779
"5","brick_sbtm",9,0.95318230211629,0.00481878621264134,0.945747763685769,0.951520534896072,0.954208598986765,0.956432079099753,0.95800253391309
"6","gseal",4.24,0.977962684763824,0.00245258865822568,0.974721668884657,0.976424613977964,0.978632547933966,0.978945069086153,0.98108952393638
"7","hseal",19.12,0.9005209256144,0.0120474731364658,0.886971944704514,0.89255574560841,0.899046058509407,0.906222145138031,0.917808734111638
