"","var","importance","mean","sd","min","q25","med","q75","max"
"1","log_depth",5.45,0.961199989637872,0.00173515444375112,0.959361138462381,0.959955099735569,0.96111485441558,0.961763696983172,0.963805158592661
"2","brick_tbtm",7.34,0.947767989412999,0.00293403282524727,0.944930109715738,0.946076470358879,0.947322658620301,0.947915791185392,0.952594917184686
"3","brick_mld",0,1,0,1,1,1,1,1
"4","brick_sss",65.66,0.532974931417106,0.0284929550994933,0.503352121436512,0.50851369386916,0.528940000079084,0.556274975367742,0.567793866333031
"5","brick_sbtm",0.49,0.996480992605963,0.000196055456995605,0.996262430886581,0.996400971664382,0.996404354497307,0.99656064540668,0.996776560574863
"6","gseal",0,1,0,1,1,1,1,1
"7","hseal",21.05,0.850278319204715,0.0107683665372378,0.840362821040399,0.842617633514572,0.847077458742397,0.85431312711624,0.867020555609968
