"","var","importance","mean","sd","min","q25","med","q75","max"
"1","log_depth",9.08,0.806379406186057,0.0118025991653794,0.789225191050573,0.803336139829108,0.808550570443844,0.808816516961235,0.821968612645524
"2","brick_tbtm",19.65,0.580967380224442,0.0352781513700354,0.532223008449827,0.570242522049867,0.578179566888938,0.595642727836955,0.628549075896625
"3","brick_mld",10.07,0.785299677355649,0.0163994717232764,0.769095237013479,0.773167758535742,0.779612272840197,0.797074740855008,0.807548377533819
"4","brick_sss",6.24,0.866895099367504,0.00796505149016458,0.853794118711637,0.866720091842229,0.869158247063865,0.869543312661699,0.87525972655809
"5","brick_sbtm",25.42,0.458148326723853,0.0232937115385487,0.426079005603307,0.451424364545967,0.451539161857735,0.477505694157944,0.484193407454313
"6","gseal",6.38,0.863891249348573,0.0201956857738121,0.834994542099131,0.851710440621119,0.870037758916241,0.881037440685759,0.881676064420613
"7","hseal",23.15,0.506442359169613,0.0246828045288517,0.471389247153984,0.494032917777701,0.511263719573627,0.519956955624265,0.535568955718489
