"","var","importance","mean","sd","min","q25","med","q75","max"
"1","log_depth",17.53,0.933677522697317,0.00536095817897486,0.929108713917813,0.929154244444025,0.933877382965769,0.933997521804208,0.942249750354768
"2","brick_tbtm",13.27,0.949815554737246,0.00406780932657221,0.94262909649387,0.95056080936859,0.951654121113436,0.952029571470795,0.95220417523954
"3","brick_mld",11.59,0.956169352984445,0.00508692345805724,0.950292371898574,0.953681254358503,0.956197295446229,0.956594733792081,0.964081109426838
"4","brick_sss",22.71,0.914084645137209,0.00987315454568816,0.903957350058582,0.904616461153082,0.914332989720656,0.921467947342748,0.926048477410977
"5","brick_sbtm",7.65,0.971070390530009,0.00109635454838124,0.970385548866359,0.970492018899425,0.970517984709468,0.97096551485492,0.972990885319873
"6","gseal",9.51,0.964041339199105,0.00356958629490972,0.961087705038715,0.96109406338897,0.962234297937005,0.967354139433686,0.968436490197151
"7","hseal",17.74,0.932907181481592,0.00246703135778233,0.929306772280021,0.932116809155045,0.932743611947592,0.934760371012381,0.935608343012919
