"","var","importance","mean","sd","min","q25","med","q75","max"
"1","log_depth",8.76,0.914100292189319,0.00906434271700497,0.90060756533302,0.911255069392221,0.914432104135959,0.919834887605595,0.924371834479802
"2","brick_tbtm",0.66,0.993489706536726,0.000970941931385604,0.99221039822857,0.992744387243985,0.993790472616335,0.994316474574855,0.994386800019886
"3","brick_mld",13.5,0.867699864040545,0.00867317234384148,0.859285166892852,0.860457471491209,0.865538150929704,0.873943892508903,0.879274638380056
"4","brick_sss",41.02,0.597857768607198,0.0219385898574074,0.565857704939701,0.587403093460431,0.603594957003813,0.609701253816978,0.622731833815067
"5","brick_sbtm",2.79,0.972618075748753,0.00417279804398437,0.96729798284271,0.969629750784837,0.972897187527252,0.976406103658476,0.976859353930492
"6","gseal",9.62,0.905718602924806,0.00937453048020025,0.896381729628222,0.899778467946338,0.904139458001865,0.907646439860024,0.920646919187583
"7","hseal",23.64,0.768235537569061,0.0238648063613611,0.751589487912819,0.752768067625345,0.760837117779149,0.766468855911514,0.809514158616478
