"","var","importance","mean","sd","min","q25","med","q75","max"
"1","log_depth",19.36,0.705999301807853,0.0127904006937457,0.687722629192334,0.698012328281426,0.710541042435027,0.716839111024,0.71688139810648
"2","brick_tbtm",3.13,0.952524787900671,0.00229697188750447,0.949576824634678,0.951886814264482,0.952050127516418,0.953225181662302,0.955884991425476
"3","brick_mld",22.24,0.662153789910964,0.0196639991630579,0.636401569775496,0.651083262685163,0.660936029242909,0.676935236854834,0.685412850996421
"4","brick_sss",21.23,0.677593349148006,0.0225704539858459,0.649209177838932,0.661577770511237,0.678244981157932,0.696453432602493,0.702481383629434
"5","brick_sbtm",10.62,0.838762860397512,0.0184917177439892,0.819002004969556,0.827824256761031,0.830066105579303,0.856733879439926,0.860188055237746
"6","gseal",13.64,0.7927776599915,0.0183721482798533,0.767879908502266,0.786150628149536,0.78792601953449,0.810201924740871,0.811729819030336
"7","hseal",9.79,0.851275838993778,0.00722353978507108,0.842495120704811,0.848518339622548,0.850259438271533,0.852853626940183,0.862252669429814
