"","var","importance","mean","sd","min","q25","med","q75","max"
"1","log_depth",1.06,0.996604841830174,0.000131441845236379,0.996392589164206,0.996561926773718,0.996676882158088,0.996685062946612,0.996707748108248
"2","brick_sst",7.49,0.976018282062692,0.00086395639082431,0.974889875535283,0.975473276370901,0.976080593831278,0.976585457584739,0.977062206991261
"3","brick_tbtm",1.15,0.996309060337342,0.000236948107651695,0.995991084280973,0.996175055703568,0.996349000213771,0.996417542037087,0.99661261945131
"4","brick_sss",6.28,0.979878354941408,0.000913572059889131,0.978812385096669,0.978945750275848,0.980519067830273,0.980555647935844,0.980558923568406
"5","brick_sbtm",22.48,0.927997703854506,0.00272930688339119,0.92591356152988,0.926703657134247,0.92721490725396,0.927384817125169,0.932771576229274
"6","brick_mld",7.17,0.977030174857514,0.00140397077101012,0.974889746855631,0.9765046800794,0.977280731274526,0.97808426269646,0.978391453381554
"7","dfs",54.36,0.825892649946052,0.00391401247453511,0.822056238200077,0.824392676809712,0.825081594515093,0.825448083730449,0.832484656474927
"8","vel_mag",0,1,0,1,1,1,1,1
"9","brick_xbtm",0,1,0,1,1,1,1,1
