"","var","importance","mean","sd","min","q25","med","q75","max"
"1","log_depth",21.62,0.741621924852095,0.0136754596452832,0.727643465060207,0.731897708281988,0.741948086563675,0.743698263536349,0.762922100818257
"2","brick_sst",1.69,0.979796801092005,0.00098359211099054,0.978078575176212,0.979921411043394,0.980156017935408,0.980339574548297,0.980488426756713
"3","brick_tbtm",2.56,0.969395835707132,0.00254764526035587,0.96552179568701,0.968873407036826,0.969373329596378,0.970928310542986,0.97228233567246
"4","brick_sss",16.35,0.804584381448234,0.0182341500765115,0.783619808387498,0.789681441425527,0.804494783481553,0.819256804354912,0.825869069591677
"5","brick_sbtm",0,1,0,1,1,1,1,1
"6","brick_mld",14.77,0.823471015027371,0.0161650131116688,0.809756973422087,0.811502416149198,0.814500817510094,0.83673330650193,0.844861561553547
"7","dfs",39.65,0.526169957450205,0.0253727068529361,0.505908027606604,0.507078870307367,0.52412143087996,0.525204612394296,0.568536846062796
"8","vel_mag",3.01,0.964035045285987,0.00255144142114716,0.960797450270407,0.963088309030182,0.963171884358218,0.965791508275584,0.967326074495545
"9","brick_xbtm",0.33,0.996032751170292,0.000540116600490886,0.995521270931512,0.995677197144506,0.995743922042356,0.99649354894238,0.996727816790707
