"","var","importance","mean","sd","min","q25","med","q75","max"
"1","log_depth",11.07,0.9649770630244,0.00101908993020332,0.963692468970664,0.964196072218449,0.965136037258607,0.965770378062827,0.966090358611456
"2","brick_tbtm",6.18,0.980436808518357,0.000523357243373813,0.979740211078121,0.980049778047857,0.98059208580617,0.980848342770379,0.980953624889258
"3","brick_mld",14.81,0.953138315730868,0.00220789220654559,0.950079737612243,0.951932425994764,0.953304037267079,0.954825226823021,0.955550150957233
"4","brick_sss",28.53,0.909732297058346,0.00661200290791479,0.904131519630805,0.90459675267643,0.908973156147429,0.910455952412679,0.920504104424388
"5","brick_sbtm",22.1,0.930070865272062,0.00247672240739022,0.925645818632786,0.931006799319209,0.931171825001539,0.931175902781926,0.93135398062485
"6","gseal",3.05,0.990352311457274,0.000167371265369115,0.990150450963866,0.990233090499696,0.990336647083162,0.990512110619678,0.990529258119969
"7","hseal",14.26,0.954865900258682,0.00175826939534425,0.952199202033192,0.953941342887137,0.955892566808,0.955978848079024,0.956317541486057
