"","var","importance","mean","sd","min","q25","med","q75","max"
"1","log_depth",13.07,0.890622238932267,0.00167436005122729,0.888547565742993,0.889576163165061,0.89037795754779,0.892087965058991,0.892521543146497
"2","brick_tbtm",10.73,0.910214937120788,0.00175365769952817,0.908974742816082,0.909104377365832,0.909514609812607,0.91025979733099,0.913221158278431
"3","brick_mld",19.59,0.836015864952122,0.00353188031156415,0.831388662480478,0.833182691041741,0.837547233310739,0.838462112318806,0.839498625608846
"4","brick_sss",20.91,0.82499703244005,0.00422826379415534,0.8200817531542,0.822747462240942,0.823309360296731,0.829062380896181,0.829784205612198
"5","brick_sbtm",12.17,0.898127992022461,0.00320749188232245,0.893217695511845,0.897457410860701,0.897971527461542,0.900763965186621,0.901229361091595
"6","gseal",14.37,0.879684547192655,0.00206687473771272,0.876123656347832,0.879871154269938,0.880281516373064,0.880790354212016,0.881356054760425
"7","hseal",9.17,0.923215759344939,0.00271547956577953,0.91875075908214,0.923276020793333,0.923408007658079,0.924753690961129,0.925890318230012
