"","var","importance","mean","sd","min","q25","med","q75","max"
"1","log_depth",8.77,0.914825631520701,0.00241266421556541,0.912199548106444,0.913517342391327,0.913807408778513,0.916472778291224,0.918131080035994
"2","brick_tbtm",8.78,0.914780024027616,0.00177992452055393,0.91358115387785,0.913608947999727,0.91381051372805,0.915155943645567,0.917743560886887
"3","brick_mld",9.19,0.910771456290695,0.00198180992753101,0.908428359935738,0.909385209317625,0.910454685460192,0.912715022787218,0.912874003952704
"4","brick_sss",35.76,0.652781360740784,0.00590256373327113,0.645090472653664,0.650697953148518,0.652545940045697,0.654200270386501,0.661372167469538
"5","brick_sbtm",8.74,0.915090087401844,0.00248181513809148,0.911167648217267,0.914058523405126,0.916690991576623,0.916725155390846,0.916808118419355
"6","gseal",9.83,0.904525009691731,0.00141318961756385,0.902417418577523,0.903743746410006,0.905167394889376,0.905639989319037,0.905656499262713
"7","hseal",18.92,0.816254322493689,0.00558997304088055,0.807454541268427,0.815013013621468,0.816725433545847,0.82103831831151,0.821040305721194
