"","var","importance","mean","sd","min","q25","med","q75","max"
"1","log_depth",10.79,0.940805672326222,0.00250516744571183,0.938589696237104,0.938864201268285,0.940180219930389,0.941681480136359,0.944712764058971
"2","brick_tbtm",6.09,0.966577794960908,0.00145988079879174,0.9654084411866,0.965938109089285,0.966103888138968,0.966319641180347,0.96911889520934
"3","brick_mld",16.58,0.908984315254148,0.00189437549597852,0.906463834812704,0.90772360619751,0.909593709645785,0.909859255187443,0.911281170427299
"4","brick_sss",21.58,0.881595034440215,0.00614777587083794,0.874225329660272,0.878323810801661,0.881454535158512,0.883242233343118,0.890729263237513
"5","brick_sbtm",27.4,0.849653341530211,0.00462396277383619,0.842946024829864,0.849593863081413,0.849852875199461,0.849860593183239,0.856013351357076
"6","gseal",8.55,0.953060516773552,0.00264518271995926,0.949691305366619,0.951702142057202,0.952466090495698,0.955350074111867,0.956092971836371
"7","hseal",9.02,0.950518489225233,0.00156519884446459,0.948594459062107,0.949747198693736,0.950029178947575,0.951800766991394,0.952420842431356
