"","var","importance","mean","sd","min","q25","med","q75","max"
"1","log_depth",41.57,0.105254642190686,0.020649579698295,0.0720514118615807,0.103407767935659,0.108674555422323,0.114443094332922,0.127696381400947
"2","brick_tbtm",16.8,0.638447190332641,0.0142597221089157,0.61845117292711,0.632753871781039,0.63854632510351,0.646062277209468,0.656422304642077
"3","brick_mld",8.47,0.817613249495591,0.00696919835287565,0.807944420901673,0.813813251510522,0.819485744856018,0.820617763021874,0.82620506718787
"4","brick_sss",1.58,0.965928156085504,0.00269704909970401,0.961327327032968,0.966060718217292,0.966503699907576,0.967834533620472,0.96791450164921
"5","brick_sbtm",7.81,0.832016901492365,0.00231508446781981,0.829887435358655,0.829984006628857,0.831290968198072,0.834076024519467,0.834846072756775
"6","gseal",14.62,0.68544266991337,0.0102536683224512,0.676764945281133,0.677471539207432,0.682171139591459,0.689378112388717,0.701427613098109
"7","hseal",9.15,0.803091219616826,0.0086850314237832,0.79020314836471,0.798853880083767,0.805601422950103,0.808889122841848,0.8119085238437
