"","var","importance","mean","sd","min","q25","med","q75","max"
"1","log_depth",3.44,0.953470990958786,0.00138106626778261,0.951283634069375,0.953018798256355,0.953914049653388,0.954443179665132,0.954695293149682
"2","brick_tbtm",26.01,0.648337283420204,0.00581429340074753,0.640583048842741,0.644583589369679,0.648881727939086,0.653266645916323,0.654371405033193
"3","brick_mld",4.82,0.934889406585457,0.00215833059833491,0.931446387424252,0.934726533012263,0.934831340935917,0.936585393126351,0.936857378428502
"4","brick_sss",1.86,0.974881221328393,0.001263871928089,0.97311627677527,0.974200529074898,0.974958418458519,0.976051208538902,0.976079673794377
"5","brick_sbtm",0.78,0.989393780949463,0.000230293276032102,0.98917889187965,0.98921027457587,0.989367356624105,0.989462396001653,0.989749985666038
"6","gseal",41.69,0.436332916765378,0.0120803857000824,0.420564001733689,0.430708183211287,0.437188803035908,0.439826320668484,0.45337727517752
"7","hseal",21.4,0.710740184040465,0.00472152835221543,0.706362476751268,0.706489169449137,0.709732295335569,0.714060506968705,0.717056471697647
