"","var","importance","mean","sd","min","q25","med","q75","max"
"1","log_depth",3.58,0.986581331137484,0.000172190894711612,0.986370232161869,0.986510056184653,0.986539091425387,0.986658535903175,0.986828740012337
"2","brick_tbtm",2.5,0.990635387498244,0.00062391645776144,0.989973424873251,0.990272140745119,0.990511362622437,0.990815547777438,0.991604461472975
"3","brick_mld",9.03,0.966156506688219,0.00161196864813941,0.964545670627181,0.964868484887844,0.965868253400957,0.967050759030068,0.968449365495045
"4","brick_sss",44.64,0.832636131621244,0.00595233015852308,0.826725656778188,0.828921283206188,0.832159710165319,0.833118769904269,0.842255238052254
"5","brick_sbtm",21.81,0.918236832617354,0.00322192141669589,0.914804888312201,0.915061302605846,0.919452720710451,0.919582090088032,0.922283161370241
"6","gseal",3.57,0.986603194842521,0.000302631627882348,0.986223911478752,0.986403223178887,0.986602651887626,0.986808194105897,0.986977993561444
"7","hseal",14.87,0.944244131554018,0.00263667778704553,0.940219415228142,0.943836972361811,0.944772615763495,0.944864168189371,0.947527486227271
