"","var","importance","mean","sd","min","q25","med","q75","max"
"1","log_depth",14.4,0.920649181290269,0.000705201277453568,0.919869375928632,0.919946233237527,0.920885567332119,0.921107427373839,0.921437302579227
"2","brick_tbtm",11.61,0.93602199692638,0.00163556609135034,0.934316924385035,0.934447102797523,0.936062357429392,0.93746349011277,0.937820109907183
"3","brick_mld",12.59,0.930632910477346,0.00117498023651025,0.9293714959916,0.929432047563917,0.930943434653499,0.931511772174842,0.931905802002873
"4","brick_sss",17.06,0.905969986450458,0.00238714614602205,0.902953574741105,0.904707945424266,0.905404027880844,0.908237417769782,0.908546966436292
"5","brick_sbtm",14.06,0.922545215183351,0.00197846832455978,0.920058151167625,0.920776019405798,0.923621393055239,0.923883078426754,0.924387433861338
"6","gseal",13.89,0.923453497473495,0.00183393257497274,0.920558190631517,0.922997020566631,0.923785266643739,0.924653870242206,0.925273139283383
"7","hseal",16.39,0.909674301327737,0.00267617004720817,0.906670712665178,0.908926901480824,0.909021360689136,0.909761583224265,0.913990948579283
