"","var","importance","mean","sd","min","q25","med","q75","max"
"1","log_depth",18.05,0.841846101327703,0.0143691199829589,0.823129974566345,0.833068870471478,0.842226463128724,0.85147504861799,0.859330149853979
"2","brick_tbtm",3.27,0.971329997398614,0.00332148502049089,0.966710131147058,0.969884926663762,0.972160662827845,0.972171062664536,0.97572320368987
"3","brick_mld",2.18,0.980869565978681,0.00254236404490803,0.977056641163738,0.979743305931777,0.981868603109372,0.982037410092402,0.983641869596117
"4","brick_sss",18.28,0.839774536532095,0.0170575810582409,0.816935821692851,0.826129529389254,0.849082287265802,0.853088441483756,0.853636602828814
"5","brick_sbtm",8.81,0.922796467476679,0.00503734477773834,0.919151770646863,0.919326401542211,0.920204593121869,0.92430710879213,0.930992463280322
"6","gseal",39.49,0.653926938582379,0.0374743560142969,0.60537044448362,0.622806405890209,0.673059582093361,0.677408712729853,0.690989547714854
"7","hseal",9.92,0.91302814624474,0.00459725750192146,0.908862011522827,0.910289495921196,0.911865453578627,0.913471044705094,0.920652725495958
