"","var","importance","mean","sd","min","q25","med","q75","max"
"1","log_depth",13.38,0.948264098398066,0.00416415770799037,0.942587170183327,0.946716275409268,0.947723561311895,0.950681215972804,0.953612269113037
"2","brick_tbtm",9.55,0.963048466931967,0.00380977154375635,0.958970096698953,0.959961230694607,0.963317306009141,0.964492065000087,0.968501636257045
"3","brick_mld",9.63,0.962761696867902,0.00138777594778039,0.961563138624387,0.961799304371456,0.961895101328371,0.964216558725788,0.964334381289511
"4","brick_sss",13.57,0.947530167043685,0.00334590381645796,0.94306573822005,0.945784721633512,0.947677362048598,0.949257114288281,0.951865899027983
"5","brick_sbtm",13.17,0.94907126242358,0.00733699546040888,0.936405361185191,0.949557982658505,0.952074881096311,0.952327341369459,0.954990745808434
"6","gseal",27.62,0.893186902648504,0.00775776519026643,0.884552483496348,0.887642082420105,0.891163863648155,0.901083275672556,0.901492808005355
"7","hseal",13.08,0.94939926192926,0.00678256650127864,0.943810206333858,0.945459262284552,0.947518702496753,0.949246359113115,0.960961779418021
