"","var","importance","mean","sd","min","q25","med","q75","max"
"1","log_depth",6.36,0.936162079000035,0.00831312329189108,0.921497920869408,0.937835200219579,0.939830004822676,0.939906757468172,0.94174051162034
"2","brick_tbtm",1.6,0.983910987480324,0.0029850280529339,0.979404882796989,0.982283939569469,0.985644021442463,0.986059196609163,0.986162896983538
"3","brick_mld",6.03,0.939489577270179,0.00324727394190212,0.934906240701017,0.938244880874522,0.939215383812667,0.941859095555965,0.943222285406724
"4","brick_sss",18.7,0.812362819129097,0.0147733825243736,0.793465004244532,0.802895630221588,0.815113726621041,0.818437564739961,0.831902169818365
"5","brick_sbtm",3.52,0.96464659527543,0.00719046801729774,0.956713310990349,0.960290430591761,0.964317202012075,0.966203540122703,0.975708492660263
"6","gseal",55.27,0.445403512473798,0.0415377767341562,0.391513008513857,0.415765732373515,0.456428875273466,0.468070648733397,0.495239297474757
"7","hseal",8.51,0.914629862842053,0.0126591431853891,0.904123845307767,0.904511820008707,0.911919871131179,0.91767478411303,0.934918993649584
