"","var","importance","mean","sd","min","q25","med","q75","max"
"1","log_depth",27.91,0.692449009922276,0.020632142218259,0.672883689873613,0.680380090969838,0.680472783680769,0.70793307641522,0.720575408671939
"2","brick_tbtm",0.66,0.992704735288117,0.000958410392790951,0.991778140655686,0.992040316545608,0.992687439442608,0.992773858053714,0.994243921742968
"3","brick_mld",0.07,0.999250398094242,3.01092978765014e-05,0.999226863019063,0.999229104171326,0.999229465783743,0.99928023639083,0.999286321106247
"4","brick_sss",21.55,0.762504542148675,0.0197837592932201,0.741262671482821,0.742300575277226,0.766904796953252,0.780469956617481,0.781584710412598
"5","brick_sbtm",0.98,0.989248873298986,0.00103700770129001,0.98816733143495,0.988595708775045,0.988830395301525,0.989999921440969,0.99065100954244
"6","gseal",45.58,0.497715064257224,0.076583584250321,0.410953244859276,0.448663320062981,0.484312176039979,0.539051061239748,0.605595519084136
"7","hseal",3.26,0.964062227081347,0.00465197251490042,0.958015139833163,0.962127799552023,0.964597967191027,0.964764574612753,0.970805654217767
