"","var","importance","mean","sd","min","q25","med","q75","max"
"1","log_depth",2.24,0.972587932778611,0.00410529421849482,0.969587162081787,0.969657361080569,0.96999313123569,0.975015204246595,0.978686805248413
"2","brick_tbtm",8.03,0.901893342416557,0.0103907396180204,0.886190053137281,0.898821021516164,0.902296508469633,0.909221940341927,0.912937188617781
"3","brick_mld",5.35,0.934659559953773,0.0095724638720346,0.919463138255301,0.932253852838535,0.93638713739695,0.941954813546952,0.94323885773113
"4","brick_sss",1.85,0.977424364484309,0.00457504897956643,0.970042847730868,0.976174482283881,0.978972071046666,0.980657541752641,0.981274879607487
"5","brick_sbtm",38.36,0.531296603157322,0.0184023697129141,0.50331084462966,0.52771825795544,0.534345583075124,0.537106408322142,0.554001921804246
"6","gseal",39.04,0.523073072988327,0.0420566292020218,0.489787737652357,0.494730269295548,0.500298568933682,0.54200175979431,0.588547029265736
"7","hseal",5.13,0.937317076086188,0.00773884414923696,0.927701564665298,0.930562436064662,0.939986841621742,0.943668431217418,0.944666106861822
