"","var","importance","mean","sd","min","q25","med","q75","max"
"1","log_depth",0.8,0.993158869719788,0.000126588163874642,0.993013286080452,0.993056093415849,0.993162309908757,0.993247153506508,0.993315505687373
"2","brick_tbtm",11.59,0.901201112111248,0.00478259177711148,0.894781131850649,0.899004820194923,0.900487547513276,0.905023181123302,0.90670887987409
"3","brick_mld",7.15,0.939066789047985,0.00212313036514876,0.936168285706036,0.937822852573227,0.93928317186001,0.940624695784806,0.941434939315847
"4","brick_sss",17.34,0.85221535693531,0.0111545067975227,0.837784761284931,0.843200390636921,0.857276771403297,0.858802241269559,0.864012620081844
"5","brick_sbtm",34.87,0.70274459208814,0.0132264601757799,0.684780687481234,0.694870266300519,0.703531931301485,0.71469704454274,0.715843030814722
"6","gseal",9.79,0.91652037550793,0.00272807293723963,0.913233129893328,0.914481455167207,0.917259108346119,0.91744691424179,0.920181269891206
"7","hseal",18.45,0.842713461848731,0.00185741187340113,0.840928760363963,0.841661249908121,0.842250821133188,0.842975787854108,0.845750689984274
