"","var","importance","mean","sd","min","q25","med","q75","max"
"1","log_depth",6.25,0.947474875206623,0.0016823455974439,0.945678577265808,0.945827839110395,0.947680168080472,0.948873518621559,0.949314272954883
"2","brick_tbtm",11.02,0.907474932427148,0.000244183998157242,0.90727362671259,0.907286526371953,0.907427843562077,0.907513238728872,0.907873426760246
"3","brick_mld",14.5,0.878218978501869,0.00387985618981086,0.873418108084965,0.875785691427631,0.877811743790156,0.88106946432724,0.883009884879355
"4","brick_sss",13.58,0.885941267018225,0.00127083454044844,0.883789729934208,0.88606087321774,0.886099147318194,0.886744678568476,0.887011906052507
"5","brick_sbtm",27.5,0.769003137186623,0.00850528543198905,0.763200585889512,0.765067247636005,0.765749647980587,0.766977999651823,0.784020204775187
"6","gseal",10.29,0.91353969475313,0.00364524192585655,0.909480711641916,0.911186151186118,0.91283094737677,0.915475824370564,0.918724839190284
"7","hseal",16.85,0.858446057959841,0.00217793289671038,0.8558898264753,0.856791156071735,0.858912860747556,0.859206324753961,0.86143012175065
