"","var","importance","mean","sd","min","q25","med","q75","max"
"1","log_depth",3.92,0.985098311947793,0.00030823855101359,0.984708678999701,0.984919467225466,0.985090050525373,0.985264487986453,0.985508875001971
"2","brick_tbtm",13.45,0.948853479182836,0.00165674332185806,0.946028306607274,0.9488323282519,0.949464800516484,0.949720166428732,0.950221794109789
"3","brick_mld",12.05,0.95418751526491,0.00158273268449932,0.952116090235071,0.952864671022722,0.95503630031684,0.955362095678659,0.955558419071257
"4","brick_sss",38,0.85550586293175,0.00348156689946746,0.850432248218013,0.854725789796365,0.855431318890823,0.856960404689008,0.859979553064541
"5","brick_sbtm",3.59,0.986342209539829,0.000359468922069881,0.985744208284925,0.986326516532915,0.986422744740023,0.98653666195564,0.986680916185643
"6","gseal",14.66,0.944265260353705,0.000949471351644307,0.94305850961078,0.943653562742639,0.944477241963486,0.944599314567901,0.945537672883717
"7","hseal",14.33,0.945503739993421,0.00336862835767633,0.942099641944752,0.942731868925089,0.945757001315988,0.946401589565767,0.950528598215509
