"","var","importance","mean","sd","min","q25","med","q75","max"
"1","log_depth",7.14,0.960717889682168,0.00098890780585524,0.959606315121687,0.959974987513863,0.960920959536432,0.960943825139112,0.962143361099745
"2","brick_tbtm",13.75,0.924305270791665,0.00473865174707029,0.919607602943828,0.9210765775832,0.922399233472172,0.927585051435367,0.93085788852376
"3","brick_mld",20.07,0.889544155305761,0.00268618718219575,0.887756030256655,0.887792137976981,0.888107567786659,0.890014136437215,0.894050904071293
"4","brick_sss",25.59,0.859150247910775,0.00669187639043588,0.851206244982628,0.853535239892847,0.860001525747165,0.86427500369203,0.866733225239203
"5","brick_sbtm",9.1,0.949942308760272,0.00149803029319256,0.948826723425421,0.948830035140591,0.949088919530994,0.950769007985281,0.952196857719075
"6","gseal",12.51,0.931137039290614,0.00241050012570954,0.927174639185933,0.931114054188398,0.931550288195439,0.932219528383525,0.933626686499773
"7","hseal",11.83,0.934879193775255,0.00216076182635745,0.932187454648543,0.93342051736397,0.93497984903536,0.936165169439231,0.937642978389174
