"","var","importance","mean","sd","min","q25","med","q75","max"
"1","log_depth",28.55,0.490643277477358,0.0131657843944924,0.474971081880112,0.484499967270756,0.485648342023702,0.500467696564624,0.507629299647594
"2","brick_tbtm",1.95,0.96511980309167,0.0016028513452241,0.963157770241202,0.963737992808554,0.965654928989998,0.966145512007176,0.966902811411419
"3","brick_mld",12.99,0.768291837339395,0.0200188411289143,0.739579777503207,0.762508262184251,0.766246210861277,0.780505761197051,0.792619174951189
"4","brick_sss",14.48,0.741655000349349,0.0124552796685181,0.729337587556392,0.736374252152029,0.738679387081467,0.741443396179305,0.762440378777553
"5","brick_sbtm",0,0.999999999580251,2.26332330750463e-11,0.99999999954606,0.999999999569048,0.999999999590559,0.999999999593745,0.999999999601842
"6","gseal",32.58,0.418637417807512,0.0415655510026489,0.375694687210237,0.399430786258511,0.408665780314665,0.423093689545659,0.486302145708487
"7","hseal",9.45,0.831333957055532,0.00495361368570217,0.824253700742851,0.828147800502641,0.833445632421489,0.835126293823888,0.835696357786791
