"","var","importance","mean","sd","min","q25","med","q75","max"
"1","log_depth",13.28,0.888675760307844,0.00434294400253174,0.883901028325517,0.884347500932296,0.889784341525321,0.892069431348657,0.893276499407427
"2","brick_tbtm",8.67,0.927357607550524,0.00320016941222072,0.922442048433473,0.927180225154767,0.927674415398166,0.928123321537083,0.931368027229132
"3","brick_mld",24.2,0.797155255912142,0.0100522097627995,0.786810748577256,0.78788146764521,0.796261458065092,0.807367483571119,0.807455121702031
"4","brick_sss",21.32,0.821252137368151,0.00365749990761515,0.817081709253085,0.818848356100566,0.821743983451824,0.821885093215199,0.826701544820081
"5","brick_sbtm",5.76,0.951720244203917,0.00170549578787292,0.949953843403969,0.950781006422122,0.9510660134365,0.952516961687128,0.954283396069865
"6","gseal",11.47,0.903876203203991,0.00362763399795608,0.898545495149677,0.902339534076476,0.904416834067005,0.906157824668368,0.907921328058427
"7","hseal",15.3,0.871740243500282,0.0050070991770529,0.863266747497841,0.871673306736528,0.87292476428492,0.875313931537657,0.875522467444462
