"","var","importance","mean","sd","min","q25","med","q75","max"
"1","log_depth",14.64,0.853631003121,0.00512411223435853,0.84740053922519,0.851179224458358,0.853712114824831,0.8545256985643,0.861337438532322
"2","brick_tbtm",2.84,0.971578932556069,0.00105837070009869,0.970006286328594,0.971222813938014,0.971801091163653,0.97199925146299,0.972865219887094
"3","brick_mld",8.28,0.917206192160439,0.00421831836903349,0.913046421080436,0.913097274300474,0.917807050338766,0.919138648471616,0.922941566610905
"4","brick_sss",10.62,0.893801549786505,0.00920296973280172,0.881498809157658,0.888243473546599,0.89616514439401,0.897622028996847,0.905478292837412
"5","brick_sbtm",0.49,0.995134693434705,0.000188882863582633,0.994904610103103,0.995051105904065,0.995057119362955,0.995319645989182,0.995340985814219
"6","gseal",51.25,0.487637990303608,0.0258205202897396,0.444673320833969,0.483300230357045,0.499144935648727,0.501731132687089,0.509340331991211
"7","hseal",11.87,0.88130855295089,0.00238305461608,0.878009171385131,0.880869282048155,0.880995441510211,0.882043992072903,0.884624877738052
