"","var","importance","mean","sd","min","q25","med","q75","max"
"1","log_depth",11.49,0.908056648474524,0.00269202982658709,0.905009322968695,0.90547684552341,0.908681542558767,0.910288641741784,0.910826889579964
"2","brick_tbtm",9.44,0.924431681209094,0.00213943496173533,0.922507640432156,0.922692047455011,0.924522445617222,0.924607330918954,0.927828941622126
"3","brick_mld",17.52,0.859779656416489,0.00583845038607842,0.855370405260128,0.856347086246513,0.858186577534351,0.859108256614926,0.869885956426526
"4","brick_sss",25.67,0.794572803075326,0.0115734448118956,0.779302327319934,0.790923479522601,0.790959707071402,0.802496096624653,0.80918240483804
"5","brick_sbtm",4.43,0.964564929517663,0.00380561564562161,0.959992353934115,0.960912677291109,0.966482611633823,0.96747777443292,0.96795923029635
"6","gseal",14.62,0.88298465440313,0.00712560446232029,0.877406044986473,0.878388156427931,0.878590097047303,0.886705880501683,0.89383309305226
"7","hseal",16.82,0.865374083439338,0.00492395759830165,0.859211097912623,0.860978783010209,0.867709193236388,0.869028874834672,0.869942468202797
