"","var","importance","mean","sd","min","q25","med","q75","max"
"1","log_depth",11.59,0.919076144069213,0.00465512392924278,0.91261799495576,0.917262838538365,0.918935695311579,0.921509362994016,0.925054828546345
"2","brick_tbtm",10.94,0.92357706090781,0.0136961658700782,0.902485405936941,0.922782682169931,0.923892967032967,0.928357297786726,0.940366951612485
"3","brick_mld",20.56,0.856393898292271,0.00385885037187419,0.849735459640471,0.856985523606493,0.857639515164909,0.857881309136488,0.859727683912996
"4","brick_sss",21.7,0.84845712459148,0.00979339683292887,0.837903737138029,0.839998814774035,0.849479167128044,0.853100682906888,0.861803221010404
"5","brick_sbtm",3.92,0.972637611625796,0.00146104996910152,0.971655244129319,0.971741262276418,0.972014367217369,0.972613476308604,0.975163708197269
"6","gseal",14.14,0.901222745810865,0.00789992601219384,0.894684054126979,0.895861876960478,0.900503816220478,0.900531565387716,0.914532416358677
"7","hseal",17.14,0.880280819277182,0.00727428306398701,0.870439780810685,0.87737517338844,0.878664785067336,0.886906952753,0.888017404366448
