"","var","importance","mean","sd","min","q25","med","q75","max"
"1","log_depth",7.93,0.91316396222884,0.00661078429039404,0.903293328312846,0.912863533682175,0.913306640508782,0.914504899443961,0.921851409196436
"2","brick_tbtm",9.04,0.900976744769172,0.00904501468927575,0.886436756544023,0.898001287645343,0.905602230565712,0.906300583887861,0.90854286520292
"3","brick_mld",32.65,0.64249134793255,0.00491881517643483,0.635114169001441,0.641651962053181,0.6418366210364,0.64595924956784,0.647894738003888
"4","brick_sss",20.2,0.778882037935838,0.0107173014911026,0.765785816823376,0.770794477367215,0.77903352983178,0.788585469770366,0.790210895886454
"5","brick_sbtm",3.48,0.961891377000388,0.00223840775020415,0.958149663356406,0.961556275103737,0.962946066179309,0.96304876687663,0.963756113485856
"6","gseal",9.29,0.898315527881067,0.00734214456905237,0.8905887130552,0.892408341662199,0.897488828745747,0.902736031462403,0.908355724479784
"7","hseal",17.41,0.809432601967516,0.00813654620063022,0.800502729956476,0.804874103172266,0.808048039918288,0.811781243075472,0.821956893715075
