"","var","importance","mean","sd","min","q25","med","q75","max"
"1","log_depth",11.23,0.958402461029781,0.00339404174820486,0.954824896230266,0.955967975671869,0.957487008896354,0.96074389490765,0.962988529442766
"2","brick_tbtm",9.75,0.963890714198059,0.00196498648692342,0.961635432420805,0.963414418380703,0.963658897518121,0.963686151837449,0.967058670833217
"3","brick_mld",46.24,0.828738787846489,0.0163787181629002,0.808688071075928,0.818909515570108,0.825150030657256,0.844622827892081,0.846323494037072
"4","brick_sss",3.77,0.986047614297337,0.000648478520134139,0.985286747019811,0.985498665791945,0.986093868454424,0.98665293145089,0.986705858769615
"5","brick_sbtm",21.87,0.919003785846508,0.00252381846019923,0.914837543934969,0.918445361264656,0.920178981094211,0.920524777633086,0.921032265305616
"6","gseal",3.67,0.986400068190516,0.000241432708934545,0.986252130652172,0.986280059296093,0.986314703567273,0.986324563162789,0.98682888427425
"7","hseal",3.48,0.987105020437109,0.000878948308280956,0.985874970267258,0.986745518040482,0.987006857309063,0.987864893200844,0.988032863367898
