"","var","importance","mean","sd","min","q25","med","q75","max"
"1","log_depth",3.37,0.975250651027249,0.00224373236006453,0.972167770227855,0.973750748428713,0.975819393768529,0.977214379995761,0.977300962715385
"2","brick_tbtm",23.51,0.827455951999038,0.0103342339073421,0.815909176943786,0.821336735462524,0.823273593708157,0.83802982746943,0.838730426411295
"3","brick_mld",11.27,0.917291330655538,0.000941607697316395,0.916355965576975,0.916448469768697,0.917300214653898,0.917731134527319,0.918620868750803
"4","brick_sss",0.08,0.99940721965415,0.000250004616138198,0.999154909266168,0.999270303896832,0.99930041617103,0.999526445696077,0.999784023240646
"5","brick_sbtm",1.52,0.988850769925486,0.000364647795990231,0.988395555655147,0.988610997935635,0.988908098909077,0.988995570681124,0.989343626446445
"6","gseal",60.22,0.558078461519119,0.00353574031857427,0.555600341075242,0.555620753614817,0.556487957407341,0.558696044797664,0.563987210700529
"7","hseal",0.02,0.999865568864796,3.94341994451036e-06,0.999860430733213,0.999864247766002,0.999865480847049,0.999866330958537,0.999871354019181
