"","var","importance","mean","sd","min","q25","med","q75","max"
"1","brick_sst",21.29,0.788261512252166,0.0343856950283599,0.735527907768223,0.771357029294054,0.806127009767531,0.812818715598379,0.815476898832642
"2","dfs",77.44,0.22998745199956,0.069843672466793,0.140686322826812,0.202402886047462,0.208488523875251,0.279949598545522,0.318409928702753
"3","vel_mag",1.26,0.987426853524847,0.00122105238990266,0.985944320121953,0.986846696102925,0.987047228736463,0.988258896905191,0.989037125757704
"4","brick_xbtm",0,1,0,1,1,1,1,1
