"","var","importance","mean","sd","min","q25","med","q75","max"
"1","brick_sst",25.18,0.746686197060372,0.0321715023654558,0.702625193306255,0.722617318759797,0.7625332424825,0.771972351806398,0.773682878946911
"2","dfs",72.59,0.269655609393561,0.0388356151816913,0.227445810590152,0.250999664918691,0.268496000098488,0.269218390829489,0.332118180530987
"3","vel_mag",1.15,0.988470928545439,0.000870254646024603,0.987281699157484,0.988100774588246,0.988357855241396,0.989124467361981,0.989489846378089
"4","brick_xbtm",1.08,0.989132051242374,0.0019828548503242,0.985624396805855,0.98959668267276,0.989927401982196,0.990099789153274,0.990411985597783
