"","var","importance","mean","sd","min","q25","med","q75","max"
"1","brick_sst",23.59,0.784650642393084,0.0131202853645106,0.774210458852524,0.77621761164664,0.77815569257317,0.788834787269927,0.805834661623157
"2","dfs",72.18,0.340997196545977,0.0306325941503424,0.312562334501758,0.315978854971851,0.328930642729145,0.370086688722053,0.377427461805078
"3","vel_mag",2.14,0.980465850057938,0.00118347225556391,0.978387774492741,0.980818647325968,0.980866173330028,0.980881800979272,0.981374854161682
"4","brick_xbtm",2.09,0.980921264448543,0.000651914527981936,0.980183706720042,0.980601094336443,0.980907806949989,0.980967178762492,0.98194653547375
