"","var","importance","mean","sd","min","q25","med","q75","max"
"1","tbtm",21.22,0.423402296236578,0.0277750885958784,0.394920231527763,0.39843426612122,0.42395365540596,0.438632271606145,0.461071056521803
"2","sss",19.42,0.472163655251529,0.0340730507213805,0.446533483929087,0.451405046955204,0.46231560167028,0.469640671933234,0.53092347176984
"3","log_depth",19.07,0.481741153147984,0.0349325148530645,0.431114792935896,0.479980414051211,0.482183560216457,0.485739963192267,0.529687035344089
"4","hseal",14.24,0.613094453583052,0.0295871860370102,0.574606749057918,0.590647552110723,0.621671128496832,0.633264937670585,0.645281900579203
"5","sbtm",12.6,0.657631167368576,0.0137441249797969,0.642434043486827,0.650616224137299,0.650772696935361,0.670455414556672,0.673877457726721
"6","gseal",12.11,0.670847718731006,0.0139742720818984,0.650468729522551,0.664108825881409,0.675379472413528,0.677407821164119,0.686873744673423
"7","mld",1.33,0.963761326832144,0.00402910215058314,0.957938489786949,0.962909272275598,0.963293153929342,0.965820847640649,0.968844870528181
