"","var","importance","mean","sd","min","q25","med","q75","max"
"1","log_depth",10.18,0.937055033698241,0.00434702065780195,0.933579611319372,0.934535010573021,0.936038514121338,0.936589861624805,0.944532170852668
"2","brick_tbtm",13.99,0.913549334650689,0.0062652719510169,0.905105927688733,0.911506100044188,0.913243968865948,0.915537872841025,0.922352803813551
"3","brick_mld",18.94,0.882954696472513,0.00654853004035904,0.874592483688589,0.88028807836418,0.8810748993517,0.887453818394715,0.891364202563383
"4","brick_sss",20.49,0.873374032175764,0.00929988744037549,0.866412002834918,0.866894322503011,0.868264345701875,0.877296776305818,0.888002713533198
"5","brick_sbtm",8.07,0.950147356025781,0.00252082119260435,0.948044883812951,0.948223882179871,0.948824525566945,0.952033254792437,0.9536102337767
"6","gseal",18.1,0.888145464188569,0.00974682105781103,0.878479220979707,0.878832684263907,0.888623999986053,0.893622450451576,0.9011689652616
"7","hseal",10.23,0.936747402256627,0.00301830370647987,0.932678510022352,0.935005390204999,0.93697183445021,0.93876751669935,0.940313759906222
