"","var","importance","mean","sd","min","q25","med","q75","max"
"1","log_depth",32.18,0.363668616722137,0.0303664295958469,0.334043837239225,0.344594173166607,0.347680559438494,0.388970306308424,0.403054207457937
"2","brick_tbtm",0.21,0.99574958847827,0.000205157964313979,0.995476400844542,0.995693000369193,0.995722026728586,0.99581441353308,0.996042100915951
"3","brick_mld",16.16,0.680432433916484,0.0162520963016912,0.656997556522261,0.674803296336039,0.680186961148186,0.69028829376882,0.699886061807114
"4","brick_sss",19.56,0.613364962928917,0.00543754601023193,0.606968954078719,0.610794202467454,0.613273843322013,0.614039111072035,0.621748703704364
"5","brick_sbtm",0,1,0,1,1,1,1,1
"6","gseal",22.37,0.557738391273219,0.00363117870169756,0.553504775180711,0.556188777580187,0.556431961125965,0.559613097213191,0.562953345266041
"7","hseal",9.51,0.811921879761783,0.00914342718758556,0.800815757130038,0.805275952468875,0.814193520774667,0.81508426538576,0.824239903049575
