"","var","importance","mean","sd","min","q25","med","q75","max"
"1","log_depth",9.71,0.948835888600627,0.00477867240079914,0.941214449558594,0.947572987099461,0.949983542251747,0.952247988993237,0.953160475100096
"2","brick_tbtm",9.04,0.952362516630211,0.00271641390860023,0.948560995482114,0.951387127302897,0.952641366054587,0.953211790551673,0.956011303759783
"3","brick_mld",15.65,0.917558402423509,0.00287317324218458,0.914765455311388,0.915766992640143,0.915982118047127,0.920114617888785,0.921162828230103
"4","brick_sss",27.63,0.854409180939846,0.0076555386119529,0.846360796262727,0.848262527335838,0.853693220506412,0.858687441036165,0.865041919558088
"5","brick_sbtm",7.64,0.959752818688597,0.00198166194622199,0.957830040108038,0.958271510355155,0.959480754141397,0.960369108732761,0.962812680105632
"6","gseal",15.13,0.920265278664368,0.00484883168670801,0.915888265413005,0.916696471534007,0.919720180601368,0.920918728306288,0.928102747467174
"7","hseal",15.2,0.919914993219786,0.00231511639040126,0.917063158063335,0.917825129732716,0.920842103212388,0.92182087626914,0.92202369882135
