"","var","importance","mean","sd","min","q25","med","q75","max"
"1","log_depth",66.13,0.00112188766621654,0.0174875231126178,-0.0205142557412031,-0.00584549010557378,-0.00466162376404045,0.0119160370651567,0.0247147708767432
"2","brick_tbtm",0.01,0.999874513309638,4.27010257054325e-06,0.999870503823473,0.999872883189796,0.999873613196094,0.99987378269047,0.999881783648357
"3","brick_mld",3.06,0.95370680861033,0.00231518009416111,0.950990340794837,0.952536551587617,0.952743207318635,0.956122554955953,0.956141388394611
"4","brick_sss",2.12,0.967930107573262,0.00128586361055522,0.966625810409553,0.966676173870409,0.96791332907801,0.96910665741477,0.969328567093568
"5","brick_sbtm",24.03,0.6370832557643,0.0155734005559551,0.624952786170476,0.62920620269569,0.631075270780563,0.636190870032622,0.663991149142147
"6","gseal",4.45,0.932779828717794,0.00130325448398632,0.931904539959841,0.932206542752911,0.932230282652738,0.932474884208823,0.935082894014658
"7","hseal",0.2,0.997050602253094,0.000126511163432122,0.996917134097898,0.996956980293728,0.997016566294789,0.997148077385832,0.997214253193222
