"","var","importance","mean","sd","min","q25","med","q75","max"
"1","log_depth",17.62,0.884229696114212,0.00339183142134628,0.880840224475186,0.881290177136164,0.883505104270913,0.887262905716268,0.888250068972528
"2","brick_tbtm",3.78,0.97517774661202,0.00123932970730455,0.973380845433354,0.974414278425844,0.975842950340956,0.975908889390136,0.976341769469808
"3","brick_mld",20.26,0.86685334836378,0.00708587331190139,0.858521098918182,0.863694109269977,0.865724674890391,0.86866214724895,0.8776647114914
"4","brick_sss",31.52,0.792881688533447,0.0176488345703708,0.767688474067565,0.780783679230334,0.804379954329056,0.805685685813195,0.805870649227084
"5","brick_sbtm",7.74,0.949106473096737,0.00266580932843736,0.945557195833469,0.947473948779314,0.94962016679347,0.950439488592498,0.952441565484933
"6","gseal",4.89,0.967881104925363,0.00172732328017013,0.966537306587299,0.966706607182748,0.967189805344032,0.968236763719243,0.970735041793492
"7","hseal",14.2,0.90670035170879,0.00423971132304651,0.901517209146862,0.903965626007759,0.906665929916161,0.908953668609636,0.912399324863533
