"","var","importance","mean","sd","min","q25","med","q75","max"
"1","log_depth",14.15,0.920759339149719,0.00131666731117833,0.918518467279236,0.920848468487377,0.92105001086368,0.921479258661323,0.92190049045698
"2","brick_tbtm",14.17,0.920641457747614,0.0025616816579933,0.917518210479395,0.919195290315298,0.919940134065705,0.923175383673983,0.923378270203691
"3","brick_mld",19.89,0.888623507041841,0.00254616067065614,0.885395518419215,0.887020460131053,0.888558799700818,0.890380824168769,0.891761932789349
"4","brick_sss",15.73,0.911878003421274,0.00360888504532051,0.908805665489434,0.909410849971898,0.910140279295378,0.913636254737218,0.917396967612444
"5","brick_sbtm",10.29,0.942385783259263,0.00173869639059269,0.939995534128753,0.94139727037027,0.942579779646549,0.943595536193717,0.944360795957027
"6","gseal",10.07,0.9436010598385,0.00286413474487957,0.940058375902401,0.941696636735444,0.943946776550086,0.944828119319971,0.947475390684597
"7","hseal",15.7,0.91204115423837,0.00286224402550502,0.908267623099667,0.910699231501846,0.911452458048065,0.914654228882999,0.915132229659274
