"","var","importance","mean","sd","min","q25","med","q75","max"
"1","log_depth",12.69,0.935298220952158,0.0024757310608583,0.933250709933521,0.933260544388813,0.934649158560024,0.936157913254655,0.939172778623776
"2","brick_tbtm",16.56,0.915563928794425,0.00187736029329626,0.914045141736261,0.914378555741389,0.915101364665379,0.915541354038437,0.91875322779066
"3","brick_mld",17.33,0.911678547662107,0.00325361223985566,0.906228920338662,0.911836904131141,0.91231442554399,0.913175650039125,0.914836838257618
"4","brick_sss",17.06,0.913020331905534,0.00291033581432937,0.910453907676971,0.910522184379098,0.912317827948408,0.914502111779733,0.917305627743458
"5","brick_sbtm",9.8,0.950030079057793,0.00268785501739641,0.94787896733501,0.948764035855549,0.949289588438762,0.94951306123837,0.954704742421272
"6","gseal",14.87,0.924212403963595,0.00157488359889049,0.921994902685635,0.923547145707077,0.924096021787298,0.92555357244688,0.925870377191087
"7","hseal",11.68,0.940455330697372,0.00240356876668288,0.93724874726537,0.938575277410181,0.941659601415479,0.942005909838521,0.942787117557308
