"","var","importance","mean","sd","min","q25","med","q75","max"
"1","log_depth",24.89,0.609195490810129,0.012212780320284,0.596253622436365,0.602200477286041,0.608962422078296,0.609880517556912,0.628680414693031
"2","brick_tbtm",3.32,0.947835509366205,0.000978423425144091,0.946560274939838,0.947094166960387,0.948096910744863,0.948563452391212,0.948862741794727
"3","brick_mld",8.64,0.86430396098926,0.00795356235789093,0.854827330731982,0.858054778712632,0.864302790708893,0.871663061192085,0.872671843600708
"4","brick_sss",14.51,0.772222714598655,0.0102050654624145,0.755672391929513,0.771316290115609,0.775344135396674,0.775559933941542,0.783220821609938
"5","brick_sbtm",0,1,0,1,1,1,1,1
"6","gseal",37.23,0.415319093948036,0.0222999202256818,0.389739020104393,0.401143429041888,0.41223522275929,0.426572046809651,0.446905751024957
"7","hseal",11.41,0.82087631577557,0.00639568638845248,0.815174722803909,0.816210638521475,0.817520546169335,0.826337762461597,0.829137908921533
