"","var","importance","mean","sd","min","q25","med","q75","max"
"1","log_depth",9.74,0.930879394873407,0.000641768681107966,0.930002142514567,0.930441033611337,0.931147142783848,0.931223000739674,0.931583654717607
"2","brick_tbtm",6.2,0.955984967778959,0.0013148081587621,0.954380289858903,0.954938286571823,0.956311296737329,0.956681126792936,0.957613838933806
"3","brick_mld",11.08,0.921332190684732,0.00232132392979758,0.918833359515178,0.919670527687021,0.920847739540014,0.922781036810387,0.924528289871062
"4","brick_sss",22.87,0.837669014914801,0.00387218884604288,0.833652267220414,0.835587265503937,0.836317421758027,0.839165976040433,0.843622144051195
"5","brick_sbtm",18.66,0.867562370860988,0.00445800606020587,0.862122153921642,0.8649013752712,0.866733547726079,0.870964680363837,0.873090097022185
"6","gseal",9.67,0.931385926431489,0.00111768982972832,0.930355620021322,0.930711501482884,0.931024625956699,0.93163927571757,0.933198608978969
"7","hseal",21.78,0.845382102666278,0.00476362276102391,0.840020900981441,0.841480656875283,0.844997309706891,0.849960848013061,0.850450797754713
