"","var","importance","mean","sd","min","q25","med","q75","max"
"1","log_depth",4.37,0.940978984708057,0.003611494519449,0.935111270841895,0.940673105714607,0.941232859097852,0.943762836705173,0.944114851180758
"2","brick_tbtm",25.08,0.661510182487182,0.00821240928466081,0.656326047235026,0.657182768344776,0.658968005787684,0.659020471257666,0.676053619810757
"3","brick_mld",4.05,0.945313514729562,0.00226143016700273,0.94242322785623,0.944199181124572,0.945275033769093,0.946176196905712,0.948493933992205
"4","brick_sss",2.55,0.965602261486946,0.00224392621121089,0.963821855379698,0.963840141093754,0.965205234609539,0.965847475270557,0.969296601081183
"5","brick_sbtm",2.24,0.969710345246398,0.00101482988341857,0.968398500354901,0.96929520436065,0.969424006419797,0.970474611291229,0.970959403805414
"6","gseal",41.22,0.443658041873245,0.00953996613652034,0.43298805270465,0.439802967234651,0.440295574703533,0.446942943583311,0.458260671140078
"7","hseal",20.49,0.723505153074895,0.0106193089786668,0.708157481582319,0.717666465776541,0.727026422594768,0.729787151237915,0.734888244182929
