"","var","importance","mean","sd","min","q25","med","q75","max"
"1","log_depth",1.72,0.986333355465057,0.00043488323636752,0.985915466533766,0.985936636492966,0.9863119359185,0.986558305897454,0.986944432482601
"2","brick_tbtm",11.07,0.912117227463606,0.00267175174535394,0.908225109348598,0.911435655935198,0.912071927355501,0.913361283199021,0.915492161479714
"3","brick_mld",18.95,0.849550456230221,0.00721446785940015,0.842952396147533,0.844688174558122,0.845332491002446,0.856988286609018,0.857790932833986
"4","brick_sss",47.6,0.622187070539058,0.0417648849567801,0.577295678237904,0.588246394615289,0.619318098013332,0.647801862449834,0.678273319378932
"5","brick_sbtm",1.39,0.988943521976193,0.000781121498586888,0.988084161157644,0.988205769249849,0.989077561131886,0.989488560844919,0.989861557496667
"6","gseal",7.92,0.937151693694042,0.00494612500968894,0.930752201556539,0.933388336728873,0.938738229655551,0.940127107853524,0.942752592675726
"7","hseal",11.34,0.909964170986222,0.00447536430022206,0.903449772917102,0.907448161530921,0.911319310979579,0.913633598838649,0.913970010664857
