"","var","importance","mean","sd","min","q25","med","q75","max"
"1","log_depth",8.69,0.927896444489214,0.00332369914572696,0.922925005869035,0.92739093348483,0.927933742656957,0.929129517787613,0.932103022647637
"2","brick_tbtm",9.03,0.92507594733419,0.00555049762114019,0.916499492548621,0.923737830726396,0.925284679846179,0.929320286801908,0.930537446747848
"3","brick_mld",22.13,0.816430687087374,0.0118659164624147,0.799722872817166,0.812795950941903,0.814425421860831,0.824680213878343,0.830528975938627
"4","brick_sss",23.39,0.805957409026793,0.0100832851973791,0.794143327586974,0.79881696088603,0.806805020361513,0.809937242601205,0.820084493698245
"5","brick_sbtm",6.42,0.946762376563358,0.00575632728259786,0.941887610007975,0.942050100417255,0.944662278554017,0.949972766423177,0.955239127414365
"6","gseal",14.34,0.881054369351613,0.00286830134370293,0.878090923731992,0.878140213738977,0.881519582763394,0.883139715841008,0.884381410682693
"7","hseal",15.99,0.867332852283162,0.0117476004732712,0.85461749915762,0.858289682363022,0.864572149475884,0.879175546751018,0.880009383668267
