"","var","importance","mean","sd","min","q25","med","q75","max"
"1","log_depth",15.21,0.749837385476481,0.0109176004185804,0.734870485201468,0.74174000245201,0.755463109477905,0.757233820808182,0.75987950944284
"2","brick_tbtm",14.89,0.755167400962064,0.0155991152064296,0.730919883316938,0.752729084253811,0.754725992869141,0.766353670917666,0.771108373452765
"3","brick_mld",31.2,0.486909088466897,0.0272746503121866,0.458213242771254,0.467268896849035,0.480103050169604,0.504485350061793,0.524474902482799
"4","brick_sss",12.1,0.800973614584515,0.00662550150821583,0.791349254530581,0.797321420167982,0.803213457911014,0.805131665802203,0.807852274510793
"5","brick_sbtm",9.44,0.844775739860817,0.009829196015315,0.830795421712768,0.842391062531742,0.842777978933687,0.851434229277986,0.856480006847901
"6","gseal",13.96,0.770417706971706,0.0112929379955286,0.756118520037944,0.761848874771272,0.772332431359929,0.778767888709078,0.783020819980307
"7","hseal",3.21,0.947182272564804,0.00276251541305275,0.944801080184955,0.944898246374886,0.947150007671999,0.947456779933793,0.951605248658386
