"","var","importance","mean","sd","min","q25","med","q75","max"
"1","sst",35.12,0.461280873886757,0.0150604634472561,0.441008451757388,0.44944686751217,0.469200836840708,0.472654016380349,0.474094196943168
"2","log_depth",25.35,0.611082975816503,0.00838845164510529,0.601582980061385,0.606092002364998,0.608279073302302,0.617622499743376,0.621838323610457
"3","dfs",15.32,0.764990834235201,0.00202777965297369,0.76248594935912,0.763839577857512,0.764783388575706,0.766103776003594,0.76774147938007
"4","sss",9.29,0.857559780182014,0.00353122132762573,0.854176583399068,0.854239760843063,0.856964649660374,0.86074936935852,0.861668537649046
"5","mld",8.36,0.871749935860326,0.00215611193568866,0.868718663179229,0.870885791808525,0.871606441222604,0.87327800449527,0.874260778596001
"6","tbtm",6.07,0.906925455067941,0.000791256443963048,0.905919611405379,0.906577498391771,0.90684440807773,0.907233251050771,0.908052506414054
"7","sbtm",0.49,0.992506426834897,6.81835134472545e-05,0.992396904975946,0.99249467392633,0.992522570724488,0.992540608562888,0.992577375984833
