"","var","importance","mean","sd","min","q25","med","q75","max"
"1","sst",36.21,0.512653460391454,0.0105461970148518,0.496712775325505,0.508687402634687,0.514991909375342,0.518675071017122,0.524200143604614
"2","log_depth",26.16,0.64790272053329,0.0143675492314469,0.627758642163725,0.640027754436886,0.651590448582996,0.655154058755359,0.664982698727483
"3","dfs",15.8,0.78730292113477,0.00224753005548877,0.78544040851989,0.785727829709698,0.786225581808548,0.788355676598226,0.790765109037487
"4","sss",10.07,0.864489398061663,0.0066736367070559,0.855117986512751,0.86302374574723,0.86452644422764,0.866025687658447,0.873753126162248
"5","tbtm",6.34,0.914721255185461,0.000619442295771305,0.914288484107012,0.914313103107744,0.914454356215929,0.914777127035375,0.915773205461246
"6","mld",5.27,0.929100135899488,0.00286970757553197,0.925871037719563,0.927467900327849,0.928177396318853,0.930926710747986,0.933057634383191
"7","sbtm",0.15,0.997991578444239,4.43805933206143e-05,0.997923304241811,0.997983182902279,0.997991151451692,0.998020784418305,0.998039469207108
