"","var","importance","mean","sd","min","q25","med","q75","max"
"1","log_depth",15.91,0.93755785621993,0.00670887144896423,0.925967986270135,0.938970846422721,0.939061541916245,0.94050863588451,0.94328027060604
"2","brick_tbtm",7.21,0.971702514936311,0.00193667107217251,0.969820116515822,0.970899928151658,0.970923999840339,0.971983195294569,0.974885334879166
"3","brick_mld",8.36,0.967184741881719,0.00461867949131599,0.960875525223302,0.964659947534949,0.967525115548247,0.970214759872117,0.972648361229979
"4","brick_sss",33.09,0.870106433859392,0.0132479597403895,0.851878683226075,0.866187636975189,0.866350215797832,0.881502168791356,0.884613464506507
"5","brick_sbtm",11.4,0.955232194691391,0.00280290519857855,0.950643830277108,0.954894665391944,0.955863539943693,0.956814700778857,0.957944237065351
"6","gseal",11.51,0.954815883513835,0.00401450627674355,0.949735083058384,0.952588810674697,0.954256941823435,0.957645920926106,0.95985266108655
"7","hseal",12.53,0.950810324882267,0.00224242939275116,0.947489664227138,0.950272161557343,0.950956228746271,0.951696378957346,0.953637190923237
