"","var","importance","mean","sd","min","q25","med","q75","max"
"1","log_depth",20.62,0.561760352295358,0.0515145450359343,0.489919227275828,0.536122202052998,0.563861381799049,0.598412895038738,0.620486055310179
"2","brick_tbtm",16.85,0.641942527306701,0.0245571041088773,0.608720825265601,0.634647468061654,0.64298644280647,0.646265262514064,0.677092637885715
"3","brick_mld",0.14,0.997091896093667,0.000559971064499947,0.996216879984054,0.996990108274033,0.997186813726594,0.997332358141543,0.99773332034211
"4","brick_sss",31,0.341207881351913,0.0274745013549041,0.303246583774939,0.32596606577084,0.342590029425717,0.366280718850344,0.367956008937725
"5","brick_sbtm",5.6,0.880983213663554,0.00698364292859944,0.869025907674146,0.881605894201369,0.882706633398504,0.88465692355132,0.88692070949243
"6","gseal",7.74,0.83556392521759,0.0134295021845112,0.819775826443364,0.824529531741814,0.836547562169246,0.845691091221148,0.851275614512377
"7","hseal",18.06,0.616063807724059,0.033997981991559,0.576149604717817,0.605454708381216,0.607422489750814,0.622270318409631,0.669021917360817
