"","var","importance","mean","sd","min","q25","med","q75","max"
"1","log_depth",12.47,0.688546178759457,0.0488242023344927,0.629224985248184,0.642877807428342,0.71105036130961,0.726453497620444,0.733124242190704
"2","brick_tbtm",22.59,0.435827904593667,0.047390674624892,0.373688086838919,0.398772541850194,0.459353529851042,0.460765948750891,0.48655941567729
"3","brick_mld",3.57,0.910759483507411,0.0147854037096407,0.891497067878744,0.905678656590956,0.907900568421991,0.917309849306339,0.931411275339025
"4","brick_sss",35.89,0.103855900356694,0.0436326989035796,0.0565628466747042,0.0707571189788558,0.0929908730878634,0.148732294092387,0.150236368949657
"5","brick_sbtm",9.61,0.759909343395556,0.0131738471330517,0.74689965257634,0.747184334847876,0.759240679791713,0.770464593671501,0.775757456090353
"6","gseal",14.42,0.639875383524493,0.0191609456020841,0.614222219544978,0.633554222862138,0.638480645262594,0.64626834131566,0.666851488637093
"7","hseal",1.44,0.964109818621078,0.00440554172925675,0.957176622710196,0.963779365093502,0.964553088013076,0.965787740348489,0.969252276940125
