"","var","importance","mean","sd","min","q25","med","q75","max"
"1","log_depth",14.95,0.819079803218064,0.0220329502894515,0.796067531481326,0.799319228419751,0.819536418050948,0.832293789250748,0.848182048887548
"2","brick_tbtm",5.8,0.929844727078072,0.00445686052669387,0.923633077248094,0.92739317900368,0.930632856710027,0.932511386912483,0.935053135516074
"3","brick_mld",12.48,0.848984877764122,0.0303673890167165,0.8040659998435,0.837390780253208,0.852808196078586,0.867148422024363,0.883510990620952
"4","brick_sss",41.1,0.502586561498931,0.0307219731791834,0.46351992874214,0.48925686497591,0.503732951714173,0.508757950356269,0.547665111706164
"5","brick_sbtm",4.77,0.942251318894023,0.00824286833778022,0.932988507213486,0.934777868109628,0.943090250742546,0.948962850444336,0.951437117960121
"6","gseal",2.26,0.972596490694619,0.00290381131807427,0.969455980610996,0.971132745479107,0.972093033226167,0.973097873843262,0.977202820313562
"7","hseal",18.65,0.774280293172,0.0204270734802375,0.742385082938005,0.767662038879247,0.779586714922269,0.787112631632915,0.794654997487563
