"","var","importance","mean","sd","min","q25","med","q75","max"
"1","log_depth",8.34,0.900761868794104,0.00735070768458453,0.892203096451812,0.897580370141277,0.899117202622824,0.902955787728666,0.911952887025942
"2","brick_tbtm",11.87,0.858794513956409,0.0102205675594356,0.848813567089233,0.854675191128031,0.854998584152171,0.859783159495393,0.875702067917219
"3","brick_mld",11.03,0.868766264411522,0.0150082760226868,0.85271896324668,0.857421904355554,0.865689543798801,0.879464175936957,0.888536734719617
"4","brick_sss",54.42,0.35243467344253,0.0292196274225325,0.312316948583141,0.344124471239873,0.351478776026346,0.361058598900698,0.39319457246259
"5","brick_sbtm",6.27,0.92538982016872,0.0101900732604778,0.915107157171281,0.915923421172928,0.925875862660792,0.930883920917634,0.939158738920963
"6","gseal",1.16,0.986233495887955,0.00129163642401153,0.984365537237944,0.985795170117268,0.986295637080035,0.986870825991301,0.987840309013228
"7","hseal",6.92,0.917680469610335,0.0101507834430096,0.901771582232831,0.918603792724492,0.918738286364703,0.919162630893275,0.930126055836376
