"","var","importance","mean","sd","min","q25","med","q75","max"
"1","log_depth",0,1,0,1,1,1,1,1
"2","brick_tbtm",0,1,0,1,1,1,1,1
"3","brick_mld",0,1,0,1,1,1,1,1
"4","brick_sss",91,0.0456874384033886,0.045588033569612,0.00484377631562543,0.0164332399681382,0.0275525949048034,0.0618066050025416,0.117800975825834
"5","brick_sbtm",0.19,0.998047820280561,9.53620691571732e-05,0.997940805079507,0.997951067499318,0.998081887435955,0.998131533460901,0.998133807927124
"6","gseal",5.45,0.94288964103586,0.00535906400072825,0.935184441438637,0.940654806357611,0.942832406646512,0.947369760744629,0.948406789991909
"7","hseal",3.37,0.964702406419113,0.0030052073623397,0.961616496889234,0.962475260611119,0.965040326375547,0.965050827883272,0.969329120336391
