"","var","importance","mean","sd","min","q25","med","q75","max"
"1","log_depth",9.44,0.774173664796711,0.0281550502448616,0.737044610822362,0.762691103345729,0.776872716292925,0.779821785270149,0.814438108252387
"2","brick_tbtm",17.17,0.589095485875573,0.0189961762227982,0.566646772734409,0.575397634631472,0.59217291205816,0.595740957664532,0.615519152289292
"3","brick_mld",9.27,0.778238015799621,0.0285278813209667,0.751870465399478,0.762077851669795,0.769304394416354,0.782814283577567,0.825123083934909
"4","brick_sss",36.06,0.13719972818979,0.0223109649486465,0.105361823255371,0.128837903348705,0.139428061406038,0.146654808041949,0.165716044896888
"5","brick_sbtm",8.08,0.806629395977649,0.0157359568550749,0.779820772612052,0.80720759174169,0.811754357552635,0.813831071229966,0.820533186751901
"6","gseal",19.32,0.537583007735323,0.0368839481105367,0.491973445516045,0.513372751560113,0.53710892616896,0.560391138813702,0.585068776617795
"7","hseal",0.67,0.984074876575782,0.00209167002337174,0.982565195948466,0.982878093209826,0.983312126713789,0.983913514333514,0.987705452673314
