"","var","importance","mean","sd","min","q25","med","q75","max"
"1","log_depth",7.71,0.919190070170971,0.0119983821059043,0.905210535758523,0.909200201954614,0.919937468578249,0.928517380220995,0.933084764342476
"2","brick_tbtm",2.55,0.973286989246816,0.00258418974394849,0.970798348975099,0.971630561111181,0.971932754473706,0.975396350901016,0.976676930773077
"3","brick_mld",5.52,0.942145927661566,0.00283609022343377,0.938520745525584,0.939879790374306,0.943406842703799,0.943570602427305,0.945351657276835
"4","brick_sss",59.13,0.380261581966826,0.0694015233379204,0.280089267633802,0.342799160358016,0.404431136089358,0.416906625916485,0.457081719836468
"5","brick_sbtm",2.16,0.977317908963782,0.00193440542222003,0.974577298884402,0.976502272371094,0.977659965048483,0.978056391063776,0.979793617451152
"6","gseal",2.69,0.971794505022928,0.00611682312902523,0.96730141846619,0.967661870218587,0.968788233004381,0.973385203078715,0.981835800346766
"7","hseal",20.24,0.787821883538821,0.0154594178656516,0.772160700206523,0.776041352187236,0.78308095003235,0.799939358876119,0.807887056391876
