"","var","importance","mean","sd","min","q25","med","q75","max"
"1","log_depth",12.13,0.903061305491066,0.00651155214343933,0.894176868827413,0.899950471789868,0.904147383139926,0.905329529569864,0.911702274128259
"2","brick_tbtm",0.75,0.994016911590105,0.000368292657801566,0.993453568634094,0.993866149485794,0.994108417072821,0.994316272815469,0.994340149942347
"3","brick_mld",4.34,0.965285181697642,0.00375434646794355,0.961569398546653,0.96384142502939,0.964597861665617,0.964823076364518,0.97159414688203
"4","brick_sss",51.06,0.591846998321967,0.0137939613084508,0.575109655223324,0.585227041073321,0.592833693121278,0.593390324550094,0.612674277641819
"5","brick_sbtm",4.4,0.964839683607257,0.00218813823317762,0.961247800598042,0.964342399254747,0.965825460960725,0.966063042907754,0.966719714315015
"6","gseal",8.15,0.93488043739098,0.0045827821132954,0.930910774558942,0.931712184621073,0.932025222425227,0.939624082523909,0.940129922825749
"7","hseal",19.17,0.846787727581675,0.0111008707838593,0.829876980693813,0.843892799502111,0.847046534947673,0.854630311571823,0.858492011192958
