"","var","importance","mean","sd","min","q25","med","q75","max"
"1","log_depth",0.85,0.993321319863956,0.0032024923186663,0.989009254236296,0.990942112552451,0.994896639178789,0.995104322770349,0.996654270581896
"2","brick_sst",34.78,0.727621773452108,0.0510663355484418,0.673499126820886,0.680349104956989,0.727679566206913,0.770152157030412,0.78642891224534
"3","brick_tbtm",11.31,0.911406788258555,0.022115316941707,0.888864851569633,0.898300448143223,0.902836938092889,0.922900527806003,0.944131175681026
"4","brick_sss",6.91,0.945864990598337,0.015234846810367,0.932846777528921,0.934195820699129,0.944939871503763,0.94654888923083,0.970793594029044
"5","brick_sbtm",1.54,0.987907916201959,0.00374593328716969,0.982799535855847,0.986566519623659,0.987001752064374,0.991163333583151,0.992008439882767
"6","brick_mld",1.06,0.991714478711718,0.00281861409831594,0.987701869199927,0.990026460945445,0.992881448117536,0.993210250509197,0.994752364786488
"7","dfs",42.14,0.669988025290039,0.0262777742975621,0.626283326743436,0.670925266347512,0.673312797915782,0.684133088287556,0.695285647155909
"8","vel_mag",1.28,0.989965268874278,0.00298286243374826,0.987115521683634,0.987209723958695,0.990323625089358,0.99085925726483,0.994318216374876
"9","brick_xbtm",0.11,0.999120292873714,0.000108512034779117,0.998994924563812,0.999095377250299,0.999103252516774,0.999113201609734,0.999294708427953
