"","var","importance","mean","sd","min","q25","med","q75","max"
"1","log_depth",5.8,0.964751568536326,0.00224664168498689,0.962023209456017,0.963723562567561,0.963966869426186,0.966404657761308,0.967639543470558
"2","brick_sst",22.64,0.862426459275496,0.0068172673858172,0.854898351394574,0.856718476182381,0.862851773658516,0.866147805057931,0.871515890084077
"3","brick_tbtm",6.07,0.963097852966786,0.00300214555183654,0.958784738759936,0.961994747664134,0.963065149887041,0.964990067902344,0.966654560620474
"4","brick_sss",6.19,0.962384316118095,0.00283458529777345,0.960068288803008,0.960071687183004,0.960878797097164,0.965035098892378,0.965867708614922
"5","brick_sbtm",5.27,0.967949814774949,0.00131483962109396,0.965970079465514,0.967635342538382,0.96813028979021,0.968445225611584,0.969568136469054
"6","brick_mld",3.56,0.978365874051313,0.00177730052427882,0.976246405740049,0.977276016527995,0.977999611286393,0.979690695381323,0.980616641320803
"7","dfs",44.98,0.726673285078796,0.013688799910553,0.713510705507151,0.714359514145989,0.72917919158697,0.729367878536318,0.746949135617554
"8","vel_mag",3,0.981794424154286,0.00211119246851353,0.979216101492734,0.980827159455959,0.981397822982048,0.982689073319207,0.984841963521483
"9","brick_xbtm",2.49,0.984891199646008,0.000918011604131726,0.983988742372988,0.984064353583942,0.984715249502292,0.98572780091626,0.985959851854559
