"","var","importance","mean","sd","min","q25","med","q75","max"
"1","dfs",87.09,-0.0061322251304419,0.0428628981956273,-0.0472928224128714,-0.040862738607174,-0.012177940609108,0.01186733506437,0.0578050409125739
"2","xbtm",9.43,0.891028609358321,0.0181358097023262,0.868182347207923,0.878656728578214,0.89271705907109,0.901643487679314,0.913943424255064
"3","u",3.48,0.959848019715644,0.00875916025518713,0.949615150780868,0.95347673338748,0.958618197491748,0.96804084749991,0.969489169418216
"4","sst",0,1,0,1,1,1,1,1
"5","v",0,1,0,1,1,1,1,1
