"","var","importance","mean","sd","min","q25","med","q75","max"
"1","log_depth",45.09,0.364294227697958,0.0378258010210153,0.308410202689687,0.35991422224558,0.366566000209504,0.372145094185651,0.414435619159365
"2","tbtm",13.66,0.807426317736476,0.0125727995332234,0.792244865007534,0.800768417710031,0.804612174676374,0.814973934783777,0.824532196504661
"3","hseal",12.82,0.819285524386313,0.0191214281828101,0.791280099560106,0.81570973950472,0.817741179392421,0.828285570181092,0.843411033293224
"4","mld",11.63,0.836001542425104,0.00800379983128515,0.826748651191711,0.828985587564317,0.837097798025709,0.841991263106328,0.845184412237455
"5","sss",8.1,0.885752114481598,0.0100439923110983,0.876553427431409,0.877186009922584,0.883442179013095,0.891390614534987,0.900188341505915
"6","gseal",5.28,0.925630746425529,0.00181922711523291,0.923554496825764,0.923888067373542,0.926137759532702,0.927013618194529,0.927559790201106
"7","sbtm",3.41,0.951883563221293,0.00374277759338694,0.946471921662025,0.95106236220728,0.951128662667774,0.954639481827504,0.956115387741883
