"","var","importance","mean","sd","min","q25","med","q75","max"
"1","log_depth",5.05,0.956487747381481,0.00324843473615255,0.95186908014834,0.955680262784963,0.955724746334664,0.959087239334792,0.960077408304645
"2","brick_tbtm",6.78,0.941579183057664,0.00185855363666097,0.939536708311697,0.939728770283529,0.941998608272866,0.943236013472114,0.943395814948112
"3","brick_mld",6.6,0.943130665658506,0.00170493058253052,0.940360868265323,0.94294623798823,0.94345190425462,0.944027719447267,0.944866598337091
"4","brick_sss",47.26,0.592853411089603,0.0265384171487237,0.557999805737156,0.572564772462382,0.600367547214468,0.616484291586623,0.616850638447386
"5","brick_sbtm",6.34,0.945377132579682,0.00335757300805436,0.940174949258497,0.945511461051978,0.945614303991488,0.946019280984064,0.949565667612381
"6","gseal",9.61,0.91724133207108,0.00283664926176992,0.914104703149409,0.915286803038607,0.916797846120204,0.91878087757003,0.921236430477151
"7","hseal",18.36,0.841820995075548,0.00983935556775961,0.834590511691092,0.836765209998598,0.83843181387581,0.840302855194778,0.859014584617461
