"","var","importance","mean","sd","min","q25","med","q75","max"
"1","log_depth",0.3,0.998175987397236,4.06017883938933e-05,0.998132646144993,0.998150359140719,0.998160057146173,0.998208412515376,0.998228462038919
"2","brick_tbtm",5.82,0.965111064705062,0.0020652708273541,0.962772843726668,0.964028591060528,0.964201327898453,0.966945819691369,0.967606741148292
"3","brick_mld",21.15,0.873189717924896,0.00942486382983245,0.86574627020122,0.866658987383592,0.866662055320384,0.881943347668424,0.884937929050859
"4","brick_sss",24.8,0.851301317483295,0.00259071525163532,0.848701039933186,0.84890551692488,0.851038213475398,0.853458046816938,0.854403770266071
"5","brick_sbtm",7.1,0.957435263847511,0.000881503650959563,0.956307539374399,0.957029876367882,0.957206105804209,0.958133666702162,0.958499130988901
"6","gseal",37.46,0.775388803278853,0.0131776427429394,0.75442898002263,0.77248629365461,0.778941798317095,0.781801551272509,0.789285393127422
"7","hseal",3.37,0.979783697219519,0.00107838412651955,0.97830348660708,0.979433944788169,0.97966251721523,0.980300937593391,0.981217599893727
