"","var","importance","mean","sd","min","q25","med","q75","max"
"1","log_depth",3.83,0.960876273346753,0.00327698542958465,0.955687389498617,0.960166165128303,0.961243966208583,0.963426364065548,0.963857481832712
"2","brick_tbtm",2.86,0.970713881946206,0.00145323112188048,0.968796716395348,0.969633242632692,0.971269483443954,0.971539164205524,0.972330803053513
"3","brick_mld",4.63,0.952659005068812,0.00173942551220793,0.950426065398702,0.951804300260299,0.952743176196926,0.953194213496259,0.955127269991874
"4","brick_sss",48.04,0.508691928860924,0.0238024581070039,0.485995125467486,0.489675982680803,0.501065019584238,0.525808406662661,0.540915109909432
"5","brick_sbtm",6.08,0.937851179619616,0.00406846943045181,0.932354496053224,0.934685433327436,0.939960031306903,0.940966188996945,0.941289748413572
"6","gseal",6.36,0.934947009781887,0.0019158864276679,0.93370241503854,0.933779667869806,0.934392738454298,0.934550703174807,0.938309524371984
"7","hseal",28.21,0.711517954065981,0.0089605819277267,0.702136437531128,0.706605288325708,0.707146325729322,0.718048753061146,0.723652965682601
