"","var","importance","mean","sd","min","q25","med","q75","max"
"1","log_depth",2.72,0.97507848827126,0.00284618157247552,0.970527621987207,0.974950036570874,0.975734275204819,0.975834933750175,0.978345573843224
"2","brick_tbtm",3.52,0.967717725022986,0.000997132378180515,0.966493236081358,0.966822698506067,0.968197705157369,0.968311409387018,0.968763575983118
"3","brick_mld",4.7,0.956930129414074,0.0013444523074769,0.955290964066288,0.956353060895283,0.956786574340315,0.957271743819201,0.958948303949283
"4","brick_sss",52.54,0.518690260105679,0.0113500175204431,0.506772037185307,0.508255989663821,0.518144973277447,0.529158832121543,0.53111946828028
"5","brick_sbtm",5.56,0.949054220687956,0.00266627431571323,0.946066925783965,0.946867135525647,0.94895372848655,0.951056611487577,0.952326702156043
"6","gseal",8.26,0.92432608375702,0.00285925085669265,0.920124373894888,0.924107916963332,0.924231872708184,0.925033622897157,0.928132632321538
"7","hseal",22.7,0.79204565763936,0.0141986711107117,0.771887025459197,0.785925486235529,0.791456710307054,0.804674170681288,0.80628489551373
