"","var","importance","mean","sd","min","q25","med","q75","max"
"1","log_depth",3.42,0.973476546057263,0.000753992495556473,0.972836925070282,0.972932569834838,0.973121692760715,0.973885453565627,0.974606089054853
"2","brick_tbtm",6.39,0.950513817908712,0.000957868905928331,0.949011719347658,0.95030728607281,0.950571973302404,0.951285763950413,0.951392346870273
"3","brick_mld",15.31,0.881440364840882,0.00497538425705561,0.875696848829276,0.877992958702056,0.881900959505733,0.88299272283924,0.888618334328103
"4","brick_sss",17.71,0.862833570222654,0.00612984385478015,0.852542921639533,0.863173364904409,0.863758053667346,0.866186005133561,0.868507505768422
"5","brick_sbtm",7.42,0.942504037404134,0.00313121051624302,0.938762819966707,0.939960253155229,0.943011007369184,0.944444231063961,0.946341875465588
"6","gseal",25.18,0.804943569416166,0.0123050749948354,0.786358084871106,0.805234508594725,0.806050614056952,0.806079975657327,0.820994663900722
"7","hseal",24.57,0.809687938883281,0.00580326174428031,0.802662374050576,0.80472835671832,0.810847466081423,0.814462843744727,0.815738653821358
