"","var","importance","mean","sd","min","q25","med","q75","max"
"1","log_depth",26.6,0.577447572436712,0.0192587449529709,0.556254648719675,0.565169264553239,0.577497496927439,0.5814066419414,0.606909810041808
"2","brick_tbtm",8.1,0.871346984027393,0.00877241742274908,0.862834675515042,0.86601444702046,0.866326663472461,0.879405700506587,0.882153433622415
"3","brick_mld",8.87,0.859079966537865,0.00661904095131524,0.850969430494883,0.855623636356246,0.859236543575801,0.860760317148807,0.86880990511359
"4","brick_sss",18.94,0.699097513543975,0.0133586474260156,0.686955750295997,0.68846272571566,0.694471101919913,0.707487316703913,0.718110673084393
"5","brick_sbtm",19.72,0.686774869522454,0.010258954110438,0.67198278606828,0.682313611812013,0.687152000265091,0.69480263489113,0.697623314575755
"6","gseal",15.12,0.759894791925922,0.00298756495713271,0.756754602563907,0.757569807959673,0.760318316588507,0.760473020824063,0.764358211693461
"7","hseal",2.65,0.957945117888281,0.00147621162042162,0.956208461612917,0.957121650274728,0.957558939242475,0.958901913752742,0.959934624558542
