"","var","importance","mean","sd","min","q25","med","q75","max"
"1","log_depth",9.21,0.955994894395919,0.00200480637442009,0.953006131776759,0.955393428989217,0.956373066953364,0.956740437639502,0.958461406620753
"2","brick_tbtm",10.71,0.948835483960364,0.0014185964018197,0.946621863639214,0.948607137993622,0.948949170796258,0.949567166232775,0.950432081139953
"3","brick_mld",16.06,0.923324097511136,0.00433389149945679,0.91621716407026,0.923326293282603,0.923421605972375,0.926651905582535,0.927003518647908
"4","brick_sss",18.59,0.91120462150581,0.00240710687188756,0.907561936436261,0.910017784981471,0.912149455230622,0.912972598253466,0.913321332627229
"5","brick_sbtm",7.6,0.963690073779942,0.00255046028356525,0.960752085617318,0.961133927151823,0.964921468661659,0.965466534250716,0.966176353218192
"6","gseal",16.57,0.920885924519931,0.00204707903406038,0.917835945788753,0.920317236403249,0.920838877620108,0.922263033765532,0.923174529022015
"7","hseal",21.25,0.898501376139762,0.00569747936306525,0.889766919011973,0.896440732061844,0.900482048110705,0.901100560584091,0.904716620930198
