"","var","importance","mean","sd","min","q25","med","q75","max"
"1","log_depth",4.11,0.978635062496596,0.00038734504639886,0.978295244481527,0.978311584881759,0.978478088933587,0.978947808142686,0.979142586043421
"2","brick_tbtm",20.59,0.89308992044332,0.00192416623330311,0.890729856949127,0.891522752562772,0.893467846634901,0.894450969321672,0.895278176748131
"3","brick_mld",2.54,0.98681491668617,0.000615765201984527,0.986230633751725,0.986337087767691,0.986634628184835,0.987169024323871,0.987703209402728
"4","brick_sss",8.36,0.956574356412704,0.00128823411415287,0.955461725467217,0.955862400144988,0.955946406582775,0.956937036716255,0.958664213152287
"5","brick_sbtm",8.26,0.957109151191079,0.000619284054810251,0.95610824097631,0.956928867896082,0.95741549674846,0.957438870554404,0.957654279780136
"6","gseal",46.93,0.756320265944484,0.00280374811709732,0.751967592373628,0.755984519640739,0.756428271762087,0.757639968079075,0.75958097786689
"7","hseal",9.2,0.952244093488203,0.00120158414224224,0.950222443450536,0.952262121263826,0.952480976849622,0.952939012640497,0.953315913236536
