"","var","importance","mean","sd","min","q25","med","q75","max"
"1","log_depth",6.43,0.958278796198318,0.0017826384677807,0.955678315586536,0.957935399445428,0.958121087751681,0.959123901617012,0.960535276590932
"2","brick_tbtm",6.85,0.955537534144206,0.00349544284615497,0.950506909439793,0.953266931221644,0.957368815048195,0.958053519048383,0.958491495963015
"3","brick_mld",26.17,0.830194681665478,0.00860230956229314,0.820195888327841,0.822808710006052,0.831026524692919,0.837096570358449,0.839845714942127
"4","brick_sss",22.59,0.853392821289819,0.00433830169886091,0.846819075568982,0.852688151698383,0.852898384110794,0.856531026833966,0.858027468236969
"5","brick_sbtm",11.08,0.928112071074273,0.00653492849170297,0.919294160025838,0.92447666320731,0.928315141360012,0.932692222466328,0.935782168311877
"6","gseal",12.97,0.915860057172778,0.00305967908537856,0.912728138582674,0.913729451505965,0.914575703253921,0.919039214909322,0.919227777612008
"7","hseal",13.91,0.909775184997606,0.00330246544081411,0.905061913508411,0.908042703142927,0.910379946285108,0.911994125565657,0.913397236485925
