"","var","importance","mean","sd","min","q25","med","q75","max"
"1","log_depth",16.62,0.843105815363274,0.00286422455508485,0.838737335409011,0.841827419507813,0.844010488814202,0.845345500266977,0.845608332818369
"2","brick_tbtm",14.32,0.864821246749225,0.00249069042401256,0.861348784532446,0.863322207198585,0.865697981373743,0.866044974096089,0.867692286545263
"3","brick_mld",15.11,0.857349473565207,0.00310000543876931,0.852931707815182,0.856353673606771,0.856822262912945,0.860258623904526,0.860381099586612
"4","brick_sss",12.8,0.879179910436611,0.00161785246151585,0.876558422140528,0.878890455048889,0.879558622681548,0.880159425347876,0.880732626964215
"5","brick_sbtm",12.25,0.884373238188479,0.00200050852068423,0.8823938801908,0.882514739945987,0.884254510258003,0.885721098638404,0.8869819619092
"6","gseal",12.98,0.877499085488226,0.00207696704165445,0.875648629382753,0.876358890351624,0.876436811499552,0.87826273217667,0.880788364030532
"7","hseal",15.91,0.849857281518365,0.00210701601279909,0.847609117666263,0.848664798359199,0.848935602939249,0.851361179431652,0.85271570919546
