"","var","importance","mean","sd","min","q25","med","q75","max"
"1","log_depth",16.56,0.8539538554303,0.00166959051931198,0.852312582069429,0.852360576854338,0.854281368268883,0.854517118745473,0.856297631213374
"2","brick_tbtm",13.37,0.88204703041904,0.00216950974174356,0.87947872201573,0.88085950942224,0.882126357463531,0.88246119446112,0.88530936873258
"3","brick_mld",17.95,0.841673888973675,0.00479290355328139,0.834013487494387,0.840241020128498,0.843186223207985,0.845209030663788,0.845719683373719
"4","brick_sss",11.64,0.897315261763098,0.00298948207200151,0.892792541787368,0.896607107300606,0.897361262298157,0.899086736240332,0.900728661189028
"5","brick_sbtm",11.62,0.897485948815706,0.00255397264431039,0.894426371049622,0.895991116558743,0.89777126333067,0.897992372973797,0.901248620165695
"6","gseal",13.86,0.877776823025951,0.00328866510630302,0.87355418399016,0.875461224245087,0.87839404861832,0.87969847537716,0.881776182899025
"7","hseal",14.99,0.86784476489419,0.00316790193324172,0.863301970499666,0.867066098303615,0.867729523376386,0.86913011921536,0.871996113075922
