"","var","importance","mean","sd","min","q25","med","q75","max"
"1","log_depth",2.05,0.978670034031644,0.000776712967898271,0.977533818237702,0.97833478632101,0.978724599090525,0.979339903261221,0.97941706324776
"2","brick_tbtm",4.21,0.95605299855076,0.00170512939297471,0.954181587768234,0.954217632692602,0.957015270436588,0.957242222952276,0.957608278904099
"3","brick_mld",4,0.958295398028438,0.00270923321469459,0.954681312774119,0.957088970637756,0.957801580476369,0.960463793919941,0.961441332334003
"4","brick_sss",18.19,0.810307520122048,0.00314732889550077,0.804871325078726,0.810350386197677,0.811747414399232,0.811983784308882,0.812584690625725
"5","brick_sbtm",12.57,0.868902330958075,0.00175795116464979,0.866030648259834,0.868460448421595,0.869620142366424,0.870066931256218,0.870333484486304
"6","gseal",27.26,0.715754475304783,0.00358668108580385,0.711253499280725,0.714106217995312,0.715543581800789,0.716908273100169,0.720960804346921
"7","hseal",31.71,0.669303285684596,0.00670076657248346,0.658683658381897,0.667225505286952,0.671169838410213,0.674288767601369,0.675148658742546
