"","var","importance","mean","sd","min","q25","med","q75","max"
"1","log_depth",8.73,0.923511233912901,0.00433789683813325,0.918562648197945,0.920086026203167,0.923104523466749,0.927492334299329,0.928310637397318
"2","brick_tbtm",9.37,0.917891453129296,0.00598659830530735,0.912261648540411,0.912475161771309,0.916616660592575,0.922502819779661,0.925600974962525
"3","brick_mld",4.92,0.956857499102424,0.00293733737033767,0.952805687262517,0.954762456639046,0.958045902393834,0.959336177916283,0.959337271300439
"4","brick_sss",14.4,0.873748913855446,0.00678648720147338,0.864519942187644,0.871685551188078,0.872254880928192,0.877816530638733,0.882467664334584
"5","brick_sbtm",4.83,0.957690050653739,0.00337406324957183,0.952301816533181,0.956752671794223,0.958890933756297,0.959527185698101,0.960977645486895
"6","gseal",6.79,0.940469840778978,0.00989555448214492,0.929980631871313,0.931940895329365,0.939915750789332,0.947333789964673,0.953178135940205
"7","hseal",50.96,0.553381360699879,0.018254721833328,0.539847440504195,0.540564202686225,0.541464324504933,0.565057103758156,0.579973732045888
