"","var","importance","mean","sd","min","q25","med","q75","max"
"1","log_depth",9.11,0.873581056899835,0.0105870946268365,0.856682031276598,0.872326439846215,0.876433141236133,0.876989670897814,0.885474001242417
"2","brick_tbtm",4.54,0.937065525698388,0.00866297588167615,0.923845142184432,0.935420367578006,0.939006734584841,0.939319602328814,0.947735781815848
"3","brick_mld",10.85,0.849500786862773,0.027181973726491,0.818756446161972,0.826751280144967,0.851010475518746,0.867149344785113,0.883836387703067
"4","brick_sss",8.76,0.878408453061456,0.00939982728299527,0.868394762324294,0.87576796732128,0.876618374776048,0.877304170154372,0.893956990731288
"5","brick_sbtm",9.85,0.863387015936675,0.0192829792671727,0.849684617256026,0.850483059880478,0.852995672578304,0.868834610308863,0.894937119659701
"6","gseal",18.25,0.746738788226745,0.0145258944299229,0.731842239937575,0.741016601391537,0.74272266118801,0.747441823724385,0.770670614892218
"7","hseal",38.64,0.46390315514864,0.0512272602475524,0.391583693821187,0.428313577325206,0.492389737113199,0.499445599221211,0.507783168262394
