"","var","importance","mean","sd","min","q25","med","q75","max"
"1","log_depth",0,1,0,1,1,1,1,1
"2","brick_tbtm",2.13,0.979680877446897,0.000737000080505394,0.978951905128983,0.979199245250172,0.979491038208804,0.979938015825012,0.980824182821516
"3","brick_mld",0,1,0,1,1,1,1,1
"4","brick_sss",0,1,0,1,1,1,1,1
"5","brick_sbtm",0,1,0,1,1,1,1,1
"6","gseal",5.46,0.947870478732866,0.00427328324535488,0.943141403036128,0.944928511137456,0.946962800550266,0.950676033932381,0.9536436450081
"7","hseal",92.41,0.118087851200424,0.0529321173598523,0.0519403613128271,0.0781419937348218,0.130712464708154,0.146000803774875,0.183643632471443
