"","var","importance","mean","sd","min","q25","med","q75","max"
"1","log_depth",5.69,0.927308375485404,0.00299117318670823,0.924608435352826,0.925561508935865,0.925705479694605,0.928820196030076,0.931846257413647
"2","brick_tbtm",2.97,0.962040007563088,0.00333935233981841,0.957622961356535,0.959764904697454,0.962480927996437,0.964861183562244,0.965470060202772
"3","brick_mld",4.22,0.946123210089051,0.00423428376473488,0.939198261898855,0.945540492284984,0.947036321265744,0.948770749133901,0.950070225861771
"4","brick_sss",8.04,0.897362348116222,0.0131953446624697,0.882874252890725,0.883395793326382,0.903127458921071,0.908053347998851,0.909360887444083
"5","brick_sbtm",7.66,0.902224513293281,0.0200735381316989,0.87073476759209,0.894918279966461,0.909402958221772,0.915254944520213,0.920811616165871
"6","gseal",12.75,0.837248781330322,0.024063053721979,0.807261740426459,0.816250024830105,0.849321590924809,0.850660079649258,0.862750470820978
"7","hseal",58.66,0.251243398839673,0.063945861528127,0.160260338799784,0.208405420408094,0.284929415692305,0.29441800723889,0.30820381205929
