"","var","importance","mean","sd","min","q25","med","q75","max"
"1","log_depth",3.09,0.974710478763527,0.00266921024996497,0.970737531383772,0.973541914656821,0.975150013800664,0.97683630241902,0.977286631557359
"2","brick_tbtm",3.18,0.973948331092119,0.00262959026071287,0.970827846482284,0.971502727500188,0.975061082138909,0.975547999738274,0.97680199960094
"3","brick_mld",4.72,0.961317400351398,0.00377228580076409,0.956874118863557,0.958833273266633,0.960526022186228,0.964633282384074,0.965720305056499
"4","brick_sss",18.51,0.848378757831921,0.0312147672839115,0.811363335776737,0.831553985865545,0.844712656783356,0.86014212783067,0.894121682903294
"5","brick_sbtm",7.78,0.936264336232298,0.00529895770919102,0.927389925062771,0.936164093336162,0.938157546564574,0.938240941585699,0.941369174612287
"6","gseal",11.64,0.904669534980306,0.00965975026204487,0.890535752186857,0.903603745278877,0.904070647529652,0.907711345769165,0.91742618413698
"7","hseal",51.09,0.581442632028685,0.0588474815706401,0.505041390726294,0.570030190285546,0.571370461657841,0.591704542176835,0.669066575296907
