"","var","importance","mean","sd","min","q25","med","q75","max"
"1","hseal",48.84,0.248452419154461,0.0630891151889578,0.172800223574901,0.189312744820019,0.272920744593593,0.300799154769917,0.306429228013873
"2","sss",21.43,0.670306731418096,0.0260263954435923,0.641243208401681,0.656541579672859,0.658650131999339,0.692299301595232,0.702799435421369
"3","gseal",21.16,0.674399074887995,0.00695236974801361,0.664285299256387,0.673250626091223,0.67340798253545,0.677910371145889,0.683141095411026
"4","tbtm",5.76,0.91129769614643,0.00471233464535431,0.908006112979346,0.908311512518435,0.9092954583876,0.911514409937689,0.919360986909083
"5","sbtm",2.1,0.967711467716698,0.00140103415348433,0.966622782557158,0.966720923545678,0.967008432432922,0.968290067912731,0.969915132135
"6","mld",0.71,0.98911835740387,0.00103148409514552,0.98793416289979,0.988274082998755,0.989079846582311,0.990112884643092,0.990190809895403
"7","log_depth",0,1,0,1,1,1,1,1
