"","var","importance","mean","sd","min","q25","med","q75","max"
"1","sbtm",28.27,0.442711496593364,0.0153214798838211,0.425258241856348,0.426720755373714,0.452489771052575,0.453314877928851,0.455773836755331
"2","hseal",19.9,0.607844534231252,0.0163772179074676,0.593639549444404,0.595944426059903,0.602318362746605,0.613693926392698,0.633626406512648
"3","log_depth",18.05,0.64421405454995,0.0139482475630025,0.625840789258504,0.633256291800654,0.649246461449278,0.656244233915432,0.656482496325883
"4","sss",17.04,0.664214928197095,0.00898869927750061,0.65305508547313,0.657157510587823,0.666586967438539,0.669164700033678,0.675110377452306
"5","mld",10.25,0.797929158060944,0.0127674891077427,0.783251307146149,0.785036014649844,0.804275511201742,0.806985239105186,0.810097718201799
"6","tbtm",6.14,0.878961473150881,0.0063284784247478,0.868055166538863,0.879585742610594,0.881084282086995,0.88180243878279,0.884279735735163
"7","gseal",0.35,0.993107335958513,0.00105791485006926,0.992064497759944,0.992417756925838,0.993004944304881,0.993243728654387,0.994805752147516
