"","var","importance","mean","sd","min","q25","med","q75","max"
"1","sbtm",40.17,0.233899517877894,0.040781963477749,0.170056804820961,0.229309799105987,0.232737104168227,0.260553103003562,0.276840778290731
"2","sss",21.25,0.594745181111469,0.013100406483606,0.581286633886916,0.581521065087078,0.596134499144896,0.605310267613987,0.609473439824469
"3","hseal",20.35,0.611982864487627,0.0151239462431915,0.594835038351597,0.600657957369539,0.609748412822966,0.624492589827828,0.630180324066205
"4","log_depth",7.42,0.858554218491883,0.00240985038790588,0.855266664681047,0.856936192738484,0.859384409031176,0.859955562477242,0.861228263531467
"5","mld",5.79,0.889552416954246,0.00732352050704786,0.880268973250721,0.88370797123524,0.891186510230912,0.89580717192821,0.896791458126149
"6","tbtm",3.98,0.924169457446228,0.00254868545013282,0.9203658944094,0.92300285526164,0.924713375069531,0.926204455753245,0.926560706737324
"7","gseal",1.05,0.979948424646691,0.00308661613852518,0.976967885142976,0.978068400559983,0.978340080300727,0.982138720109995,0.984227037119776
