"","var","importance","mean","sd","min","q25","med","q75","max"
"1","sss",28.42,0.519961674339969,0.0264104400754343,0.492729346178368,0.498143081787343,0.520254522168251,0.530490907423189,0.558190514142695
"2","sbtm",22.18,0.625415094262015,0.0198492879169635,0.594383550297596,0.621431290773651,0.628656607322162,0.634904596774724,0.647699426141941
"3","log_depth",17.23,0.709029563991971,0.00750467430790568,0.696539212980121,0.708241829587742,0.710900609688032,0.71452087829558,0.71494528940838
"4","mld",15.53,0.737712054853739,0.0169612579796625,0.717775272994828,0.720883215181016,0.746776526924395,0.750111685281157,0.753013573887299
"5","gseal",15.28,0.74187049327893,0.0268842862403285,0.710277427535792,0.725145806000624,0.745207099982038,0.747179132428021,0.781543000448175
"6","tbtm",1.35,0.97717211293688,0.00155521449089543,0.975119734785973,0.975869756333409,0.978236742140375,0.978244184222177,0.978390147202468
"7","hseal",0,0.999982550884632,1.05714380371844e-06,0.999981400307865,0.999982037324248,0.999982386045923,0.999982696317042,0.999984234428079
