"","var","importance","mean","sd","min","q25","med","q75","max"
"1","sss",29.51,0.48457086172877,0.0304033160518433,0.453454156560368,0.457397154386331,0.48221744756338,0.506336742653404,0.523448807480367
"2","sbtm",21.52,0.624166515742413,0.026338713497927,0.58611597084536,0.615291062364956,0.624556466463493,0.638342241878454,0.6565268371598
"3","log_depth",16.41,0.713382824322097,0.0179938587571585,0.688805958258732,0.699663816337032,0.723961303210481,0.725390701343778,0.729092342460462
"4","gseal",16.11,0.718638180833204,0.0316182094620869,0.671814788328998,0.709829317558397,0.716473631005418,0.74234534701011,0.752727820263096
"5","mld",15.07,0.736820282000448,0.0184470491223849,0.714987390477386,0.728045907398572,0.736851825259885,0.739068372077233,0.765147914789164
"6","tbtm",1.4,0.975619265220352,0.00203452757861718,0.972816200572242,0.974521553882949,0.976260403950925,0.976307969645897,0.978190198049747
"7","hseal",0,0.999982222538029,1.38299216699388e-06,0.999980673756656,0.999980839991495,0.999982892387921,0.99998294421079,0.999983762343285
