"","var","importance","mean","sd","min","q25","med","q75","max"
"1","brick_sst",0.83,0.991435570135982,0.000304771871985338,0.991065444381316,0.991185940647504,0.991480312566241,0.991673509075906,0.991772644008941
"2","dfs",83.48,0.140604873837149,0.0136744308909515,0.124071954372273,0.130778169434999,0.142614849312677,0.14655209795264,0.159007298113157
"3","brick_u",10.25,0.894433383057986,0.00484509253510892,0.887930837827141,0.890872896021705,0.89658681441257,0.897159085392947,0.899617281635567
"4","brick_v",1.86,0.980891146365348,0.00119042704791104,0.979861563458775,0.980098786109889,0.980366115773308,0.981375144132272,0.982754122352496
"5","brick_xbtm",3.57,0.963208650537804,0.00239552960398646,0.960355429255617,0.962124147504648,0.962536501487513,0.964382220955689,0.966644953485553
