"","var","importance","mean","sd","min","q25","med","q75","max"
"1","brick_sst",11.89,0.807282458755119,0.00597583570149289,0.799817865473801,0.804410500548133,0.805392669430114,0.812865938689745,0.8139253196338
"2","dfs",49,0.205661524990592,0.0158394256018724,0.180450838992711,0.20086235764559,0.212224973263311,0.213710961793201,0.221058493258147
"3","brick_u",10.56,0.828884257925025,0.0157411403098448,0.811439050505842,0.819607171919376,0.825974723522324,0.834946703791168,0.852453639886415
"4","brick_v",11.15,0.819218633272275,0.0107935588009193,0.803687569844927,0.813041005675174,0.82330935727672,0.825316876237397,0.830738357327157
"5","brick_xbtm",17.41,0.717808979256733,0.00963854069512883,0.708226310427888,0.711375515240635,0.715344766972106,0.721501406984239,0.732596896658798
