"","var","importance","mean","sd","min","q25","med","q75","max"
"1","brick_sst",23.87,0.612184749171101,0.00553324086126211,0.604505543034367,0.60819723103654,0.615221313290783,0.615746186036606,0.61725347245721
"2","dfs",51.33,0.166212166500428,0.00900101926862899,0.15673746391567,0.160796432107359,0.161836448829105,0.175503219856982,0.176187267793025
"3","brick_u",6.91,0.887783195363,0.00634951231921559,0.879414275701025,0.882666479342504,0.890985422504759,0.89194583800365,0.893903961263059
"4","brick_v",8.98,0.854212286282816,0.00237604645483815,0.851086562630757,0.853105535032562,0.853969492116404,0.855579755684216,0.857320085950138
"5","brick_xbtm",8.91,0.855246772452047,0.00464513421942959,0.849845603106729,0.853909605515227,0.854040948496094,0.855876728276921,0.862560976865262
