"","var","importance","mean","sd","min","q25","med","q75","max"
"1","brick_sst",14.96,0.831209018859195,0.00601090353792933,0.822982590546878,0.82824980561654,0.832598241625728,0.833092437287053,0.839122019219774
"2","dfs",65.62,0.259795752013091,0.0104557061608043,0.243997050268478,0.254950025056471,0.263091292743338,0.267275505011058,0.269664886986109
"3","brick_u",8.03,0.90943807186872,0.00762615891667829,0.901232007600459,0.905236713150427,0.906974594005706,0.912936408870273,0.920810635716733
"4","brick_v",4.51,0.949107172280409,0.00469801103979588,0.943891339010361,0.945315196978721,0.950234799638518,0.950365745957193,0.955728779817252
"5","brick_xbtm",6.87,0.922471848568498,0.00514135537102694,0.916066582459833,0.917706954602219,0.925787269688894,0.926114602037391,0.926683834054151
