"","var","importance","mean","sd","min","q25","med","q75","max"
"1","brick_sst",30.44,0.630972927358564,0.00464128746264608,0.62639054302036,0.628695085687204,0.629812010980257,0.631346033851623,0.638620963253373
"2","dfs",61.42,0.255297579517243,0.00824803174983255,0.243027376870673,0.25224780559989,0.255643237851001,0.262669555870333,0.262899921394316
"3","brick_u",3.12,0.962117142196251,0.00471571269896453,0.955915589849378,0.960306199209144,0.96065803174103,0.966515041562024,0.96719084861968
"4","brick_v",1.8,0.978236022911821,0.00131980968329206,0.97651757673401,0.977677166812112,0.977858674647147,0.979428744076753,0.979697952289083
"5","brick_xbtm",3.22,0.960916175779989,0.00160799992307206,0.959409944844141,0.95947933250904,0.961125218132888,0.961227672640635,0.96333871077324
