"","var","importance","mean","sd","min","q25","med","q75","max"
"1","log_depth",20.04,0.910562017352464,0.00566524922420875,0.901764897603717,0.908710753534373,0.912157548415738,0.913667015995794,0.916509871212696
"2","brick_tbtm",11.93,0.94672847286186,0.00311837543466027,0.944102505559152,0.945248328139089,0.945498349398999,0.946745211681455,0.952047969530603
"3","brick_mld",16.8,0.924996296450572,0.00278376212594015,0.921484257357965,0.923310328973465,0.925124950426729,0.926315509529284,0.928746435965415
"4","brick_sss",11.98,0.946518051732864,0.00643138493861826,0.938940697926432,0.94230847410683,0.945074213733235,0.952540681708101,0.95372619118972
"5","brick_sbtm",8.2,0.963412455746473,0.00473309157141488,0.959672824486655,0.96117591787607,0.96194095452287,0.962623948572246,0.971648633274524
"6","gseal",16.36,0.926981227892099,0.00548849541980416,0.917353005441999,0.927900568974297,0.928913809062678,0.930014075193247,0.930724680788271
"7","hseal",14.7,0.934400940109893,0.00309648888940314,0.931814481869154,0.932344281260444,0.932563249871744,0.936405256259002,0.938877431289122
