"","var","importance","mean","sd","min","q25","med","q75","max"
"1","log_depth",26.97,0.630695873470489,0.0214695921441819,0.601643797320725,0.615036610360175,0.637943201418884,0.64908286941069,0.649772888841971
"2","brick_tbtm",30.09,0.588005924009746,0.0228761913795656,0.564838728036967,0.576009898888995,0.580667469649158,0.594163587458458,0.624349936015153
"3","brick_mld",17.5,0.760332247746085,0.00884376671169126,0.749124155268725,0.754136500722347,0.762190500120611,0.764601152113227,0.771608930505515
"4","brick_sss",3.47,0.95252865698898,0.00172265564435176,0.950354189343268,0.951174155967079,0.952874960927679,0.953872417637366,0.954367561069507
"5","brick_sbtm",2.81,0.961581939100446,0.00397343189657827,0.957253163445257,0.959569924029338,0.959683311875663,0.9645147716286,0.966888524523369
"6","gseal",4.87,0.933349567201752,0.00285408187239656,0.928856465370521,0.932590378538869,0.933847378250949,0.9353604405714,0.93609317327702
"7","hseal",14.3,0.804122098960635,0.0163049829795028,0.790910414246892,0.791963945083657,0.796786077485433,0.811746148516543,0.82920390947065
