"","var","importance","mean","sd","min","q25","med","q75","max"
"1","log_depth",18.64,0.889584528928857,0.00641105069754658,0.881621108994292,0.88731113844066,0.888946656648083,0.890762429013152,0.899281311548099
"2","brick_tbtm",13.59,0.919459482085725,0.00446596980624298,0.914763027059071,0.917602072562065,0.918143433312836,0.920110147875987,0.926678729618667
"3","brick_mld",8.81,0.947813283599844,0.00493865201266479,0.943198498378332,0.944992715512905,0.945645608562595,0.949656639894572,0.955572955650815
"4","brick_sss",12.39,0.926589291493223,0.00559752453510782,0.922726108220859,0.923232031034942,0.925201232676823,0.925409298262033,0.936377787271456
"5","brick_sbtm",26.05,0.845648960684412,0.00583086586165618,0.839297934034994,0.842983895894227,0.843248640593158,0.848388234462776,0.854326098436903
"6","gseal",10.23,0.939417425849893,0.00674186943026184,0.930419384736252,0.935334758241649,0.939524158659362,0.945855029618274,0.945953797993929
"7","hseal",10.29,0.93905118292463,0.00807089806247414,0.927160084862793,0.936941505455456,0.939826488653358,0.942013506528349,0.949314329123194
