"","var","importance","mean","sd","min","q25","med","q75","max"
"1","log_depth",16.23,0.947298332078081,0.00285918931964375,0.942452832596829,0.947284543705934,0.948172126011911,0.948783534857529,0.9497986232182
"2","brick_tbtm",12.3,0.960044472179194,0.00146831013692774,0.957624791760075,0.960087891974931,0.960170693390482,0.960838033327259,0.961500950443223
"3","brick_mld",15.5,0.949674164379894,0.00250412646635798,0.946137221179799,0.948947024319929,0.949308655365554,0.95121638740813,0.95276153362606
"4","brick_sss",10.59,0.965594868801156,0.0017968108310178,0.962966834329878,0.964958665424286,0.965514136779139,0.967236797596531,0.967297909875947
"5","brick_sbtm",14.74,0.952118873304165,0.00255275984810128,0.950077301266778,0.951046161669354,0.951385095085044,0.951512550114684,0.956573258384965
"6","gseal",15.25,0.95047942116777,0.00127379729673731,0.948493796232526,0.949978293053822,0.9509192921587,0.951439407985987,0.951566316407817
"7","hseal",15.38,0.950038277224063,0.00165870008174995,0.947965567083894,0.949423045500151,0.949738638394247,0.950589225109109,0.952474910032911
