"","var","importance","mean","sd","min","q25","med","q75","max"
"1","log_depth",16.62,0.942052797508229,0.00386258569038616,0.937118262701974,0.940495906723634,0.940794715251948,0.94512302570409,0.946732077159497
"2","brick_tbtm",15.25,0.946814154618146,0.00415159582378246,0.942420291538223,0.944153782157244,0.946916843280018,0.947257863565074,0.95332199255017
"3","brick_mld",12.55,0.956232436584028,0.00227469088326345,0.95294922939399,0.955579882982679,0.955979294194743,0.957755021579576,0.958898754769154
"4","brick_sss",9.3,0.967580443099699,0.00113497058212618,0.965886488789714,0.967211370939028,0.967707913925446,0.968189402871896,0.968907038972411
"5","brick_sbtm",18.71,0.934766143397694,0.00420513105142721,0.92966328692747,0.93365506888925,0.933885550503766,0.935353903721773,0.941272906946209
"6","gseal",12.56,0.956215486482486,0.00210682126250823,0.953027565048004,0.955505323328691,0.956428927129517,0.957701612471583,0.958414004434634
"7","hseal",15.01,0.947682519701969,0.00176059701424531,0.94579758448603,0.946174454158181,0.947480763909828,0.94929318670297,0.949666609252834
