"","var","importance","mean","sd","min","q25","med","q75","max"
"1","dfs",90.59,0.104499399390376,0.0953492903779563,-0.0163149022330948,0.0684094392477415,0.0830077420842598,0.148459516925127,0.238935200927849
"2","sst",6.71,0.933640621071144,0.0138380300758498,0.909214831412192,0.936218910906834,0.939406250320879,0.941415318341221,0.941947794374595
"3","v",2.69,0.973382181646395,0.00339042706219068,0.968033625659939,0.972709198087426,0.9739708368383,0.975145892614754,0.977051355031557
"4","u",0,1,0,1,1,1,1,1
"5","xbtm",0,1,0,1,1,1,1,1
