"","var","importance","mean","sd","min","q25","med","q75","max"
"1","log_depth",12.75,0.864493346581322,0.00149065931178542,0.862953045781285,0.863599298570726,0.86388580184513,0.865413983620582,0.866614603088884
"2","brick_tbtm",16.3,0.826749288580937,0.0042151041921699,0.8203221862113,0.825611849727192,0.826784718406192,0.830266875767462,0.830760812792539
"3","brick_mld",9.11,0.903124012198528,0.00210659301280433,0.899494966022956,0.903543737327701,0.90359158900151,0.904032508746137,0.904957259894336
"4","brick_sss",22.78,0.757854082236344,0.004092732359432,0.750691170034996,0.758406139180865,0.759465338502844,0.759969425751461,0.760738337711553
"5","brick_sbtm",14.81,0.842583844310101,0.0019726093492097,0.840904991771302,0.841442746092599,0.842127094793049,0.842509433937055,0.845934954956498
"6","gseal",13.97,0.85152987164234,0.00492190195709331,0.843599260861477,0.851320720456263,0.852011292955911,0.853874911472385,0.856843172465662
"7","hseal",10.27,0.890840669718931,0.00337085621536743,0.886196022943074,0.89019860835525,0.890350765693332,0.891920513744393,0.895537437858608
