"","var","importance","mean","sd","min","q25","med","q75","max"
"1","log_depth",22.88,0.643588809569689,0.013450740883165,0.634506113259626,0.634536848585418,0.640048732209075,0.641939641300721,0.666912712493602
"2","brick_tbtm",12.09,0.811597975623617,0.00352564639506242,0.805879689342138,0.811046677144016,0.812233350547073,0.813944899481047,0.81488526160381
"3","brick_mld",6.77,0.894585452516495,0.00187663243749435,0.891605272854772,0.894353230864645,0.894796396608322,0.895537214200669,0.896635148054069
"4","brick_sss",0.99,0.984528162849371,0.000491168435501258,0.98366350609885,0.984605762070417,0.984748964556892,0.984777700800471,0.984844880720225
"5","brick_sbtm",0.48,0.992464596258058,9.37032070230736e-05,0.992309646460091,0.992466889279129,0.992474949706276,0.992514841540316,0.992556654304478
"6","gseal",24.61,0.61668460108488,0.0110375292736451,0.603721522136131,0.6073382396071,0.618293462446246,0.624290177566451,0.629779603668474
"7","hseal",32.17,0.498816171329781,0.00542113266573644,0.493101592490146,0.496177435660701,0.497935195881658,0.4992786077126,0.5075880249038
