"","var","importance","mean","sd","min","q25","med","q75","max"
"1","log_depth",28.8,0.776077507306304,0.0069072617069418,0.768295377919199,0.770002629081891,0.776441875211911,0.781770986519302,0.783876667799215
"2","brick_tbtm",13.91,0.891827842618794,0.00169939475712398,0.890136599770673,0.890865526544,0.891620059141539,0.891911554015449,0.894605473622309
"3","brick_mld",5.63,0.956247814922475,0.00159065013931153,0.95410305802553,0.954989022381144,0.957215147617775,0.957337817671746,0.957594028916182
"4","brick_sss",12.31,0.904303195585875,0.00185761754874341,0.902608204281669,0.903398798735025,0.903656770096432,0.904438398871861,0.907413805944389
"5","brick_sbtm",23.05,0.82074576764173,0.0032368436649642,0.817344690858817,0.817679365697062,0.82181853650448,0.821825067695532,0.825061177452759
"6","gseal",5.21,0.959484211053765,0.00149568770873047,0.958492446951081,0.958797921528508,0.958850637499149,0.959153331674778,0.962126717615307
"7","hseal",11.09,0.913749845334204,0.00167962166484367,0.911148825964505,0.913073938084661,0.914275103496381,0.915107965291973,0.9151433938335
