"","var","importance","mean","sd","min","q25","med","q75","max"
"1","log_depth",5.56,0.980412306967054,0.00183100839635201,0.978233854422793,0.979034579690855,0.980918027753153,0.980973644534578,0.982901428433889
"2","brick_tbtm",10.06,0.964599702825107,0.00154728370869376,0.963059041568838,0.963077453602265,0.96455467405239,0.965989664965152,0.966317679936891
"3","brick_mld",5.43,0.980904366334674,0.000777241393010989,0.97981836862567,0.980469897514552,0.980992353596791,0.981535393384237,0.981705818552117
"4","brick_sss",55.39,0.805048818116844,0.00736404040714834,0.795631596309665,0.800588406026833,0.804283321886463,0.811850571941394,0.812890194419867
"5","brick_sbtm",4.6,0.983806514497246,0.000980134672240078,0.982413387576606,0.983287555682808,0.984015553025075,0.984394738809535,0.984921337392207
"6","gseal",6.78,0.976123395875607,0.00110111333377318,0.974807664254845,0.975203593564265,0.976509434687877,0.976593569876181,0.977502716994866
"7","hseal",12.18,0.957117732735233,0.00203052785757699,0.95501198061114,0.955012907480368,0.957917511955377,0.958057862803483,0.959588400825799
