"","var","importance","mean","sd","min","q25","med","q75","max"
"1","log_depth",7.97,0.928229616212922,0.00115054242459353,0.927071469359293,0.927103191247322,0.928344957384345,0.928915001178546,0.929713461895105
"2","brick_tbtm",11.5,0.896456911418182,0.00267855994114832,0.893225474289295,0.894315089829411,0.896619557701403,0.898878569857248,0.89924586541355
"3","brick_mld",7.82,0.929569508420888,0.00300925103740127,0.926069679205994,0.926643583231323,0.930665242577109,0.93217396604038,0.932295071049632
"4","brick_sss",27.41,0.753265309679488,0.00435712860175988,0.748515433330769,0.748561142055769,0.755528735044417,0.756491723410626,0.75722951455586
"5","brick_sbtm",15.94,0.856534309595323,0.00256891491415733,0.853767262460127,0.854741573487365,0.85620455938077,0.857662957252331,0.86029519539602
"6","gseal",11.05,0.900518392869187,0.00111454567111464,0.89932198349275,0.899557970508677,0.900660709020792,0.900993837115296,0.902057464208418
"7","hseal",18.31,0.83513492957512,0.00546222613037122,0.82912039818752,0.832107642239278,0.832629335119234,0.840182267929447,0.841635004400123
