"","var","importance","mean","sd","min","q25","med","q75","max"
"1","log_depth",1.08,0.993389264815324,0.000166483544444562,0.993186352592498,0.993256279497814,0.993405130999688,0.993532744967477,0.993565816019143
"2","brick_tbtm",1.18,0.992804243198368,0.000239852184632631,0.99246668836658,0.992639779210142,0.992914310895274,0.992990297201302,0.993010140318541
"3","brick_mld",4.57,0.972112101886074,0.000799588170205346,0.971139526961001,0.971702271318859,0.971982413481868,0.972491672519703,0.973244625148937
"4","brick_sss",77.41,0.527466319000886,0.0151699785722113,0.504449272321878,0.527446522377535,0.527795585692152,0.530671403867629,0.546968810745237
"5","brick_sbtm",3.79,0.976852404372873,0.0015161566095579,0.974356340469387,0.976574937375955,0.977373431925698,0.977779601860652,0.978177710232671
"6","gseal",11.04,0.932585116241345,0.00209037184326769,0.929278021243724,0.93219770558542,0.932724755110533,0.934198818921917,0.934526280345128
"7","hseal",0.92,0.994367180267922,0.000530826945800722,0.993484915515843,0.994333114083705,0.994472368757865,0.994711445963903,0.994834057018294
