"","var","importance","mean","sd","min","q25","med","q75","max"
"1","log_depth",46.53,0.400713274203235,0.0138302140538354,0.382178282898822,0.397218381193732,0.397652668528827,0.406731442812223,0.419785595582571
"2","brick_tbtm",16.38,0.788961658011737,0.00201875007039844,0.787852972233791,0.787858390374824,0.788110441793719,0.788439106683178,0.79254737897317
"3","brick_mld",4.17,0.946244830018326,0.00131077310882282,0.945295512585169,0.945397260631665,0.945714096938341,0.946345074663233,0.948472205273223
"4","brick_sss",2.43,0.968671143581421,0.00112256544854316,0.966675901744108,0.969030424291543,0.969056447912367,0.969294293840127,0.969298650118958
"5","brick_sbtm",10.79,0.860988004885601,0.00247300201463077,0.856723701948973,0.8613619415664,0.861437579519689,0.862615646081607,0.862801155311335
"6","gseal",3.48,0.955119573297973,0.00115778879862237,0.953980537566989,0.954421206564714,0.954936035956921,0.955263730233387,0.956996356167857
"7","hseal",16.21,0.791205528464705,0.0080453276052453,0.781975700839245,0.784371945427553,0.791881537630954,0.796877032488586,0.800921425937187
