"","var","importance","mean","sd","min","q25","med","q75","max"
"1","log_depth",18.53,0.911800946280644,0.00295245557503515,0.908691787724204,0.909775036576515,0.911608466667866,0.912611565196935,0.916317875237698
"2","brick_tbtm",13.92,0.933735091140024,0.00226821579842707,0.93060712237668,0.933130610805844,0.933638577611713,0.934406625487482,0.936892519418403
"3","brick_mld",8.31,0.960464853972832,0.00189988017002947,0.957548365305584,0.960272875909408,0.960649831209914,0.961035586673958,0.962817610765297
"4","brick_sss",11.68,0.944404248209011,0.00310472076052158,0.939318593929616,0.943854546236914,0.945437543680571,0.946099501803054,0.9473110553949
"5","brick_sbtm",21.51,0.897620734002988,0.00555252172000069,0.892789216286615,0.893630037600777,0.896784860222567,0.898165227061391,0.906734328843589
"6","gseal",10.63,0.949389899469629,0.00183211440876516,0.946758309493626,0.948824495885186,0.94915193346952,0.950771578413407,0.951443180086405
"7","hseal",15.41,0.926670479749244,0.00313357655599401,0.922718255589321,0.924379380947189,0.927168166715916,0.928633863915889,0.930452731577906
