"","var","importance","mean","sd","min","q25","med","q75","max"
"1","log_depth",12.48,0.861886085648844,0.0143017071839849,0.840082565879077,0.858508515081766,0.861419725691816,0.873651389489863,0.8757682321017
"2","brick_tbtm",18.56,0.794680882504784,0.00534021509004476,0.789688259472776,0.791409142897114,0.792838246748565,0.796272445162714,0.803196318242749
"3","brick_mld",0.76,0.991590946670221,0.000465107402840586,0.990842772509568,0.991430868213529,0.991852697825967,0.991879454342122,0.991948940459919
"4","brick_sss",20.97,0.767967405755685,0.0248960768991629,0.736769257010478,0.747397471127829,0.776601566637461,0.783289548538025,0.795779185464632
"5","brick_sbtm",27.8,0.692470668756481,0.025696550629101,0.668337881823911,0.681013043849107,0.686426760179005,0.690656599059574,0.735919058870808
"6","gseal",3.94,0.956423397690482,0.00272262268446823,0.952016329715169,0.955627798119986,0.957615634917529,0.958171450414885,0.958685775284843
"7","hseal",15.49,0.828685145968479,0.00801710586099492,0.816548595569388,0.826537466064571,0.828770815857062,0.834304449362431,0.837264402988943
