"","var","importance","mean","sd","min","q25","med","q75","max"
"1","log_depth",3.66,0.963837465783618,0.0012038861647356,0.961937228243458,0.96364752307554,0.963855080144128,0.964839750904065,0.964907746550901
"2","brick_tbtm",11.92,0.882322187522479,0.00274589118722048,0.879587305754169,0.880294129423333,0.882245377240648,0.882891443088026,0.886592682106221
"3","brick_mld",0.31,0.996908688691117,0.000285396111598838,0.996660435448048,0.996686405844092,0.996860815184626,0.996970284914509,0.997365502064309
"4","brick_sss",21.41,0.788701801040669,0.0227866521656736,0.760900610719473,0.77807322425984,0.789041930715595,0.792490025898505,0.823003213609934
"5","brick_sbtm",39.47,0.610376807629687,0.0213789033258135,0.590403555101128,0.592944564329851,0.611904024064191,0.612832758855705,0.643799135797564
"6","gseal",6.13,0.939490492790362,0.00493923253142294,0.934195923277858,0.934745664350556,0.939953417249534,0.943582494154802,0.944974964919059
"7","hseal",17.09,0.831301359149132,0.0117664708034675,0.820076541798307,0.825085641915963,0.825614348887232,0.83617992684915,0.849550336295008
