"","var","importance","mean","sd","min","q25","med","q75","max"
"1","log_depth",7.94,0.827169460990377,0.00434704870044658,0.821417933722388,0.825427310965611,0.826506777830584,0.829549124200728,0.832946158232576
"2","brick_tbtm",7,0.847643603432212,0.0102843420216723,0.838873773999918,0.839316151302165,0.84242038765289,0.85834011071053,0.859267593495556
"3","brick_mld",8.37,0.817824202698687,0.00820210370897176,0.810873176044328,0.811204432810127,0.813721368065534,0.825256022809332,0.828066013764111
"4","brick_sss",18.47,0.59777936825462,0.0235874646308762,0.561433134200908,0.592075563827429,0.598918311645726,0.614127861304547,0.622341970294486
"5","brick_sbtm",32.86,0.284558550542242,0.0207124371449923,0.257992589104857,0.269128751265145,0.290702135070399,0.295711223779709,0.309258053491099
"6","gseal",8.32,0.818786640522466,0.00559745548719531,0.811266567737364,0.815829779714411,0.820006280502904,0.820613926320743,0.826216648336905
"7","hseal",17.04,0.628896498867641,0.0134188325287421,0.612899764178918,0.618343629047111,0.632689312671696,0.633962981458051,0.646586806982428
