"","var","importance","mean","sd","min","q25","med","q75","max"
"1","log_depth",18.44,0.912998847470646,0.00238549604753269,0.910165703585567,0.911495596587922,0.912410394406878,0.915425508340713,0.915497034432151
"2","brick_tbtm",13.19,0.937742408632939,0.00239120142335345,0.934323327628925,0.936981473620016,0.93735099787372,0.940022368110438,0.940033875931597
"3","brick_mld",6.98,0.967041545459279,0.00163411585803051,0.965614398974295,0.966138316034377,0.966686632485003,0.966952858938365,0.969815520864353
"4","brick_sss",11.29,0.946729947587311,0.00230743535850498,0.942635066759917,0.947455657021981,0.947655274664061,0.94766910584974,0.948234633640855
"5","brick_sbtm",23.19,0.890569876448958,0.00326922571102303,0.887746266898074,0.888260885477681,0.888825815862473,0.892833227117019,0.895183186889545
"6","gseal",11.02,0.947999959236848,0.00454876427647047,0.942900997254086,0.944904726902497,0.946954258681137,0.951315331841434,0.953924481505087
"7","hseal",15.89,0.925028712995342,0.00182352857174926,0.923395042420911,0.923855541058218,0.92420846538264,0.925840979790143,0.927843536324797
