"","var","importance","mean","sd","min","q25","med","q75","max"
"1","sbtm",23.85,0.671675412939526,0.0149907793469041,0.652719855782468,0.66418635612718,0.671806987966717,0.676546722049323,0.693117142771941
"2","tbtm",16.17,0.777367526349575,0.00663563197401378,0.767510268966521,0.775241641524794,0.778790439603507,0.779761671538178,0.785533610114874
"3","hseal",14.63,0.798614904340971,0.00939595903869752,0.786561959353546,0.79291263526098,0.799316481589555,0.803304969273361,0.810978476227414
"4","gseal",13.96,0.807808346712111,0.0107145460147972,0.790618278197894,0.806764256133269,0.808559155854312,0.814402939081713,0.818697104293364
"5","sss",12.2,0.832010643015091,0.00789015174822418,0.821607093538518,0.830446850070759,0.832082672078638,0.832145199822149,0.843771399565392
"6","log_depth",11.48,0.841902990142255,0.00699911412485276,0.831839230648862,0.840984099269102,0.842524843568493,0.842624295641281,0.851542481583539
"7","mld",7.71,0.893859722824724,0.00361354265170803,0.889001717105581,0.891305348138432,0.895406229714628,0.895672438004628,0.897912881160353
