"","var","importance","mean","sd","min","q25","med","q75","max"
"1","log_depth",9.25,0.96926800527267,0.00157220545961485,0.967235016033019,0.968795581650527,0.96914353188907,0.969568688505941,0.971597208284792
"2","brick_tbtm",3.78,0.987448912180267,0.00157681799838176,0.985069415036652,0.986653717286279,0.988180058491007,0.988414710790265,0.988926659297132
"3","brick_mld",9.38,0.968844328574331,0.00196657611232586,0.966140050899236,0.967767786714021,0.969151301864715,0.969921861890565,0.971240641503116
"4","brick_sss",49.27,0.836306108497752,0.00883502131954589,0.824004967722107,0.834283084431103,0.835856436714276,0.838820430630187,0.848565622991089
"5","brick_sbtm",6.57,0.978176248784808,0.00186422818536547,0.975921549114353,0.977411882893596,0.978028992011635,0.978494700901191,0.981024119003264
"6","gseal",9.84,0.967296445482214,0.00107141077135656,0.965686696981425,0.967259093502779,0.967291031522406,0.967559867264673,0.968685538139786
"7","hseal",11.91,0.960449086544282,0.00376769337061664,0.955115071137362,0.958005532710295,0.962078873608036,0.962888328549865,0.964157626715849
