"","var","importance","mean","sd","min","q25","med","q75","max"
"1","log_depth",8.93,0.969636971839485,0.00320664633241581,0.964968306480896,0.9686595708323,0.969246091863651,0.972614055855865,0.972696834164713
"2","brick_tbtm",3.8,0.987089255739841,0.00205164387339785,0.984757021475026,0.985291785585911,0.987422951566487,0.98833512462342,0.98963939544836
"3","brick_mld",10.19,0.96534914650387,0.00514091987945755,0.959858432407234,0.960517669817235,0.96651990885235,0.967805885156477,0.972043836286054
"4","brick_sss",54.46,0.814749032951525,0.0136393801018099,0.802016228867801,0.805987684520429,0.807894579896741,0.823611086376102,0.834235585096549
"5","brick_sbtm",5.68,0.980683921485147,0.00242589232031125,0.978456398672763,0.978736185381905,0.979725723998851,0.982663303683542,0.983837995688673
"6","gseal",6.71,0.977164020738554,0.00265833160860848,0.973473537646758,0.975712031225455,0.977597231627795,0.978724068642713,0.980313234550046
"7","hseal",10.23,0.965192029119252,0.00342881394204595,0.96077001854433,0.9634375416887,0.965806593495516,0.965905459439914,0.970040532427798
