"","var","importance","mean","sd","min","q25","med","q75","max"
"1","log_depth",7.68,0.888384264082192,0.0155984124811342,0.863438673610745,0.885286691612899,0.89337326520685,0.894875119825888,0.904947570154575
"2","brick_tbtm",0.38,0.994509589116989,0.00292881242419556,0.989979886308137,0.993774096889148,0.995405183612581,0.995489437403887,0.997899341371194
"3","brick_mld",21.77,0.683736400155733,0.0598086137088624,0.590962107263403,0.65627629738953,0.718488158962427,0.719926799265591,0.733028637897714
"4","brick_sss",66.03,0.0408833806457516,0.0455183679637943,-0.0281935857768492,0.0190721110928557,0.0631506102151276,0.0654450955676568,0.084942672129967
"5","brick_sbtm",3.79,0.944882131142256,0.00459811062432382,0.941937569394639,0.942683030162436,0.942705272126316,0.944096592773304,0.952988191254587
"6","gseal",0.09,0.998707365379359,0.000666224919184597,0.99771762148988,0.998404483114939,0.998898372631434,0.999083781501653,0.99943256815889
"7","hseal",0.25,0.996378300556724,0.00113260322835799,0.994616489715245,0.996135117990214,0.996400487199488,0.997339774785441,0.997399633093234
