"","var","importance","mean","sd","min","q25","med","q75","max"
"1","log_depth",0,1,0,1,1,1,1,1
"2","brick_tbtm",0,1,0,1,1,1,1,1
"3","brick_mld",16.99,0.825510315641327,0.00614360304379886,0.815703175800404,0.825073586056186,0.825456660998439,0.829769603377945,0.831548551973662
"4","brick_sss",60.15,0.38213971427015,0.0227955940378528,0.350572641662704,0.36941558629268,0.384138016298405,0.399981993516133,0.40659033358083
"5","brick_sbtm",4.14,0.957493261145983,0.00313213907781301,0.952604880970719,0.95637726559065,0.95840914422604,0.95964111533587,0.960433899606635
"6","gseal",0,1,0,1,1,1,1,1
"7","hseal",18.72,0.807678675452677,0.0080573345864067,0.795477589239779,0.803517148906994,0.811450173494578,0.813921925068525,0.814026540553511
