"","var","importance","mean","sd","min","q25","med","q75","max"
"1","log_depth",16.26,0.583541144394981,0.015557474396319,0.559145164461087,0.577374694347246,0.590051857397407,0.594278754729435,0.596855251039731
"2","brick_tbtm",4.72,0.879189547834076,0.0114552501412103,0.859501620681782,0.880738349254331,0.881567620039958,0.885486229552051,0.888653919642257
"3","brick_mld",13.04,0.665998867655259,0.0263475906188064,0.628529088813063,0.658265304306961,0.664179975863501,0.679407109178762,0.699612860114009
"4","brick_sss",22.47,0.424593922897838,0.0467825791957373,0.359723648218785,0.392144022626574,0.44532120234677,0.454814655006126,0.470966086290934
"5","brick_sbtm",24.55,0.371242661341514,0.0528205638914548,0.280134247300533,0.378848309277089,0.388020907272045,0.392483276390569,0.416726566467335
"6","gseal",2.21,0.943405011981027,0.00955252068582024,0.926873359803832,0.945204778491168,0.945687214776753,0.947932477321922,0.951327229511459
"7","hseal",16.74,0.571234017741553,0.0492094434726403,0.513065151942082,0.539497280999161,0.563563499871214,0.604593963702103,0.635450192193206
