"","var","importance","mean","sd","min","q25","med","q75","max"
"1","log_depth",1.44,0.977834291568932,0.00411438940385316,0.97120900427365,0.976640327745754,0.979674130506125,0.98007195810658,0.981576037212553
"2","brick_tbtm",0,0.999942953931735,2.22062871863575e-05,0.999907751415934,0.999934651068514,0.999954852638497,0.999955347574497,0.999962166961234
"3","brick_mld",27.3,0.580749115005911,0.024596732579102,0.553124544816893,0.567638911177313,0.570543690089655,0.599761658422628,0.612676770523066
"4","brick_sss",63.97,0.0174882427205474,0.0335444732971835,-0.0218336719741744,-0.00480628344341485,0.00988530543406396,0.0506484366701317,0.0535474269161306
"5","brick_sbtm",3.15,0.951609870180615,0.0102611798887918,0.936283578977056,0.949187501241376,0.950930989594295,0.958570179873856,0.963077101216494
"6","gseal",0.3,0.995461095066875,0.000670678085211568,0.994724105216449,0.995129053957982,0.995133492927338,0.995981625410333,0.996337197822274
"7","hseal",3.83,0.941124192301854,0.012909802249895,0.927790069806038,0.932064397808892,0.941501967203038,0.943069280739163,0.961195245952137
