"","var","importance","mean","sd","min","q25","med","q75","max"
"1","log_depth",3.13,0.972719288046738,0.00342908305718027,0.968590647251181,0.969733890705788,0.973427144877329,0.97575575097795,0.976089006421445
"2","brick_tbtm",0.73,0.99360201892793,0.000521929054088071,0.992891489165217,0.993350953949929,0.993699723106069,0.993770284455874,0.994297643962561
"3","brick_mld",8.42,0.926587129666475,0.0115697346854652,0.909930772693527,0.920320715945983,0.929320987523045,0.934749903567736,0.938613268602083
"4","brick_sss",81.01,0.293451912248242,0.0400429329635615,0.261776597611946,0.268561192205321,0.276960848846951,0.29956461461562,0.360396307961372
"5","brick_sbtm",1.61,0.985968740079328,0.000628326872430212,0.985448689642568,0.985477634546219,0.985621050074068,0.986539945690218,0.986756380443566
"6","gseal",1.08,0.990624019380062,0.00113517057957996,0.988775400550154,0.99067460756571,0.990792857317324,0.991003381573117,0.991873849894004
"7","hseal",4.02,0.964896253349031,0.00184645047839217,0.962800739679599,0.9634082366845,0.965028390473066,0.965894410065192,0.967349489842799
