"","var","importance","mean","sd","min","q25","med","q75","max"
"1","log_depth",0,1,0,1,1,1,1,1
"2","brick_tbtm",0,0.99999218237269,6.64032791800356e-07,0.999991599236414,0.999991664782758,0.9999918881123,0.999992660516999,0.999993099214979
"3","brick_mld",8.26,0.910315108050084,0.0131025367103767,0.895548301509274,0.898365464845302,0.911735484232789,0.921568478652493,0.924357811010562
"4","brick_sss",5.37,0.941759041080897,0.0198788890252165,0.915909641296602,0.925492219302468,0.950363418228176,0.956032747406309,0.960997179170932
"5","brick_sbtm",7.11,0.922849748704722,0.0133789402154371,0.90323492587602,0.916432898016028,0.925122072916621,0.933578310687853,0.935880536027088
"6","gseal",0,1,0,1,1,1,1,1
"7","hseal",79.26,0.139947865250919,0.0893425618798565,0.0178404414316808,0.0802367576877535,0.172350883534917,0.189753003828411,0.239558239771833
