"","var","importance","mean","sd","min","q25","med","q75","max"
"1","log_depth",6.73,0.940646209935944,0.00969933750848924,0.925074861422749,0.937346793956286,0.945392363241355,0.947126596166072,0.948290434893259
"2","brick_tbtm",0.03,0.999708573903171,5.99552610913103e-05,0.999644455651934,0.999657708298867,0.999701314644267,0.99976087256029,0.999778518360499
"3","brick_mld",32.43,0.714158818049428,0.0391427155269296,0.672188830108718,0.674802773003007,0.725895129821639,0.737571128800868,0.760336228512908
"4","brick_sss",47.05,0.585255358833205,0.0481616110700748,0.551798887595946,0.560564486748124,0.568539650431739,0.575424133360543,0.669949636029673
"5","brick_sbtm",0.56,0.995053069227859,0.000507830929955194,0.994449650107864,0.994549171402982,0.995388063445463,0.99539999388654,0.995478467296444
"6","gseal",0.02,0.999831045465675,2.54259287139641e-05,0.999805127058938,0.999810543509427,0.999831777800061,0.999838896430025,0.999868882529927
"7","hseal",13.17,0.883930854350427,0.0111919271467227,0.866999287116656,0.880631676496964,0.884590956743256,0.891314756677072,0.896117594718189
