"","var","importance","mean","sd","min","q25","med","q75","max"
"1","log_depth",4.57,0.956759765736834,0.00634807711650224,0.945983284255789,0.956073795381573,0.959899551853024,0.960700208727454,0.961141988466329
"2","brick_tbtm",0.33,0.996891128331078,0.000366520634572457,0.996421723621614,0.996695312639451,0.996888418039598,0.997058372525144,0.997391814829584
"3","brick_mld",13.64,0.870948724811932,0.00492794493190485,0.86439243992661,0.866965246306661,0.873650936161928,0.874500053330205,0.875234948334258
"4","brick_sss",76.7,0.274323224039853,0.0701988391687145,0.177406440443979,0.250548884673509,0.275177766305929,0.298378632122907,0.37010439665294
"5","brick_sbtm",1.83,0.982662176071575,0.00288343904864719,0.978590593169304,0.982157684467994,0.982185276721958,0.983878915218396,0.986498410780222
"6","gseal",0.67,0.993692303695186,0.000573385247925459,0.992900151036742,0.993326384360567,0.993817010554465,0.994163126553108,0.99425484597105
"7","hseal",2.26,0.978576666581305,0.00273836442022695,0.974221641178105,0.978554170363956,0.978586806268103,0.97989702355758,0.981623691538783
