"","var","importance","mean","sd","min","q25","med","q75","max"
"1","log_depth",0.93,0.989523976456594,0.00339892168243979,0.98433285336197,0.988973617024368,0.989144982286254,0.992376530135953,0.992791899474426
"2","brick_tbtm",0.53,0.993968835461908,0.000617052180356288,0.993191022290202,0.993486412637418,0.994076498347687,0.994476257014922,0.994613987019314
"3","brick_mld",13.3,0.849578859691409,0.0187259533798209,0.819185129948775,0.848732445248849,0.852119520785613,0.858457542325893,0.869399660147914
"4","brick_sss",61.27,0.307224478552434,0.0780936054066803,0.176162052109563,0.304798836261111,0.322932718762483,0.362345530787741,0.369883254841272
"5","brick_sbtm",0.48,0.994613978806025,0.000567208249241037,0.994130250020078,0.994264734282085,0.994493252458728,0.994610417796278,0.995571239472954
"6","gseal",0.08,0.999150761359331,6.95234022471274e-05,0.999043686874121,0.999118221955083,0.999182950778845,0.999203043816602,0.999205903372001
"7","hseal",23.42,0.735209899627847,0.0389640191699071,0.698714381930652,0.716269263555591,0.727091716493865,0.733100294216674,0.800873841942453
