"","var","importance","mean","sd","min","q25","med","q75","max"
"1","log_depth",0.66,0.994550224164382,0.000825008815030053,0.99336556896841,0.994352099018512,0.994519833619907,0.994882345249706,0.995631273965376
"2","brick_tbtm",0.03,0.999734518201655,3.42801189112466e-05,0.999692236011535,0.99970481368166,0.999744433284399,0.999763878937327,0.999767229093354
"3","brick_mld",7.16,0.940851749455894,0.00391365866154346,0.935337874336456,0.940076560550739,0.940711447227152,0.941878385521859,0.946254479643265
"4","brick_sss",63.75,0.47322228366713,0.058752763189297,0.403551336605571,0.418879854344994,0.49442238585231,0.513103313796399,0.536154527736373
"5","brick_sbtm",1.3,0.989266928828618,0.000583689662128457,0.988513569201835,0.988947477863888,0.989183357240733,0.989751362897637,0.989938876938997
"6","gseal",0.32,0.997377426557341,0.000281353151869664,0.997084346811637,0.997111607725022,0.997433419470806,0.997505407256673,0.997752351522568
"7","hseal",26.79,0.778623617088571,0.0133996555289385,0.765655786584471,0.768618852898968,0.77276861620673,0.792766333666861,0.793308496085826
