"","var","importance","mean","sd","min","q25","med","q75","max"
"1","log_depth",11.41,0.8785721708402,0.0141718099847024,0.8576371881107,0.877662253273823,0.878183834242531,0.882041890424933,0.897335688149015
"2","brick_tbtm",1.75,0.981407953785749,0.00344230176620364,0.975740527413465,0.980877206651693,0.982635236069497,0.983139990472414,0.984646808321679
"3","brick_mld",21.45,0.771614783372966,0.0420686444612008,0.718941196543068,0.749427722348237,0.761098120274693,0.808961709481817,0.819645168217014
"4","brick_sss",46.21,0.508061706236037,0.0554991422071232,0.439765689267859,0.468839645036934,0.513157924093522,0.53869579317615,0.579849479605719
"5","brick_sbtm",7.7,0.918075967967382,0.0106749895601889,0.907582667511989,0.907908802650615,0.917354079450859,0.926196411469234,0.931337878754214
"6","gseal",2.13,0.977329947010888,0.00335050463521429,0.973795764382048,0.974475598059909,0.976901743307482,0.980086980605317,0.981389648699683
"7","hseal",9.36,0.900349422015575,0.0146763663550599,0.878998688188646,0.894938091139089,0.903047519377705,0.9060715091232,0.918691302249231
