"","var","importance","mean","sd","min","q25","med","q75","max"
"1","log_depth",7.64,0.896066961001118,0.0248292389784255,0.874857646747323,0.881130803460805,0.884105002541726,0.90442370592939,0.935817646326347
"2","brick_tbtm",0.01,0.999829486248782,8.76357773116026e-05,0.999700625482765,0.999789495681121,0.999858880239874,0.999868169844565,0.999930259995585
"3","brick_mld",21.88,0.70241645345786,0.0682808054564074,0.607778514554302,0.659610185218221,0.715955626258495,0.763728843007492,0.765009098250793
"4","brick_sss",62.44,0.150631321940011,0.0543338844891771,0.0861019777750521,0.104700269855808,0.171030296206802,0.172604082079804,0.218719983782592
"5","brick_sbtm",1.98,0.973027031398652,0.0112722088773682,0.958411641254613,0.967291196882769,0.97151763052293,0.980754253484371,0.987160434848577
"6","gseal",0.19,0.997382226742165,0.00100388925502079,0.996250834386145,0.996659247555043,0.997242631054263,0.998046804459883,0.998711616255492
"7","hseal",5.85,0.920450030212333,0.0120549037936978,0.906076006973506,0.909974859373135,0.923613594392312,0.928146445364595,0.934439244958118
