"","var","importance","mean","sd","min","q25","med","q75","max"
"1","log_depth",6.97,0.929720128920977,0.00849060751399733,0.918401733023514,0.923241201261813,0.9331895539428,0.935542842502759,0.938225313873997
"2","brick_tbtm",0.72,0.992708169130232,0.00289244132185287,0.990012825074041,0.990103933039457,0.991912635191148,0.995431797250123,0.996079655096392
"3","brick_mld",17.21,0.826538143081702,0.0273902244169372,0.796469744095366,0.79872922672147,0.836226291546169,0.844780589962322,0.856484863083182
"4","brick_sss",69.47,0.299732667902781,0.0731463271551347,0.20656401964824,0.234082600170778,0.351554933051947,0.352352006735863,0.354109779907078
"5","brick_sbtm",3,0.969724512120366,0.00786978058615974,0.9567602615289,0.969916608035524,0.969920215664484,0.975511125166263,0.976514350206661
"6","gseal",0.15,0.998462344924005,0.000180431123850449,0.998333402738929,0.998338841217194,0.998391079311433,0.998481251467541,0.998767149884929
"7","hseal",2.47,0.975058112429045,0.00529982783417735,0.966444139436924,0.975031334871472,0.976040887565729,0.976904259766444,0.980869940504654
