"","var","importance","mean","sd","min","q25","med","q75","max"
"1","log_depth",2.74,0.984004610909942,0.000460343511759045,0.983414368318058,0.983702616024632,0.984028751331502,0.984314767633556,0.98456255124196
"2","brick_tbtm",1.59,0.990722817518935,0.000485497659963757,0.990169766210466,0.990310341748714,0.990762823116904,0.991049684096437,0.991321472422152
"3","brick_mld",4,0.976624329940907,0.00142787081076799,0.974097465138929,0.97702444383496,0.977199459510875,0.977205737751325,0.977594543468446
"4","brick_sss",60.79,0.64462976873712,0.0147708063496885,0.624648107324572,0.638359614984228,0.64416898779663,0.651775932107372,0.664196201472801
"5","brick_sbtm",26.33,0.846046955446383,0.00849050570081653,0.833297837609861,0.842630021675318,0.848719793321061,0.849968510499883,0.855618614125791
"6","gseal",0.44,0.997410617275582,9.22627012357307e-05,0.997278471443364,0.997374385041322,0.997422439166166,0.997450950316536,0.997526840410523
"7","hseal",4.12,0.975928552455156,0.000579472162562708,0.975238251132167,0.975563854329344,0.975825149060429,0.976346523493214,0.976668984260627
