"","var","importance","mean","sd","min","q25","med","q75","max"
"1","log_depth",14.45,0.94281763808706,0.000748529747903126,0.94190055297081,0.942525736633804,0.942771674237368,0.942932583974416,0.943957642618904
"2","brick_tbtm",12.73,0.949607122309359,0.0027288825054644,0.946534454837368,0.948668320849474,0.948727508737283,0.950218337898649,0.953886989224023
"3","brick_mld",12.87,0.949060925250628,0.00486941717548796,0.943973242721598,0.946004052028596,0.947356820296152,0.951958697614876,0.95601181359192
"4","brick_sss",22.58,0.910634345281945,0.00404571572488895,0.904576808015984,0.90974959536662,0.911175066172821,0.911936139459543,0.915734117394758
"5","brick_sbtm",17.2,0.931931602427934,0.0015595191573288,0.930062731541136,0.931003167920818,0.931507001118434,0.933503164740045,0.933581946819235
"6","gseal",8.85,0.964988320272746,0.000839189608591265,0.963771641554837,0.964732944091307,0.965003017212153,0.96539352546067,0.966040473044762
"7","hseal",11.33,0.955141453138135,0.00248148713695446,0.951282023557355,0.954056568847171,0.956270262520883,0.956995842688062,0.957102568077204
