"","var","importance","mean","sd","min","q25","med","q75","max"
"1","dfs",62.19,0.432072006332881,0.00716936404917592,0.426069965128205,0.429542984822475,0.429731594385216,0.430486110439012,0.444529376889495
"2","sst",32.02,0.707533994604116,0.00579113693570571,0.701089192958161,0.704414061660089,0.704938993351243,0.712561247017616,0.714666478033469
"3","xbtm",2.46,0.977532524063263,0.000559531409812143,0.976653997171774,0.977296550826528,0.977847943443428,0.977877044802635,0.977987084071952
"4","u",2.12,0.98061669103699,0.000249158409418883,0.980409450728407,0.980501262178264,0.980525940760214,0.980601642045675,0.981045159472389
"5","v",1.21,0.988989840839601,0.000119575506634538,0.988848022403157,0.988880890178318,0.989024926508858,0.989078711301991,0.989116653805679
