"","var","importance","mean","sd","min","q25","med","q75","max"
"1","log_depth",8.43,0.908423818171486,0.00174378064939984,0.906272603382061,0.907032593313242,0.908814607079289,0.909509396168692,0.910489890914148
"2","brick_tbtm",23.65,0.743131571440049,0.00715087016283978,0.733636178175122,0.742086093042624,0.742997082606551,0.743164324266062,0.753774179109888
"3","brick_mld",16.06,0.825632554152502,0.00379069763193798,0.821019493387939,0.824454308730975,0.824563000645914,0.826812504084306,0.831313463913377
"4","brick_sss",18.62,0.797764683593176,0.00542775395377846,0.793631746017134,0.794530267731965,0.795993952449564,0.797568662963044,0.807098788804171
"5","brick_sbtm",14.05,0.847437338249342,0.00174132092029015,0.845429409848329,0.84609477559344,0.847621510900807,0.848230612158735,0.8498103827454
"6","gseal",9.39,0.898044509617454,0.00402562794118868,0.893890322424477,0.896274732054446,0.897348254088091,0.898035364772089,0.904673874748168
"7","hseal",9.79,0.893655830792415,0.00430980561040385,0.88865550976905,0.889617605430784,0.89541847819813,0.895987843006639,0.89859971755747
