"","var","importance","mean","sd","min","q25","med","q75","max"
"1","log_depth",5.88,0.872224465445378,0.00160774477875815,0.870204210963664,0.871561948819165,0.872130725646375,0.872623852079046,0.87460158971864
"2","brick_tbtm",5.21,0.886850107001977,0.00237267384290446,0.882816931867947,0.887096435911993,0.88716010125588,0.888429161068146,0.88874790490592
"3","brick_mld",9.95,0.783780085199231,0.00741550365509618,0.775670837519104,0.776782647547437,0.784518734851719,0.790107097130342,0.791821108947551
"4","brick_sss",5.69,0.876346747079648,0.0030702937139635,0.872985872128482,0.873797485613316,0.8759701663897,0.879421620276029,0.879558590990714
"5","brick_sbtm",16.69,0.637285365571488,0.0130553201447378,0.621991633875301,0.626288924806078,0.638232346839435,0.648390092609147,0.651523829727481
"6","gseal",41.64,0.0953487041536755,0.0105643850290411,0.0779792705799882,0.0951054529149205,0.0964837480353418,0.101635105555911,0.105539943682216
"7","hseal",14.93,0.675534826746066,0.00676178668243446,0.670318575155835,0.671007278479022,0.673364748689941,0.676037428879899,0.686946102525635
