"","var","importance","mean","sd","min","q25","med","q75","max"
"1","log_depth",6.55,0.972058914646131,0.0009133388646307,0.971193474615092,0.971333327498848,0.971869939382013,0.972479143383609,0.973418688351092
"2","brick_tbtm",35.44,0.848844940709183,0.00585740664938702,0.839831742470898,0.847946421661416,0.848445885879558,0.853031689555381,0.854968963978662
"3","brick_mld",11.43,0.951239925376533,0.000943303600464034,0.949972323649127,0.950654750957153,0.951300334535759,0.952128879948693,0.95214333779193
"4","brick_sss",15.52,0.933820635968866,0.0014188183079146,0.93273764233471,0.9328037375345,0.933046408578507,0.934510864210584,0.936004527186031
"5","brick_sbtm",9.64,0.958904854482634,0.000659853281740491,0.957976617026605,0.95844990704289,0.959234427993278,0.959363263202921,0.959500057147477
"6","gseal",11.25,0.952021483022847,0.0010421833722945,0.950636137139175,0.951311548220208,0.952383820701789,0.952508112613645,0.953267796439417
"7","hseal",10.17,0.956639343928735,0.00101001095899119,0.95526696950936,0.955984530399036,0.956886674704068,0.95728110125255,0.957777443778661
