"","var","importance","mean","sd","min","q25","med","q75","max"
"1","log_depth",0.17,0.997040849760156,0.00144954130726531,0.996306671920245,0.996392781187569,0.996429965822682,0.996442703903413,0.999632125966869
"2","brick_tbtm",34.2,0.415883929168195,0.157271667966024,0.216475624873513,0.325096347649065,0.417053818932619,0.492713577832587,0.628080276553189
"3","brick_mld",24.8,0.576471130131176,0.0956284136881615,0.457603852216206,0.531028491913956,0.56335286702715,0.617897575112475,0.712472864386095
"4","brick_sss",3.21,0.945109575783674,0.0145778615522793,0.929210853172847,0.933529818415504,0.943812569244791,0.954623948019612,0.964370690065617
"5","brick_sbtm",0.86,0.985272858626012,0.00472171341008027,0.980342142010065,0.982665647755414,0.982761926432632,0.989499095405369,0.991095481526582
"6","gseal",31.66,0.459209038678598,0.14272653287383,0.35726727638956,0.36122173932335,0.417708671648132,0.456183189673883,0.703664316358066
"7","hseal",5.09,0.913099201167257,0.0246344012127838,0.877352010261013,0.904475732315447,0.91500117033981,0.925120059254634,0.943547033665382
