"","var","importance","mean","sd","min","q25","med","q75","max"
"1","log_depth",7.17,0.937027431775161,0.00304204984914898,0.93311338430272,0.935372083985817,0.937195678019852,0.938254606631993,0.941201405935423
"2","brick_tbtm",22.72,0.800473879912908,0.0308285169378093,0.765971615839785,0.767842264693321,0.817695311565887,0.823988339976866,0.826871867488682
"3","brick_mld",25.74,0.773909707109188,0.0155722433571687,0.761977514233249,0.762406757143685,0.771532864534074,0.773464570805974,0.800166828828957
"4","brick_sss",5.39,0.952656741611517,0.00294179934440788,0.949916681342679,0.950983320879735,0.951459033362833,0.953574051450456,0.95735062102188
"5","brick_sbtm",9.85,0.913484885271641,0.00700475986292866,0.906767383834315,0.907423503270886,0.912108293627569,0.918080917383543,0.923044328241891
"6","gseal",22.74,0.800231371221786,0.00646964686604346,0.789326226791304,0.800330502251183,0.802507157551945,0.802634801390876,0.80635816812362
"7","hseal",6.39,0.943883466482151,0.00579067954890845,0.938330935176672,0.939671204591804,0.941409807580877,0.948495164555001,0.951510220506401
