"","var","importance","mean","sd","min","q25","med","q75","max"
"1","log_depth",0,1,0,1,1,1,1,1
"2","brick_tbtm",45.83,0.604096598549544,0.0218812083356276,0.578391597829131,0.591054035740117,0.605531350765812,0.608858542211509,0.636647466201151
"3","brick_mld",54.17,0.531997694015252,0.0313184117510854,0.490885955302643,0.514520713544921,0.529838933961156,0.556127901367915,0.568614965899627
"4","brick_sss",0,1,0,1,1,1,1,1
"5","brick_sbtm",0,1,0,1,1,1,1,1
"6","gseal",0,1,0,1,1,1,1,1
"7","hseal",0,1,0,1,1,1,1,1
