"","var","importance","mean","sd","min","q25","med","q75","max"
"1","log_depth",5.69,0.927131790213027,0.00583801417579614,0.917632960087324,0.927251589363127,0.927554419238316,0.929907004219202,0.933312978157167
"2","brick_tbtm",24.72,0.683551068307545,0.0314029934356937,0.6548061634382,0.658060713108958,0.670225073052311,0.715243579254555,0.719419812683703
"3","brick_mld",4.41,0.943611421933567,0.0125735336971388,0.928176686728395,0.935803062367066,0.946296425406057,0.94631925017845,0.961461684987867
"4","brick_sss",3.98,0.949026917600874,0.00540407181990849,0.943502668114535,0.945870325776957,0.947505941994792,0.950812508305249,0.957443143812837
"5","brick_sbtm",4.65,0.940501613532514,0.00260462146239384,0.936235514271999,0.939793672253702,0.941812486178028,0.942271385293104,0.942395009665735
"6","gseal",42.03,0.46201456946289,0.0054593023074662,0.453943017857745,0.458908193228067,0.464930903201899,0.465200793305868,0.46708993972087
"7","hseal",14.52,0.814086046133852,0.0210862358052912,0.780422994714939,0.815145002995645,0.816923175251048,0.819143300587098,0.838795757120533
