"","var","importance","mean","sd","min","q25","med","q75","max"
"1","log_depth",13.11,0.79094131621937,0.0201934317432802,0.757589640206012,0.793400824602983,0.795466244043367,0.795621271365399,0.812628600879091
"2","brick_tbtm",0.99,0.984213314237534,0.00239725738942165,0.980755487512321,0.983794976473609,0.98407414027264,0.985043070272609,0.987398896656492
"3","brick_mld",7.28,0.883858455666729,0.0127360546703891,0.864707341412279,0.884145115845971,0.884216473324178,0.885674983350315,0.900548364400899
"4","brick_sss",15.47,0.753353483567422,0.0113425483815547,0.740815720005741,0.746943800506351,0.749720891535555,0.759733855993599,0.769553149795865
"5","brick_sbtm",32.3,0.485117606417561,0.0311608085858838,0.445493952381772,0.475812503745933,0.477547798322958,0.496425531654905,0.530308245982236
"6","gseal",7.37,0.882467601766705,0.00779215420658082,0.875838628264452,0.878089982259078,0.879626844432687,0.883234192869662,0.895548361007648
"7","hseal",23.47,0.625789629898643,0.0126736608394374,0.617914389794466,0.619502180664525,0.620276472081899,0.623038452992495,0.64821665395983
