"","var","importance","mean","sd","min","q25","med","q75","max"
"1","log_depth",15.89,0.926367080144822,0.00524614078524404,0.919047897583668,0.922524742924249,0.929716969340083,0.930169357898821,0.930376432977288
"2","brick_tbtm",8.66,0.959873622997176,0.00413769510506634,0.953278773739587,0.959600955278066,0.960635074320528,0.961239369286941,0.964613942360758
"3","brick_mld",5.92,0.972554359295367,0.00215568185617642,0.96941269018433,0.971341924523354,0.973468801900618,0.973776227059515,0.97477215280902
"4","brick_sss",19.39,0.91013778869665,0.00616931907016458,0.901876630898387,0.906684805865006,0.910134738454996,0.914687590357561,0.9173051779073
"5","brick_sbtm",19.31,0.910519432640897,0.00645571611022172,0.90359015244861,0.904038554390357,0.911666320386951,0.916351802631795,0.916950333346769
"6","gseal",8.29,0.961564904322496,0.00471848709057527,0.956717093541474,0.9578522215768,0.961009456570087,0.96389661304474,0.968349136879379
"7","hseal",22.53,0.895594558602923,0.00723702455003296,0.884966977897361,0.891627650793686,0.898061871891643,0.900885344888271,0.902430947543656
