"","var","importance","mean","sd","min","q25","med","q75","max"
"1","log_depth",18.14,0.824207938160402,0.0149462661200915,0.803355485484753,0.8169351829307,0.828552578704629,0.828879768438677,0.843316675243252
"2","brick_tbtm",1.22,0.988132889382696,0.00122847214810477,0.98599927815341,0.98838621834385,0.988413695625269,0.988756433027876,0.989108821763075
"3","brick_mld",8.49,0.917742639778945,0.0137496243071266,0.896325626845028,0.912526846936303,0.921868599843529,0.928915013409763,0.929077111860099
"4","brick_sss",26.25,0.74568694990419,0.0192762078469575,0.728124076284174,0.732534519550549,0.74164805497667,0.749196678317529,0.776931420392029
"5","brick_sbtm",22.02,0.786703278395246,0.00816510051562509,0.778430191051463,0.781910029594644,0.783490599601987,0.790815889493413,0.798869682234725
"6","gseal",2.02,0.980456518112119,0.00235726529770617,0.976996234845523,0.979121200576845,0.981395006516726,0.9821105319444,0.982659616677101
"7","hseal",21.86,0.788244127194568,0.0201062454632694,0.760973031369334,0.783820855786359,0.787186134554438,0.792044764558836,0.817195849703875
