"","var","importance","mean","sd","min","q25","med","q75","max"
"1","log_depth",33.74,0.55498656232168,0.0464284995933296,0.504815136685955,0.514072095332361,0.552063789299876,0.600594555622917,0.603387234667293
"2","brick_tbtm",1.87,0.975385612096902,0.00268370580363543,0.971827742163763,0.974058951840165,0.975240092592201,0.976973607933664,0.978827665954718
"3","brick_mld",5.98,0.921134627070047,0.00722211727721844,0.912400750171688,0.914287348706379,0.92530070052951,0.925625231068886,0.928059104873774
"4","brick_sss",12.68,0.832796071888244,0.0135719316060268,0.820121039841064,0.824151727272414,0.824761492431598,0.845737201184791,0.849208898711351
"5","brick_sbtm",10.08,0.867006085673729,0.00999876638543313,0.860186534771866,0.860733410147718,0.862121220938109,0.867975941296119,0.884013321214832
"6","gseal",8.82,0.883645057441821,0.00737278932156192,0.87710808511847,0.880538937925832,0.88086269172177,0.883528704647681,0.896186867795349
"7","hseal",26.84,0.646029614185746,0.0157968877813653,0.621597287244096,0.640627971735997,0.648890331625126,0.659305944336694,0.659726535986817
