"","var","importance","mean","sd","min","q25","med","q75","max"
"1","log_depth",6.08,0.941756935761602,0.00415677478463192,0.936758622828621,0.938657803158,0.941630886446892,0.945277697081009,0.946459669293487
"2","brick_tbtm",5.13,0.95082723707034,0.00643795636097776,0.942852115995159,0.947659474934723,0.949765721799902,0.954052687321383,0.959806185300531
"3","brick_mld",1.04,0.990050838869134,0.000306464995892087,0.989603564003294,0.989948730077671,0.990066732519149,0.990211179545152,0.990423988200402
"4","brick_sss",11.57,0.889158601715572,0.0103016745002023,0.875418619826092,0.881676902988817,0.891899179353718,0.897548059074326,0.899250247334908
"5","brick_sbtm",39.17,0.624838287913234,0.0286237110768253,0.591405804189296,0.610731837376079,0.613088002202559,0.648787750323476,0.660178045474762
"6","gseal",5.73,0.945139713348083,0.0031657774149514,0.94162263314744,0.943769976148365,0.944442747812375,0.945721686657739,0.950141522974498
"7","hseal",31.27,0.700497388794125,0.0171537503872819,0.680147193135138,0.690810095373631,0.695680271172518,0.713542679713218,0.722306704576119
