"","var","importance","mean","sd","min","q25","med","q75","max"
"1","log_depth",31.38,0.718737609325288,0.0154004939954491,0.696236191208443,0.713260200701949,0.718626641390641,0.729794661084386,0.735770352241021
"2","brick_tbtm",6.39,0.942687306090578,0.00824591012955332,0.931561951526032,0.937627364128353,0.943263876536892,0.950014694181871,0.95096864407974
"3","brick_mld",7.71,0.930895435765198,0.00819917288347237,0.919208617966463,0.927332324739379,0.930693657512943,0.938297303816067,0.938945274791139
"4","brick_sss",23.39,0.790277899052269,0.0175278705100866,0.770642650212997,0.778284200069577,0.789921631210108,0.796578777707082,0.81596223606158
"5","brick_sbtm",14.92,0.86624833847044,0.011217580373699,0.856343778348156,0.858731138455385,0.861238577544742,0.871462284386952,0.883465913616968
"6","gseal",4.25,0.96187525265904,0.00560405418096345,0.954727703766206,0.957217302981007,0.964509645506661,0.965074600827077,0.967847010214252
"7","hseal",11.95,0.892831326225467,0.0108906903953394,0.8783873878632,0.888298645796659,0.894081171689212,0.895115402823349,0.908274022954913
