"","var","importance","mean","sd","min","q25","med","q75","max"
"1","log_depth",62.46,0.155881188622049,0.0288475608249812,0.124856501191757,0.132795663641971,0.150352059000347,0.182218221624448,0.189183497651721
"2","brick_tbtm",0,1,0,1,1,1,1,1
"3","brick_mld",0,1,0,1,1,1,1,1
"4","brick_sss",2.01,0.972852060973021,0.00155481539554921,0.970818760542741,0.971664760100469,0.97329291199874,0.974057607292932,0.974426264930225
"5","brick_sbtm",0,1,0,1,1,1,1,1
"6","gseal",2.66,0.963994033169153,0.0025776014916796,0.959879359805775,0.963507317237107,0.964816225316666,0.964991577079701,0.966775686406516
"7","hseal",32.87,0.555804537678469,0.0226279527826485,0.531283271940677,0.532329020103481,0.562683025232237,0.575132045259829,0.577595325856119
