"","var","importance","mean","sd","min","q25","med","q75","max"
"1","hseal",49.54,0.214504807855515,0.0491305465690284,0.167464885961846,0.183697880555592,0.208024502451762,0.218616495950811,0.294720274357567
"2","sss",21.52,0.658806160738589,0.0150408938756083,0.637069468703726,0.652738983274645,0.659937443283378,0.667747782230924,0.676537126200273
"3","gseal",20.92,0.668325066285885,0.0148769428542105,0.65183522341149,0.657789442060099,0.66421550768913,0.683261693064605,0.6845234652041
"4","tbtm",5.32,0.915689426006091,0.0036005746421645,0.91112822435931,0.912455846808648,0.917941337968231,0.918175246267482,0.918746474626785
"5","sbtm",1.97,0.968842876988083,0.00183809074040118,0.9668985507062,0.967531121209876,0.968422911161053,0.969945997183646,0.97141580467964
"6","mld",0.74,0.988283817371821,0.0019672229396766,0.986106074163869,0.986755076319464,0.987935510852676,0.990140525725198,0.9904818997979
"7","log_depth",0,1,0,1,1,1,1,1
