"","var","importance","mean","sd","min","q25","med","q75","max"
"1","log_depth",3.92,0.990326482451233,0.000121269877549274,0.990126863797793,0.99029643560122,0.990387438504212,0.990402836143031,0.990418838209909
"2","brick_tbtm",0.36,0.999117240512897,1.88105673414498e-05,0.999085083577221,0.999116455918742,0.999124791375627,0.999129127403823,0.99913074428907
"3","brick_mld",0.03,0.999935350327486,3.7471945400096e-06,0.999931007556417,0.999932257964964,0.999935560245015,0.999938069189968,0.999939856681067
"4","brick_sss",68.31,0.831375546529897,0.00629006554245342,0.822570948936616,0.829371872965774,0.830825170462477,0.834614408671837,0.839495331612779
"5","brick_sbtm",7.08,0.982533134302948,0.000379390225621931,0.982108259729053,0.982213564022323,0.982637765844982,0.982656221361104,0.983049860557279
"6","gseal",10.46,0.974172283088703,0.000613966875617025,0.973656030993505,0.973685956418411,0.973871605517046,0.974643431481216,0.975004391033336
"7","hseal",9.86,0.975670448298557,0.000864698182954123,0.974312213767446,0.975482537860912,0.975803916657446,0.976158773976013,0.976594799230968
