"","var","importance","mean","sd","min","q25","med","q75","max"
"1","log_depth",7.02,0.916493649915944,0.00196389537227166,0.915016952292501,0.915404649408783,0.915607978353794,0.916588293428816,0.919850376095827
"2","brick_tbtm",8.02,0.904571201541039,0.00191812333041343,0.903451403629913,0.90350293991892,0.903517106348422,0.904466770590555,0.907917787217386
"3","brick_mld",9.49,0.887060180878382,0.00530975727418084,0.881187249921348,0.884505831293795,0.884752399641307,0.890328731124402,0.894526692411055
"4","brick_sss",24.93,0.703325928694103,0.0105227105243657,0.695366386085154,0.695426020969052,0.698257490853857,0.707770339051235,0.71980940651122
"5","brick_sbtm",23.59,0.719299769873282,0.00445447580051031,0.713321447013759,0.71653607339185,0.719663332007804,0.722872716816271,0.724105280136728
"6","gseal",9.15,0.891086451481685,0.002813896407242,0.886697917174843,0.89086538026274,0.891226501985027,0.892235901640505,0.894406556345313
"7","hseal",17.81,0.788066465175832,0.00555954806437279,0.781501052137912,0.785784341402112,0.786842586722485,0.78970313027735,0.7965012153393
