"","var","importance","mean","sd","min","q25","med","q75","max"
"1","log_depth",39.15,0.333707587683541,0.0208146710916952,0.312084534537005,0.313098744454484,0.335014015444731,0.353285014175761,0.355055629805725
"2","tbtm",14.73,0.749222027708958,0.0131147481979244,0.739942808961487,0.740079571926032,0.74457665230068,0.750016042127225,0.771495063229368
"3","dfs",13.84,0.764427757384105,0.00615070348499365,0.754995173838856,0.761883549667426,0.766103462897486,0.769495187592302,0.769661412924453
"4","sst",13.04,0.778129916336126,0.00732648863416304,0.767913375903353,0.775473890062684,0.776972588837711,0.783818365000594,0.786471361876288
"5","sbtm",10.78,0.816533587862741,0.00204323558638685,0.813930337860787,0.815397456297748,0.816278830154147,0.817987488385977,0.819073826615046
"6","sss",6.99,0.880962528766787,0.00309452913007605,0.876822539718764,0.879586519021413,0.881077317868661,0.882134765134951,0.885191502090147
"7","mld",1.47,0.97501469590305,0.00181945484198291,0.973095591349657,0.973924770360094,0.974913281499109,0.975242694295663,0.977897142010726
