"","var","importance","mean","sd","min","q25","med","q75","max"
"1","log_depth",38.43,0.305306264514384,0.0171743727915323,0.282598169938353,0.292634197500769,0.312743015255807,0.313898605898374,0.324657333978615
"2","sst",16.29,0.705528149733183,0.0163655120994733,0.688246952217551,0.693750555942854,0.700391269491099,0.719241541157289,0.726010429857121
"3","dfs",14.31,0.741255155800759,0.00776875073805525,0.731869049470099,0.736712907702643,0.74038006936991,0.745314254850486,0.751999497610656
"4","sbtm",10.69,0.806717179272938,0.0161983473480618,0.79533783490857,0.797319991819443,0.799535879952308,0.806743353245673,0.834648836438697
"5","tbtm",9.6,0.826506960975895,0.00561425712133805,0.821579339240759,0.822691093070582,0.823035367183708,0.832075460406525,0.833153544977901
"6","sss",6.47,0.883045528792781,0.00806191966820088,0.875487986984597,0.878852151322363,0.881220905418533,0.883132538500675,0.896534061737735
"7","mld",4.22,0.923799196862823,0.00466272996779829,0.915795913055302,0.923894588463998,0.925280767770824,0.92684104394146,0.92718367108253
