"","var","importance","mean","sd","min","q25","med","q75","max"
"1","log_depth",33.35,0.32603890933449,0.0139434007907749,0.306947374237785,0.321332974967861,0.323550496210142,0.334744781761787,0.343618919494873
"2","brick_sst",5.86,0.881511537055288,0.00256576136154159,0.879274418632359,0.879545807586703,0.881361438278685,0.88169212308226,0.885683897696433
"3","brick_tbtm",9.33,0.811517740109365,0.00798542547886739,0.799477491090846,0.810047968505455,0.811724227154116,0.815054573865798,0.821284439930608
"4","brick_sss",3.9,0.921188236502879,0.00458211429192611,0.916979568819406,0.917433020216916,0.920721360902008,0.9225390285149,0.928268204061166
"5","brick_sbtm",0.24,0.995086423460366,0.000122211301306868,0.994878088129068,0.995088366201276,0.995129809299723,0.995143770132244,0.995192083539521
"6","brick_mld",12.12,0.755198558477833,0.00681094004363047,0.745967103168547,0.750782206223398,0.756734506607133,0.759653866969765,0.762855109420322
"7","dfs",33.63,0.320436757082969,0.0149007548139337,0.30424305968405,0.311435395453726,0.314139720375699,0.334021681252907,0.338343928648462
"8","vel_mag",1.56,0.968377984249492,0.0012626321867759,0.966304245145866,0.968267637106839,0.968802388063702,0.968847929096829,0.969667721834226
"9","brick_xbtm",0,1,0,1,1,1,1,1
