"","var","importance","mean","sd","min","q25","med","q75","max"
"1","log_depth",0.22,0.999169230870367,4.55168108231351e-05,0.999088784398285,0.999182289630754,0.999183672247358,0.999191536086908,0.999199871988531
"2","brick_sst",24.4,0.909777614166187,0.00395430098932723,0.905061841928046,0.90778953085216,0.90883460356549,0.911836330237219,0.91536576424802
"3","brick_tbtm",2.08,0.992321260283135,0.000427732666159587,0.99171007696911,0.992087282269968,0.992425060907325,0.992597210055482,0.992786671213788
"4","brick_sss",28.72,0.893805563411448,0.00194445575014249,0.890959796021847,0.893145638505251,0.893936214126459,0.894830808845912,0.896155359557774
"5","brick_sbtm",8.99,0.966771694571196,0.00146375922402698,0.965257260027171,0.966417689016098,0.966468000795302,0.966497574086415,0.969217948930993
"6","brick_mld",6.45,0.976168291377338,0.00101758428529503,0.975244504482578,0.975467082384552,0.975706985251502,0.976759942968215,0.977662941799845
"7","dfs",29.11,0.892372601202747,0.00328641621073237,0.888034301058376,0.891237930469004,0.891662627247416,0.894145867679556,0.896782279559381
"8","vel_mag",0.03,0.999894419534184,6.69264557687077e-06,0.999887961137215,0.999889539183447,0.999891860628233,0.999899075228188,0.999903661493836
"9","brick_xbtm",0,0.999983194571036,8.49104786859845e-07,0.999982351633025,0.99998274083404,0.999982886914885,0.999983455486919,0.99998453798631
