"","var","importance","mean","sd","min","q25","med","q75","max"
"1","log_depth",8.32,0.951011417449671,0.00152435539660713,0.949602601217729,0.949976058637044,0.950238145667072,0.952138489972145,0.953101791754363
"2","brick_sst",14.81,0.912846109255763,0.0032290008988915,0.908413386478177,0.911953925647475,0.912241658181358,0.914523006296498,0.917098569675305
"3","brick_tbtm",10.63,0.93743597759613,0.00166247798474289,0.935165362327128,0.936548881900483,0.937451898449817,0.938709363238555,0.939304382064665
"4","brick_sss",14.89,0.912380371280047,0.00357941514195225,0.907465719967997,0.911390256569829,0.911442752164895,0.914845928043171,0.916757199654342
"5","brick_sbtm",11.82,0.930429235519522,0.00115010355987338,0.929259736391804,0.929436098307032,0.930192514364406,0.931594215847169,0.9316636126872
"6","brick_mld",9.43,0.944481865931069,0.00214425128501791,0.941215184050002,0.943524456103915,0.945423978485554,0.945608005745442,0.946637705270432
"7","dfs",17.55,0.896691550470985,0.00244690277653072,0.894221375952252,0.895560213578847,0.896293422813135,0.896640688959606,0.900742051051084
"8","vel_mag",6.24,0.963287576936736,0.000675056370410476,0.962372066310702,0.962764045259432,0.963656574061036,0.9637917606784,0.963853438374109
"9","brick_xbtm",6.31,0.962887397573885,0.00115897894119815,0.961139329473626,0.962345291426518,0.963328319306019,0.963568068733807,0.964055978929457
