"","var","importance","mean","sd","min","q25","med","q75","max"
"1","log_depth",0.82,0.995658920640699,0.000123411622976732,0.99551369139143,0.995575468681535,0.99563653150075,0.995763882568844,0.995805029060935
"2","brick_sst",3.55,0.981218454311754,0.000596354671845764,0.980518033639428,0.980755286680167,0.981269424440017,0.981555806041873,0.981993720757286
"3","brick_tbtm",0.1,0.99944655588145,2.63186260105567e-05,0.999419643787749,0.999429776449945,0.999433694893513,0.999474400971449,0.999475263304593
"4","brick_sss",76.5,0.594816146006529,0.00682284432974556,0.587545257539908,0.590288796845758,0.593571223446139,0.597716244121262,0.604959208079579
"5","brick_sbtm",6.84,0.963790077006965,0.0022405996005415,0.960918910491813,0.961990461026845,0.964409246876188,0.965753522741798,0.96587824389818
"6","brick_mld",0.38,0.998011814888959,0.000123804627550425,0.997830665790245,0.997937866591142,0.998078833906617,0.998085254206202,0.998126453950591
"7","dfs",10.7,0.943327767143884,0.00196669328978092,0.940896717789793,0.941852867813115,0.94368837120319,0.944403506374585,0.945797372538738
"8","vel_mag",0.94,0.995004387100991,0.000429222777242595,0.994551466805254,0.994577852352378,0.995149553713307,0.995199489188582,0.995543573445436
"9","brick_xbtm",0.18,0.999064138256056,7.22115725958356e-05,0.998984570926045,0.999045675031521,0.999052914356311,0.999055157502629,0.999182373463774
