"","var","importance","mean","sd","min","q25","med","q75","max"
"1","log_depth",14.07,0.82262804580807,0.00466832426988231,0.817884644304846,0.818139374935887,0.823573186144849,0.824615697552811,0.828927326101956
"2","brick_tbtm",4.2,0.947102256239408,0.00280922856665078,0.943525088898683,0.946275713139685,0.94680882600568,0.947583998475019,0.951317654677974
"3","brick_mld",18.66,0.76477893754163,0.00682560923533669,0.758936831493455,0.759419777265013,0.761416116837405,0.770308827352498,0.773813134759776
"4","brick_sss",30.07,0.620949152389892,0.0132713677405391,0.601186650936963,0.614155876541935,0.62518809159297,0.63146627997399,0.632748862903605
"5","brick_sbtm",10.9,0.862557752370312,0.00182055272584177,0.860047568679473,0.861384748986254,0.862959125078717,0.864067440289703,0.864329878817411
"6","gseal",15.9,0.799518286855816,0.00424056420314293,0.793663860889342,0.796939768782003,0.800696453939293,0.801860664017757,0.804430686650686
"7","hseal",6.2,0.921885210410857,0.00188808400890245,0.919922071750704,0.920705628909916,0.921044089603507,0.92344635233314,0.924307909457019
