"","var","importance","mean","sd","min","q25","med","q75","max"
"1","log_depth",7.31,0.921432326123166,0.00303965749136034,0.917733360095205,0.918505522427615,0.923501499289643,0.923557690713171,0.923863558090198
"2","brick_tbtm",4.49,0.951696552848619,0.00177242955274185,0.94928057704002,0.95058680912853,0.952145260690386,0.952704862191838,0.953765255192319
"3","brick_mld",42.89,0.538792411368387,0.0201711260310369,0.515038496199937,0.526240885256077,0.533654634330628,0.556309251996685,0.562718789058607
"4","brick_sss",19.11,0.79448890095417,0.011630997829145,0.77621271799275,0.791446497919454,0.797164307521627,0.800903301971922,0.8067176793651
"5","brick_sbtm",4.06,0.956331936898798,0.00145281948280219,0.954847480443255,0.954920225115513,0.956354379960636,0.957527402735539,0.958010196239047
"6","gseal",11.55,0.875824287566118,0.0043355199406775,0.868850701190092,0.875345241923294,0.876196341420851,0.878615970171997,0.880113183124354
"7","hseal",10.59,0.88617460894317,0.00705334884278532,0.879359024114911,0.880946188802086,0.883704112140625,0.890807778030208,0.896055941628022
