"","var","importance","mean","sd","min","q25","med","q75","max"
"1","log_depth",12.89,0.840610769936768,0.00572889466085412,0.833688004080136,0.837847288830768,0.838993181025017,0.844116240275395,0.848409135472524
"2","brick_tbtm",12.1,0.850371505364345,0.00421620381508426,0.846266494090996,0.847281987481109,0.848757773606858,0.85348870152122,0.856062570121542
"3","brick_mld",3.51,0.956550466413465,0.00177352361192545,0.955004309489139,0.955106490863373,0.955730246003494,0.958160921536775,0.958750364174543
"4","brick_sss",2.19,0.972938536556153,0.00176477248013155,0.970147054551677,0.972509941756776,0.973290353247293,0.974023103083303,0.974722230141715
"5","brick_sbtm",1.04,0.987146865566821,0.000415877403969604,0.986674599263739,0.986921992321059,0.987002061823151,0.987421532317809,0.987714142108346
"6","gseal",44.78,0.446470910198892,0.0130996884642641,0.428416311776225,0.436929914618034,0.453605903988646,0.454558546819402,0.458843873792152
"7","hseal",23.48,0.709790235697621,0.0114289619655914,0.691082561473221,0.706839074174992,0.714881478251688,0.717510590027005,0.7186374745612
