"","var","importance","mean","sd","min","q25","med","q75","max"
"1","log_depth",8.94,0.906801504729124,0.00259962494223782,0.902952593763972,0.906035307408606,0.907137089656588,0.907854701159535,0.910027831656919
"2","brick_tbtm",9.33,0.902766064010881,0.00315512504156477,0.898881474112863,0.900218735713544,0.903618686223918,0.904568519134835,0.906542904869245
"3","brick_mld",24.8,0.741516855369333,0.00953178558418712,0.72531391753739,0.742201761542233,0.7430818085389,0.747935641644341,0.749051147583802
"4","brick_sss",17.19,0.820868058547789,0.0044719249999863,0.816729197438466,0.818016982227865,0.818135292356932,0.825720708012417,0.825738112703265
"5","brick_sbtm",10.69,0.888547757642134,0.00302808865386892,0.884890433857059,0.886109209696976,0.889450447206339,0.889908361006972,0.892380336443322
"6","gseal",13.85,0.855629219629104,0.00237276582667688,0.852399981218809,0.854583208668768,0.855814510542407,0.856534080833302,0.858814316882235
"7","hseal",15.19,0.841693781109832,0.00484173113895041,0.833239844131066,0.842792205467461,0.84328836735224,0.84358504929261,0.845563439305783
