"","var","importance","mean","sd","min","q25","med","q75","max"
"1","log_depth",3.58,0.946417486661076,0.00258968701616673,0.943814572128005,0.945236437843876,0.945240433455173,0.947322466756793,0.950473523121533
"2","brick_tbtm",3.92,0.941401264085602,0.000862261133561467,0.940452588077276,0.940503582681192,0.941764950068952,0.942007074527815,0.942278125072774
"3","brick_mld",9.41,0.859285482761527,0.00232219902126565,0.856103313926726,0.857580822001852,0.86043647162812,0.86081037394621,0.861496432304726
"4","brick_sss",1.26,0.981223601999795,0.000974681081889599,0.980486200626117,0.980513312067586,0.980817556301949,0.981491419394525,0.982809521608797
"5","brick_sbtm",0.08,0.998771771322847,2.52868047386743e-05,0.998739258907452,0.998761681245677,0.998763003271328,0.998796343482973,0.998798569706804
"6","gseal",47.34,0.292410632764346,0.0210108155924586,0.263285424350353,0.28347368005128,0.290855081537822,0.307196079103033,0.317242898779243
"7","hseal",34.4,0.485840009883152,0.0240706387652517,0.444877869706289,0.488458099070771,0.491585383580793,0.496287635792542,0.507991061265367
