"","var","importance","mean","sd","min","q25","med","q75","max"
"1","log_depth",2.35,0.982445308588183,0.000999550108977026,0.981489940988878,0.981839315157648,0.982117973166536,0.98274711857671,0.984032195051145
"2","brick_tbtm",0.65,0.99517438368909,0.000449509124882702,0.994601076711789,0.994934398129176,0.995082141514585,0.995585589774528,0.995668712315374
"3","brick_mld",36.91,0.724765728269442,0.00895616540094433,0.713434531720415,0.719961821469931,0.723735600985319,0.730108411068922,0.736588276102624
"4","brick_sss",33.9,0.747192789217935,0.00817695000737113,0.739691932514346,0.740816368246314,0.747045261782896,0.748198565995526,0.760211817550596
"5","brick_sbtm",3.55,0.973548711029584,0.000606181763009126,0.97278063598025,0.973205689741438,0.973442555828955,0.974086263408558,0.974228410188718
"6","gseal",4.55,0.966087580070963,0.00181506531390431,0.963980200485846,0.965363797610795,0.965718839991071,0.966471537186676,0.968903525080425
"7","hseal",18.09,0.865079879703369,0.00167834812256035,0.863027458047769,0.864067042750288,0.864770548760184,0.866421108458208,0.867113240500396
