"","var","importance","mean","sd","min","q25","med","q75","max"
"1","log_depth",5.73,0.964852252979942,0.00118648850538521,0.963542571564242,0.96403887424297,0.964869746688141,0.965184911748568,0.966625160655792
"2","brick_tbtm",17.76,0.891015695052412,0.00475284438958468,0.883727678272514,0.891351220723351,0.891437282352433,0.891485948844571,0.897076345069193
"3","brick_mld",26.79,0.835621121791244,0.0143314285901489,0.815588468008638,0.829084440177301,0.835180377544326,0.846620418112738,0.851631905113215
"4","brick_sss",29.23,0.820682173915032,0.00488013381345983,0.814632757331387,0.817746892200016,0.820540049145788,0.823198409919911,0.827292760978057
"5","brick_sbtm",12.11,0.925716574135915,0.002679507447035,0.922272841610084,0.923973541009647,0.926271267037991,0.926852388233187,0.929212832788669
"6","gseal",8.11,0.950215061269955,0.00190057174778906,0.947350180632003,0.949499278680873,0.950906079521681,0.950926304919459,0.952393462595756
"7","hseal",0.27,0.998323163887533,5.98860434324216e-05,0.998250170577393,0.998289459202226,0.998313118526061,0.998359559343891,0.998403511788094
