"","var","importance","mean","sd","min","q25","med","q75","max"
"1","log_depth",28.03,0.779721453111584,0.00309686027693548,0.77658044560649,0.777844047862974,0.778139429498799,0.782436044767331,0.783607297822328
"2","brick_tbtm",24.84,0.804780364688529,0.00878027787986675,0.792717863053165,0.799533913481083,0.805686733574326,0.812977307823355,0.812986005510716
"3","brick_mld",4.86,0.961793808199299,0.00097779873852467,0.960755224101635,0.960996835035833,0.961638311317616,0.962561069240582,0.963017601300829
"4","brick_sss",14.34,0.887275099808946,0.00211004228783873,0.884583867162019,0.885898936784776,0.887903287158592,0.887907537995346,0.890081869943998
"5","brick_sbtm",1.29,0.989824599232729,0.000641266288736889,0.989251046581496,0.989476009097198,0.989498313885372,0.990055962466125,0.990841664133455
"6","gseal",24.49,0.807528937502696,0.011185474775442,0.792004439658022,0.799394298795796,0.814129618462121,0.814606862286931,0.81750946831061
"7","hseal",2.15,0.983090720856455,0.000400292038904052,0.982500785275106,0.982888903742063,0.983267869681708,0.983271669986555,0.983524375596847
