"","var","importance","mean","sd","min","q25","med","q75","max"
"1","log_depth",5.28,0.982224794468916,0.001128839846067,0.980594665688117,0.98190099116638,0.982159642414561,0.982852005526839,0.983616667548684
"2","brick_tbtm",9.57,0.967797661582675,0.0013154674753162,0.966109879372921,0.967110519149109,0.967831905808244,0.968312074918,0.969623928665099
"3","brick_mld",18.62,0.93735207175571,0.00147594554981659,0.935220812079329,0.936804925353374,0.93762157222331,0.937886457233806,0.939226591888731
"4","brick_sss",21.66,0.927127057835203,0.00417746176891978,0.920375947073636,0.925839348965912,0.929165936211776,0.929672944706714,0.930581112217977
"5","brick_sbtm",21.32,0.928260947481483,0.00260414812712475,0.924645061854443,0.927344640930215,0.927728748344891,0.930564191515114,0.931022094762751
"6","gseal",7.97,0.973189745286924,0.00115132021641033,0.971908214830024,0.972011517904421,0.973599087346436,0.974183731957132,0.974246174396605
"7","hseal",15.59,0.947553538975991,0.00135835122671078,0.945931331154557,0.946297022783748,0.948028246790058,0.948589585317549,0.948921508834046
