"","var","importance","mean","sd","min","q25","med","q75","max"
"1","log_depth",5.64,0.923616819198976,0.00132246528199776,0.922009588650772,0.922698434754087,0.923591803017984,0.924494924412129,0.925289345159906
"2","brick_tbtm",7.11,0.903843611760501,0.00121956114027891,0.902418080138573,0.902776662673403,0.904232657568437,0.90443968630937,0.905350972112724
"3","brick_mld",13.65,0.815229940204225,0.00527001041157354,0.809069936486512,0.809870046050084,0.818863209350862,0.818930533749926,0.819415975383741
"4","brick_sss",22.29,0.69835061345931,0.00612756612592745,0.687850639185951,0.698157331629585,0.701021849992104,0.701818693554559,0.702904552934354
"5","brick_sbtm",12.95,0.824742022619319,0.00302580627279374,0.820512562989901,0.823255877785318,0.825027925020059,0.826534245136593,0.828379502164723
"6","gseal",21.23,0.712662246446664,0.00335106594468396,0.709236960955282,0.709930523689534,0.712490600901775,0.714143081387375,0.717510065299352
"7","hseal",17.11,0.768421405890598,0.00355683774788706,0.763007522224787,0.76733428668906,0.768773070831709,0.770760694728355,0.772231454979078
