"","var","importance","mean","sd","min","q25","med","q75","max"
"1","log_depth",4.3,0.963853972246007,0.00047067920311378,0.963522889254894,0.963652470692644,0.963697689649133,0.963711454275629,0.964685357357732
"2","brick_tbtm",32.44,0.727030834640684,0.00137422627781388,0.725301234533921,0.726303549549729,0.726905434948353,0.727737294005669,0.728906660165749
"3","brick_mld",0,1,0,1,1,1,1,1
"4","brick_sss",3.86,0.967523509588286,0.000863949357115762,0.966242234789134,0.967009699377896,0.968089826608066,0.968091430855247,0.968184356311089
"5","brick_sbtm",0.52,0.995655412561587,0.000128290337604393,0.995501668874745,0.995561321111039,0.995690337154893,0.995693099587063,0.995830636080196
"6","gseal",51.96,0.562717135715012,0.0142183661395271,0.548313738376737,0.556900194298965,0.55714100134698,0.565527488624944,0.585703255927435
"7","hseal",6.93,0.941688574791561,0.00129795234943716,0.940537037690993,0.940683658371815,0.941358896928242,0.942155845929683,0.94370743503707
