"","var","importance","mean","sd","min","q25","med","q75","max"
"1","sbtm",50,0.448566583528214,0.0612506988192342,0.374636587361287,0.42245368599737,0.426246661839577,0.488836792381449,0.530659190061384
"2","tbtm",33.91,0.626010105930531,0.021825556093616,0.604230471303952,0.608255907334211,0.624945990344788,0.634254486247886,0.658363674421819
"3","mld",11.9,0.868736658024789,0.0155236451078452,0.848877323584704,0.858317098692255,0.872099670514393,0.875582803788051,0.888806393544543
"4","gseal",1.68,0.98145913087725,0.000964908551776507,0.980560415493967,0.980836261169852,0.981099902723026,0.981837948707643,0.982961126291761
"5","hseal",1.23,0.986468436119036,0.00194515703069403,0.983862393124729,0.985187403277141,0.986720357660382,0.988160712768967,0.988411313763961
"6","sss",0.76,0.991669600730323,0.00138408282905899,0.989764863491302,0.991090345348225,0.99189453290181,0.992058553874727,0.993539708035551
"7","log_depth",0.53,0.994145523490559,0.000546723635594015,0.993546470346024,0.99367807128367,0.994104967177948,0.99465539014571,0.994742718499445
