"","var","importance","mean","sd","min","q25","med","q75","max"
"1","log_depth",31.75,0.755750181456244,0.0243108875332755,0.731657609468237,0.734516480085847,0.754135323070867,0.768534021462849,0.789907473193419
"2","brick_tbtm",0.16,0.998739587700517,0.000149681419009773,0.998506927228952,0.998716603582455,0.998777554640557,0.998778334885391,0.998918518165233
"3","brick_mld",0,1,0,1,1,1,1,1
"4","brick_sss",0.67,0.994857407457206,0.000509697402336696,0.994239997791245,0.994379357349785,0.995082741174474,0.995285252242263,0.995299688728265
"5","brick_sbtm",34.74,0.732775600955484,0.0177654783105419,0.717119748676156,0.718350110129874,0.724499571694007,0.75035558227339,0.753552992003994
"6","gseal",29.61,0.77219330819204,0.0168483929800203,0.751372289742734,0.763552446925623,0.767582796992194,0.785653656444654,0.792805350854994
"7","hseal",3.07,0.976368631598688,0.00279635360423041,0.973867735045308,0.974814892971884,0.975367413302164,0.976795782127857,0.980997334546229
