"","var","importance","mean","sd","min","q25","med","q75","max"
"1","log_depth",11.75,0.917083678094906,0.00450236480193077,0.91213043999032,0.914241838567854,0.915596266231316,0.920464003345883,0.922985842339154
"2","brick_tbtm",4.75,0.966453866031769,0.00095830029987849,0.964900357023514,0.966431312918055,0.966447044191726,0.967187638171351,0.9673029778542
"3","brick_mld",5.58,0.960609504061909,0.00224804611676689,0.958052766260815,0.958727148941664,0.961260426321918,0.961377565831111,0.963629612954036
"4","brick_sss",16.53,0.883342178154446,0.00891140610338293,0.872778363494117,0.87615719705043,0.883684959873876,0.89085515586178,0.893235214492027
"5","brick_sbtm",18.02,0.872831032935611,0.00438289510062659,0.868285616796222,0.868959426358088,0.872262470480349,0.876826181687068,0.87782146935633
"6","gseal",33.11,0.766286483776288,0.0125742012985304,0.745809958875788,0.764507068728582,0.769679991456554,0.772510193607555,0.77892520621296
"7","hseal",10.26,0.927551176567851,0.00456135417914874,0.92312626563827,0.924280010334502,0.925735756301685,0.930821428713079,0.933792421851722
