"","var","importance","mean","sd","min","q25","med","q75","max"
"1","log_depth",18.84,0.919961071537472,0.00696149207973026,0.91327040424728,0.914424681871167,0.917291476679451,0.926990473685604,0.927828321203857
"2","brick_tbtm",7.67,0.967399557989298,0.00240933394282334,0.964415682856492,0.967010515352415,0.967081991958027,0.967340329926261,0.971149269853296
"3","brick_mld",8.32,0.964661403635257,0.00147477642619139,0.962529603850522,0.964308460867697,0.964610956922312,0.965290803182701,0.966567193353053
"4","brick_sss",13.53,0.942506653113449,0.0028839102833855,0.937643561218636,0.942456918731118,0.94352538480564,0.943748074008554,0.945159326803297
"5","brick_sbtm",15.07,0.93598748393696,0.00615484756720678,0.926922494231988,0.932602149638157,0.938100639280974,0.941148512533579,0.941163624000101
"6","gseal",25.01,0.893765154903273,0.00859691148356273,0.884664846816718,0.885899014344093,0.895222718047331,0.89774146858095,0.90529772672727
"7","hseal",11.55,0.950925236566852,0.00305357792979093,0.946239014452512,0.94943127650526,0.952490923129831,0.953175042976209,0.953289925770445
