"","var","importance","mean","sd","min","q25","med","q75","max"
"1","log_depth",16.54,0.938485375867042,0.00807321750773619,0.933520065052897,0.935129485573698,0.935248497213706,0.935676078735214,0.952852752759694
"2","brick_tbtm",8.98,0.966617539918928,0.00233311242539036,0.963607567602408,0.96497203337287,0.966807691368206,0.968838013648782,0.968862393602372
"3","brick_mld",7.58,0.971818786247424,0.00117901576745212,0.970129678438791,0.971178011668916,0.9720823253619,0.972637137790599,0.973066777976916
"4","brick_sss",12.15,0.954803060622392,0.00699004001212429,0.946469724450714,0.951712058909777,0.953239177181385,0.957446770258381,0.965147572311704
"5","brick_sbtm",20.2,0.924879002564385,0.00417643275742084,0.919598430077438,0.922345085274319,0.924767729382135,0.927419924353675,0.93026384373436
"6","gseal",21.12,0.921480491990249,0.00499243358140361,0.913571161514585,0.920225966953045,0.922309020471488,0.92538270041537,0.925913610596755
"7","hseal",13.43,0.950054309890742,0.00527793194663496,0.942506005888811,0.94895198581398,0.948955508685731,0.953428824364219,0.956429224700967
