"","var","importance","mean","sd","min","q25","med","q75","max"
"1","log_depth",42.8,0.686001304026623,0.0285122899338899,0.660062918635995,0.67175275042843,0.674018151059956,0.691211408202785,0.732961291805949
"2","brick_tbtm",0.28,0.997967019692702,0.000341626380393509,0.997566021312082,0.997671222074497,0.998047841879686,0.998169426513893,0.99838058668335
"3","brick_mld",0,1,0,1,1,1,1,1
"4","brick_sss",2.73,0.979950352742875,0.00121322084638224,0.978373493287038,0.979207160354363,0.979951770154462,0.980826152946423,0.981393186972088
"5","brick_sbtm",34.65,0.745842553797811,0.010890206725075,0.729154409810475,0.744542165717225,0.746190430078093,0.750276318974546,0.759049444408719
"6","gseal",18.49,0.864360120736886,0.0106620921940898,0.849332276570118,0.857115593031856,0.86955827334174,0.871552558373131,0.874241902367586
"7","hseal",1.05,0.992301981883874,0.00063276486578779,0.991669632858185,0.991998388794344,0.9922031077689,0.992288196511883,0.993350583486061
