"","var","importance","mean","sd","min","q25","med","q75","max"
"1","log_depth",11.9,0.912421835644679,0.00224875347281537,0.908974833004804,0.911282714369082,0.913798936632636,0.913988776904283,0.914063917312591
"2","brick_sst",15.53,0.885670151175216,0.0045065523547689,0.879922596489977,0.883852333155096,0.884282366096779,0.888944285740695,0.891349174393535
"3","brick_tbtm",12.43,0.908519516108872,0.00240337321171984,0.906551918843687,0.907205455457949,0.907337472148862,0.908998216790375,0.912504517303491
"4","brick_sss",10.06,0.925980040746278,0.00175997170660874,0.923996561436066,0.924560626624599,0.925809457751833,0.927650353947944,0.927883203970949
"5","brick_sbtm",14.02,0.896835329645779,0.00287752373661808,0.894072191434643,0.89477339134859,0.895826882991561,0.898486767512429,0.901017414941673
"6","brick_mld",11.89,0.912462150842862,0.00268516361500397,0.907991308810294,0.911890100380502,0.913968780986909,0.914196858616178,0.914263705420427
"7","dfs",14.19,0.895589521372107,0.00336416715883414,0.890908735983447,0.894385065590247,0.895459382396662,0.897218682917634,0.899975739972543
"8","vel_mag",4.63,0.965901571142276,0.00086094936713524,0.964744214622475,0.965207127442017,0.966509656948154,0.966519689031718,0.966527167667017
"9","brick_xbtm",5.35,0.960602981610667,0.000759584888647445,0.95934186994599,0.960507609721059,0.96080614633025,0.961147779502527,0.961211502553508
