"","var","importance","mean","sd","min","q25","med","q75","max"
"1","log_depth",7.15,0.969525735047712,0.00119273757677134,0.968206011046629,0.968737465729796,0.969424255660489,0.96996855416062,0.971292388641029
"2","brick_sst",3.5,0.985079382798318,0.00058950275092002,0.984460878129693,0.984751402414819,0.984821371199297,0.985449296516309,0.985913965731471
"3","brick_tbtm",0.18,0.999233079418951,1.08140972962535e-05,0.999215402039399,0.999232346550605,0.999234880225361,0.999238779117575,0.999243989161815
"4","brick_sss",8.95,0.961863464590229,0.000789795168294536,0.960868399869668,0.961464990563229,0.961945067693686,0.962030084044795,0.963008780779765
"5","brick_sbtm",12,0.948858408502404,0.00224716467872468,0.94524155067159,0.948101558594893,0.950108098158876,0.950193431533794,0.950647403552866
"6","brick_mld",5.81,0.975245544410659,0.000924638608032712,0.974238360031755,0.974769602675697,0.974771358223001,0.976085461507336,0.976362939615506
"7","dfs",62.42,0.733887985919812,0.0119776466958712,0.715421401599061,0.734309122056034,0.735214641169475,0.735496643293901,0.748998121480591
"8","vel_mag",0.01,0.999976513893269,6.43257064474894e-07,0.999975707668379,0.999976064254241,0.999976540012161,0.999976976900441,0.999977280631123
"9","brick_xbtm",0,1,0,1,1,1,1,1
