"","var","importance","mean","sd","min","q25","med","q75","max"
"1","log_depth",11.91,0.904007492594196,0.00166980774103167,0.902340698242458,0.902583295491958,0.903690284392215,0.905243640886119,0.90617954395823
"2","brick_sst",8.57,0.93094167473083,0.00188030685788047,0.92809927711878,0.93059010254455,0.930710737120171,0.932551510766448,0.9327567461042
"3","brick_tbtm",11.39,0.908195136884071,0.00077679868376072,0.907302539055645,0.907560566958766,0.908178743232692,0.908860392356092,0.909073442817159
"4","brick_sss",8.63,0.930424796058103,0.00100278830951432,0.928728513686725,0.930477399439343,0.930628349942744,0.930966277772104,0.931323439449599
"5","brick_sbtm",13.77,0.888997072537649,0.00219898854218957,0.886714834228493,0.887491027221545,0.888750048092319,0.889661482036302,0.892367971109587
"6","brick_mld",16.07,0.870452586635154,0.00245914914834068,0.868062637669809,0.868316611574513,0.86983197021777,0.872647169245899,0.873404544467779
"7","dfs",13.22,0.89347573044734,0.00314809025448011,0.890035074703941,0.890581058782178,0.894150615180513,0.895091686994305,0.89752021657576
"8","vel_mag",8.28,0.933240271286587,0.00153582932982143,0.931199664616576,0.932985726352722,0.933003051757019,0.933520684736552,0.935492228970066
"9","brick_xbtm",8.16,0.934237852384393,0.00154804174129374,0.931655865905592,0.93444286358198,0.934554043323298,0.934696555653826,0.93583993345727
