"","var","importance","mean","sd","min","q25","med","q75","max"
"1","log_depth",18.28,0.745505843834974,0.00293220233285187,0.741907466885501,0.743312546290758,0.746252140477069,0.746734799058554,0.749322266462985
"2","brick_sst",19.98,0.721883927830272,0.00849979191022961,0.711136774839247,0.718116860815165,0.720058455407122,0.726702010714174,0.733405537375652
"3","brick_tbtm",46.34,0.354874475828013,0.0140156925402126,0.340412285435734,0.341775429602788,0.356480082877375,0.362125456432637,0.37357912479153
"4","brick_sss",0.01,0.999889476231781,2.29638256688394e-06,0.999886962315246,0.999888729660869,0.999888809109333,0.999889699600718,0.999893180472737
"5","brick_sbtm",1.44,0.979951016875743,0.000406683498253937,0.979327603513027,0.979818890591098,0.980008974699362,0.98023349419408,0.980366121381148
"6","brick_mld",4.07,0.943354362034714,0.0025467087148725,0.938879775054697,0.943729984224699,0.944537531239275,0.944558233128518,0.945066286526378
"7","dfs",4.47,0.937812722889731,0.00068268443882523,0.936708577024704,0.937647659733505,0.938013565692394,0.938288565552659,0.938405246445391
"8","vel_mag",5.41,0.924661968563834,0.00235725351646181,0.922070282593944,0.92316506317242,0.924428860532155,0.925430673786854,0.928214962733796
"9","brick_xbtm",0,1,0,1,1,1,1,1
