"","var","importance","mean","sd","min","q25","med","q75","max"
"1","log_depth",17.98,0.766489030014883,0.00395003190024689,0.760782840148636,0.764823302398432,0.766564249130922,0.769663461838548,0.770611296557877
"2","brick_sst",37.77,0.509488996620916,0.00777972120641822,0.496383575654788,0.509097987384932,0.512198805941816,0.513353804574907,0.516410809548138
"3","brick_tbtm",12.74,0.834517678448396,0.00543355233587022,0.827839996287257,0.832875126802289,0.83319849779195,0.835975455000895,0.84269931635959
"4","brick_sss",8.48,0.889882137119214,0.00690252233698896,0.877798275362237,0.891429621503497,0.89177271612815,0.893425410779833,0.894984661822352
"5","brick_sbtm",0.28,0.996359119812609,0.000165601539747257,0.996174985144598,0.996218971299549,0.996361042917477,0.996474547307101,0.996566052394319
"6","brick_mld",5.5,0.928542692577383,0.00328800821412206,0.924453658369116,0.926757737842093,0.928420184192821,0.929906357273919,0.933175525208965
"7","dfs",15.32,0.801079589004547,0.00475298916612597,0.793560447315608,0.800514731237737,0.801652893484576,0.803258053414593,0.806411819570223
"8","vel_mag",0.03,0.999556810664874,2.1163362421313e-05,0.999532549317319,0.999541962702523,0.999556614305601,0.999566217273505,0.999586709725425
"9","brick_xbtm",1.9,0.975312213796335,0.000534821845901274,0.974453940459447,0.975220248734468,0.975389048298786,0.975672344829016,0.975825486659956
