"","var","importance","mean","sd","min","q25","med","q75","max"
"1","log_depth",8.42,0.927301454367707,0.00365960716944886,0.922459035614406,0.926624394689761,0.92676317878318,0.927982402832582,0.932678259918607
"2","brick_tbtm",12.55,0.891621356388629,0.00702536566491118,0.886820217706439,0.887389917928279,0.889461200119724,0.890540817707212,0.903894628481489
"3","brick_mld",7.11,0.938611596709561,0.00491176078563326,0.930201739014851,0.938468172448101,0.940644484140003,0.941444654998158,0.94229893294669
"4","brick_sss",27.39,0.763528781046374,0.00891081532118514,0.748308403902033,0.764518924899764,0.764860162743927,0.769917010242443,0.770039403443703
"5","brick_sbtm",13.73,0.881511930189329,0.00637330410415821,0.875294389337735,0.878580559877762,0.878933824488906,0.882913534128109,0.891837343114136
"6","gseal",7.44,0.935768452607261,0.00436058686252235,0.929351092466703,0.93443335695693,0.935599494955489,0.938809665603652,0.940648653053528
"7","hseal",23.35,0.798390799086157,0.0060112221261735,0.790369574279269,0.795885449143044,0.797096598687737,0.803209851964997,0.80539252135574
