"","var","importance","mean","sd","min","q25","med","q75","max"
"1","log_depth",10.59,0.889920503556648,0.00463479238933324,0.884587424444099,0.886348479395986,0.890829982557067,0.891475780459339,0.89636085092675
"2","brick_tbtm",10.69,0.888878565920376,0.00251284902209943,0.885350096733489,0.88823406475701,0.888710882886852,0.889835753959785,0.892262031264746
"3","brick_mld",6.23,0.935206957104645,0.000732166520331088,0.934412079698232,0.934491727419605,0.935378319866676,0.935682158887483,0.93607049965123
"4","brick_sss",0.28,0.99704985321535,3.37103265507297e-05,0.997013112595249,0.997032083595155,0.997040190678543,0.997062867705474,0.997101011502329
"5","brick_sbtm",2.26,0.976458991122235,0.00061738298236344,0.975690820225525,0.976295758865269,0.976434101934327,0.976462769978373,0.977411504607679
"6","gseal",25.97,0.730078143884087,0.00611805527180473,0.724087244528606,0.724594086210538,0.728775228287206,0.736007714271799,0.736926446122284
"7","hseal",43.97,0.542951745748357,0.00932693609876321,0.528408228464153,0.542027051115644,0.544470608890021,0.545683845332164,0.554168994939803
