"","var","importance","mean","sd","min","q25","med","q75","max"
"1","brick_sst",77.68,0.308055297163654,0.0358243317699972,0.271775854753719,0.286269279906755,0.294771235339161,0.326111047004955,0.361349068813679
"2","dfs",13.18,0.88256856025502,0.00606161664962612,0.875346729774486,0.87759326964744,0.883545983148054,0.886422239628064,0.889934579077057
"3","vel_mag",3.87,0.965560347329186,0.00267580239194614,0.962138124397069,0.964003590146562,0.965569671524278,0.967006969114937,0.969083381463082
"4","brick_xbtm",5.27,0.953048987736522,0.00407665282620265,0.948428127593215,0.949190804142113,0.95483182733466,0.954873874132605,0.957920305480016
