"","var","importance","mean","sd","min","q25","med","q75","max"
"1","sst",41.32,0.541401248078408,0.0134568387377408,0.527343254802969,0.534314864444046,0.534614217473713,0.550874932244805,0.559858971426505
"2","dfs",40.13,0.554540142237842,0.0276443612805723,0.514380550183524,0.542732462547017,0.559603601071352,0.568531439289142,0.587452658098173
"3","xbtm",11.25,0.875127239515497,0.00497887075644804,0.86936130741963,0.870128960794131,0.877515465944082,0.879045351909344,0.879585111510299
"4","v",6.58,0.926994664235031,0.00453980723989304,0.921663694114613,0.924881539441987,0.924928713502208,0.931567720360522,0.931931653755826
"5","u",0.72,0.992024919853092,0.00116535981245162,0.990384070005163,0.991754064409605,0.991931279827369,0.99245880885319,0.993596376170134
