"","var","importance","mean","sd","min","q25","med","q75","max"
"1","log_depth",0,1,0,1,1,1,1,1
"2","brick_tbtm",68.01,0.321148523989107,0.0349921906016646,0.281278156963643,0.287905646108471,0.329400373126425,0.349611529146083,0.357546914600914
"3","brick_mld",31.99,0.680707767568423,0.0212878972669609,0.656201342277883,0.662865070287336,0.681453020162468,0.697783098645826,0.705236306468601
"4","brick_sss",0,1,0,1,1,1,1,1
"5","brick_sbtm",0,1,0,1,1,1,1,1
"6","gseal",0,1,0,1,1,1,1,1
"7","hseal",0,1,0,1,1,1,1,1
