"","var","importance","mean","sd","min","q25","med","q75","max"
"1","log_depth",9.02,0.957038341654589,0.0042767669587027,0.952313405889252,0.952590453837807,0.959063984916609,0.959772320425369,0.961451543203909
"2","brick_tbtm",12.85,0.93877662612733,0.00866508133769601,0.927203094950073,0.932825711664102,0.940306391008188,0.946174197966762,0.947373735047525
"3","brick_mld",36.77,0.824826545831281,0.0212282944734265,0.805685613149485,0.806805752183544,0.823376012102694,0.830644157115075,0.85762119460561
"4","brick_sss",4.26,0.979685280749912,0.00156208856580163,0.977467485559236,0.979491028703757,0.979513677022867,0.980129444921624,0.981824767542075
"5","brick_sbtm",9.39,0.955268969166068,0.0029105282701383,0.951733625572616,0.953955516349683,0.954654279479745,0.956524534201761,0.959476890226537
"6","gseal",17.22,0.917988282507605,0.0118708195800828,0.901911526647801,0.911399951469208,0.917825873835924,0.928619856529518,0.930184204055574
"7","hseal",10.49,0.950048831056419,0.0080556457232399,0.935762513200796,0.951941340369372,0.953568272286433,0.954231477357508,0.954740552067985
