"","var","importance","mean","sd","min","q25","med","q75","max"
"1","log_depth",2.75,0.961019015310704,0.00219585991053886,0.958450416780146,0.959868517844717,0.960166387611478,0.962997828801089,0.963611925516092
"2","brick_sst",11.94,0.830517507612711,0.0169972441510183,0.807410917140098,0.8230704830827,0.83401207043613,0.834353107367944,0.853740960036683
"3","brick_tbtm",9.51,0.864895936524608,0.00730753093885866,0.857942329226058,0.859234164818093,0.864553590821293,0.866418832525969,0.876330765231625
"4","brick_sss",12.74,0.819085897058128,0.0135493705090733,0.801546639054233,0.810727891164093,0.818983012820632,0.829016321779551,0.835155620472129
"5","brick_sbtm",8.05,0.885717379300362,0.00577557015417472,0.880783711397971,0.882046609149452,0.883150461732511,0.887654458000049,0.89495165622183
"6","brick_mld",36.91,0.475948717118771,0.0203826010277303,0.455514928684815,0.466386200359249,0.470581237568485,0.477839602720052,0.509421616261254
"7","dfs",17.03,0.758148709531626,0.0234400078641819,0.733220544104759,0.744640045027178,0.752446418782396,0.766304404135987,0.794132135607811
"8","vel_mag",0.71,0.989923144864859,0.000692791048401401,0.989042328192342,0.989467873984529,0.990031883915456,0.990243807334818,0.990829830897152
"9","brick_xbtm",0.37,0.994785699880833,0.000529619420122385,0.994223551968361,0.994413362785366,0.994706513031185,0.995021145078451,0.995563926540802
