"","var","importance","mean","sd","min","q25","med","q75","max"
"1","log_depth",10.01,0.836430957964679,0.00178162929945407,0.83447463771839,0.835502487956726,0.836299448613809,0.836627383707511,0.839250831826959
"2","brick_sst",14.2,0.768041421657991,0.00702035409191522,0.755683538774749,0.769630090156479,0.770214052979683,0.772001037600364,0.772678388778682
"3","brick_tbtm",10.53,0.828018786675982,0.00673278159780503,0.820938351333472,0.821050276485851,0.830064610884067,0.832230677562976,0.835810017113546
"4","brick_sss",7.78,0.872948906016999,0.00299803587280691,0.87098316966945,0.871036202382928,0.871085124641709,0.873762094475359,0.87787793891555
"5","brick_sbtm",13,0.787617543769152,0.00263671693425739,0.785509578493871,0.785559846016276,0.786036878765813,0.790242895006711,0.790738520563088
"6","brick_mld",16.97,0.72287421152115,0.0110170141211928,0.708382427306433,0.720456908810384,0.721122716783455,0.725404985802106,0.739004018903371
"7","dfs",11.05,0.819598320569966,0.00549955825154045,0.813151382370205,0.814515785216938,0.822120919933019,0.822276930659236,0.825926584670429
"8","vel_mag",8.57,0.859979231444606,0.00414288909568716,0.854300368437441,0.858185278614443,0.859423277334338,0.863424973288996,0.864562259547809
"9","brick_xbtm",7.89,0.8711879906819,0.00119263659311576,0.869968376842805,0.870236327919347,0.870876354440169,0.872187721017133,0.872671173190046
