"","var","importance","mean","sd","min","q25","med","q75","max"
"1","log_depth",0.57,0.983133522412914,0.000819182500464015,0.982312039136667,0.982428547343628,0.982943850546369,0.983947494518195,0.984035680519713
"2","brick_sst",12.05,0.641970722911847,0.0193811027794968,0.618530884498946,0.624389978817955,0.649932803935664,0.654366391810659,0.662633555496008
"3","brick_tbtm",0.23,0.993072920406488,0.000734784013971332,0.991859082996151,0.993125924385944,0.993161815597909,0.993384177089413,0.993833601963025
"4","brick_sss",0.04,0.998674651925673,0.000113232501722121,0.998510862182987,0.998655427174529,0.998669658913497,0.998712125219666,0.998825186137685
"5","brick_sbtm",6.74,0.799799770573683,0.0111737356392,0.786809663025798,0.791339607851548,0.799888442300963,0.806548304828387,0.814412834861715
"6","brick_mld",18.44,0.452342316206061,0.024262201683769,0.430574702656734,0.43066148622498,0.452572038049558,0.458512301906342,0.489391052192692
"7","dfs",7.76,0.769361724374827,0.0174069854850917,0.744248437585906,0.766615123222008,0.769487109350254,0.773503377298223,0.792954574417744
"8","vel_mag",23.18,0.311461104742117,0.00805924104911006,0.302892088603434,0.307365417643949,0.309925432310949,0.312798517620116,0.324324067532138
"9","brick_xbtm",30.99,0.0795040865607389,0.0120517509707219,0.0608215564075968,0.0751295376081559,0.0847237768361486,0.0847845253728338,0.0920610365789596
