"","var","importance","mean","sd","min","q25","med","q75","max"
"1","log_depth",8.5,0.825935334117339,0.00883316029930895,0.81214101468127,0.82192455328527,0.831759670816729,0.831789653281954,0.83206177852147
"2","brick_sst",15.69,0.67891764750625,0.00734307051803177,0.668797219963847,0.676802273151963,0.678287458167351,0.681771476154525,0.688929810093562
"3","brick_tbtm",14.14,0.710662892903226,0.00735200658826105,0.704903523548907,0.705076145238396,0.706010990442843,0.717608952375723,0.719714852910263
"4","brick_sss",8.17,0.832747093815802,0.00332663588511948,0.828170017268057,0.831127152622089,0.832634108923653,0.835281066208262,0.836523124056948
"5","brick_sbtm",4.97,0.898280237364604,0.00129132868652458,0.896495369801796,0.897425457124768,0.898663334794379,0.899233949957634,0.899583075144445
"6","brick_mld",25.72,0.473582845272061,0.0140525771822868,0.457421009864754,0.46238306726987,0.474656023366289,0.481408833715906,0.492045292143485
"7","dfs",21.59,0.558153949526792,0.00823152205581787,0.543918870932542,0.559574929639504,0.559707613013496,0.563253786976463,0.564314547071955
"8","vel_mag",1.18,0.975802345476398,0.000915957988613479,0.974465333930289,0.975602779928383,0.97565467976671,0.976434291008705,0.976854642747902
"9","brick_xbtm",0.04,0.999126310837295,2.5021744425643e-05,0.999089062118165,0.999113314805618,0.999137107403806,0.99914087056164,0.999151199297248
