"","var","importance","mean","sd","min","q25","med","q75","max"
"1","log_depth",3.2,0.950738530228707,0.00445671116048951,0.944823589117288,0.949066621398233,0.951189190139049,0.951478057449185,0.957135193039778
"2","brick_tbtm",1.16,0.982205015595833,0.00117127907107991,0.980835705395198,0.981171452362968,0.982497988327501,0.982918907476531,0.983601024416965
"3","brick_mld",15.36,0.76334402569187,0.0158155686402394,0.748647554503331,0.755270452463949,0.755493538468801,0.76893520289667,0.788373380126599
"4","brick_sss",2.33,0.964062929197479,0.0044866275819804,0.956312148425969,0.964627115448076,0.96566290679328,0.965865953129421,0.967846522190648
"5","brick_sbtm",3.26,0.949842519938584,0.00196836224138316,0.947059605788907,0.94962120455985,0.949840936084478,0.950083137352773,0.952607715906914
"6","gseal",7.12,0.890317109914273,0.00763595355103209,0.882114505413567,0.884434126000139,0.888892429378754,0.895947980973509,0.900196507805394
"7","hseal",67.58,-0.0409949501586597,0.0300666986829345,-0.0853841425064117,-0.0534277579931665,-0.0378204258514447,-0.0187508919243035,-0.00959153251797197
