"","var","importance","mean","sd","min","q25","med","q75","max"
"1","log_depth",5.61,0.976484219187298,0.000791638412684772,0.975646874709582,0.975958337555611,0.976189618098383,0.97712862949446,0.977497636078453
"2","brick_tbtm",18.89,0.920822441498768,0.00686633115482538,0.915842327611093,0.916196710828906,0.918801922452817,0.920689261681366,0.932581984919657
"3","brick_mld",13.52,0.943328272523565,0.00102611306599905,0.941605134470168,0.943379341175635,0.943554162335945,0.943783896965622,0.944318827670455
"4","brick_sss",6.21,0.973956577199726,0.00179150692488018,0.972204803396729,0.972615923148003,0.973201832276883,0.975849224813919,0.975911102363094
"5","brick_sbtm",20.22,0.915270190985486,0.00635434409170577,0.908266394747358,0.910654805762847,0.913597853417589,0.921800060770073,0.922031840229565
"6","gseal",13.68,0.942678997466786,0.00353185783371633,0.937530491416288,0.941553728250151,0.942850879940609,0.944411489796532,0.947048397930348
"7","hseal",21.87,0.908348730337361,0.00320528538690882,0.902969565228673,0.908222412369526,0.909239527791526,0.910063256840711,0.911248889456369
